@type,@id,@lat,@lon,ref:FR:prix-carburants,brand,operator,name
node,144574,47.3098325,4.5013158,21320007,Eni,,Eni
node,10350952,46.9650397,4.8361985,21200009,TotalEnergies,TotalEnergies,Relais Beaune Tailly (PL)
node,10533131,48.8605913,6.0917108,54700011,Dyneff,,Dyneff
node,24933100,49.8649365,3.2920810,2100012,Carrefour,,Carrefour Saint-Quentin
node,24933102,49.8518292,3.2648799,2100013,Intermarché,Groupement des Mousquetaires,Intermarché
node,24933123,44.3868833,6.6286316,4400004,,,Relais des Terres Neuves
node,24933166,49.6993383,4.9269062,8200010,Total,Total,Relais Total Sedan Marne
node,24933204,44.1068608,3.0824739,12100005,Auchan,,Auchan
node,24933212,43.1924697,5.6660431,13600022,Esso,,Esso
node,24933409,48.8536739,-0.8801584,14500001,Total,Total,Station Total Vire
node,24933431,45.6989319,-0.3440647,16100006,Intermarché,Groupement des Mousquetaires,Intermarché
node,24933461,46.1568285,-1.1200050,17000012,Total,,Total
node,24933499,47.0952848,2.2431020,18500006,Eni,Eni,Eni
node,24933547,41.9980754,9.4031533,20243001,Total,Total,Total
node,24933599,48.4771005,-2.5914318,22400007,TotalEnergies,Total,Total Access
node,24933643,46.1830000,1.8460000,23000004,Avia,Avia,Station Avia
node,24933696,44.8765140,1.2136800,24200008,Intermarché,Casino,Intermarché
node,25178042,49.0879273,1.4938846,27200004,Avia,,Avia
node,25178086,47.4922345,3.9223916,89200008,Avia,Avia,Avia Xpress Vauban
node,25178159,48.6510011,2.3689918,91170006,Total,Total,Relais Total De La Grande Borne
node,25178201,47.2583594,-1.5798059,44300020,Avia,Avia,Avia
node,25178206,43.6723620,4.4218998,30800001,Intermarché,Groupement des Mousquetaires,Intermarché
node,25178277,43.4088589,6.0449128,83170002,Avia,Avia,Avia
node,25178314,46.7013891,0.3714329,86130008,Eni,Avia,Eni
node,25178337,49.6784837,1.3383569,76680005,TotalEnergies,TotalEnergies,TotalEnergies
node,25178354,48.8649703,2.6763849,77400012,Esso,Esso,Esso
node,25178366,48.0230934,0.1829726,72000019,Total Access,Total,Total Access
node,25178373,47.2805352,5.0081280,21160004,Total Access,Total,Relais Total De La Côte
node,25178381,43.1497514,6.0341477,83130008,Eni,,Eni
node,25178388,45.1283588,1.3176479,24120007,TotalEnergies,Total,Relais Total Du Moulin-rouge
node,25178441,43.5823319,5.4726972,13770002,Intermarché,Groupement des Mousquetaires,Intermarché
node,25178485,48.9306706,1.9750829,78630011,TotalEnergies,,TotalEnergies Access
node,25178489,47.3113180,-2.2009290,44570007,Avia,,Avia
node,25178495,49.2839697,-0.7255483,14400010,TotalEnergies,,TotalEnergies
node,25178522,50.5726724,2.3772480,62120014,Shell,Shell,Shell
node,25178536,44.0035360,4.7043962,30126005,Esso,Esso,Station Esso
node,25178587,45.4889875,-0.5657864,17240001,Total,,
node,25178645,48.2543657,7.2068370,68160004,TotalEnergies,Total,Relais Total de Sainte-Marie
node,25178719,45.7069700,4.9869800,69800017,Total Access,Total,Relais Total de Saint-Hubert
node,25178775,43.5088618,2.3611120,81200001,TotalEnergies,,TotalEnergies
node,25178828,48.3626764,7.5738340,67230006,Total,Total,Total
node,25178948,45.0012808,0.0366653,33660004,Dyneff,,Station Dyneff
node,25179025,47.1678709,0.6311422,37800006,Total,Total,Relais Total Sainte-Maure-de-Touraine
node,25179090,43.4029583,1.7124435,31290005,Esso Express,Esso,Esso Express Lauragais
node,25179117,47.2589240,-2.2650040,44600011,Auchan,,Auchan
node,25179146,48.6692011,2.2799130,91160006,BP,,BP
node,25179212,43.8314114,1.3899329,31620005,Intermarché,Groupement des Mousquetaires,Intermarché
node,25179220,43.2996115,5.4781685,13011003,Shell,Shell,Shell
node,25179237,45.9100697,6.1180988,74000020,Eni,,Eni
node,25179240,49.1237501,2.2482162,95290001,Carrefour,Carrefour,C. C. Carrefour
node,25179246,47.8550640,5.3324673,52200012,Avia,Avia,Station Avia
node,25179255,50.3871900,2.3498000,62130001,Total,Total,
node,25179261,43.5479820,3.7955488,34690009,TotalEnergies,,TotalEnergies
node,25179271,49.5769300,2.9927600,,,Shell,
node,25179302,44.1365339,4.8008990,84100005,Intermarché,Groupement des Mousquetaires,Intermarché
node,25179317,43.4114232,5.3132432,13170007,Avia,,AVIA Xpress
node,25179324,43.2032114,2.7817804,11200002,Dyneff,Dyneff,Station Dyneff
node,25179328,45.0061896,0.1427776,24700001,Intermarché,Groupement des Mousquetaires,Intermarché
node,25179361,48.4606914,-2.0151699,22100011,Esso,Esso,Esso
node,25179369,49.8809429,2.3303878,80000018,Esso,Esso,Esso
node,25179401,49.0874455,4.8800718,51800004,Avia,,Avia
node,25179467,48.9133727,2.3572834,93210003,TotalEnergies,Total,TotalEnergies
node,25209072,48.6528818,-1.3500225,50300001,Carrefour,Carrefour,Carrefour
node,25209078,45.1731603,-0.3332113,17210006,Avia,,Avia
node,25209086,48.7261720,2.2792339,91300007,Carrefour,Cora,Carrefour
node,25209115,48.2666953,5.8639163,88170006,Total,,Total
node,25209123,47.8100000,-2.3930000,56140001,Casino,Casino,Casino
node,25209126,43.3368757,1.2458453,31410003,Shell,Shell,Station Shell
node,25209130,47.9794297,-4.0899324,29000012,Total Access,,Relais Quimper Sud
node,25209138,44.7606186,4.8380730,26270004,Intermarché,Groupement des Mousquetaires,Intermarché
node,25209148,48.8237648,2.1281280,78150011,Carrefour,Esso,Carrefour
node,25209151,47.3713900,-0.0979000,49160001,Station U,Super U,Super U
node,25209158,44.7207570,1.3683985,46300006,Total,,Ets Garrigue
node,25209161,48.7805779,2.1731752,78350002,TotalEnergies,TotalEnergies,TotalEnergies Access - Relais de Clair Bois
node,25209169,47.9332135,0.1872413,72230006,Esso,Esso,Esso
node,25209171,43.0810000,0.1394446,65200006,TotalEnergies,Total,Total
node,25209179,44.1212123,4.0867544,30100014,Total Access,Total,Relais Total de la Chadenede
node,25209190,48.0032526,6.6141752,88200001,Carrefour,Carrefour,
node,25209201,45.4421192,4.4095129,42100018,TotalEnergies,,Total Access
node,25209204,47.0084079,3.1524708,58640004,Total Access,Total,Relais Total De Varennes
node,25209206,43.2558745,2.3645965,11620001,Dyneff,,Dyneff
node,25209212,49.2207984,2.5931515,60300010,Total,SEMAC,Total
node,25209214,50.4170600,2.7684400,62800004,Total Access,Total,Relais Total de Rollencourt
node,25209230,47.7803245,2.3747462,45600002,Super U,Super U,Super U
node,25209254,48.4977367,-2.7465696,22000013,TotalEnergies,,Total - La Croix St Lambert
node,25209265,46.2497000,5.6413000,1100007,Total,Total,Total
node,25209273,43.8504721,4.4007006,30000021,TotalEnergies,,Relais pont de justice
node,25209276,46.3397395,-0.3847755,79025001,Casino,Casino,Géant Niort Est
node,25209279,47.6968823,-0.8713722,49500001,Super U,Super U,Super U
node,25209288,43.2621631,6.5780370,83580004,Auchan,Auchan,Auchan
node,25209297,43.3922174,5.2569859,13180001,Eni,Eni,Eni
node,25209302,45.3903590,4.3130379,42500012,E.Leclerc,E. Leclerc,Station E. Leclerc
node,25209305,51.0244400,2.3611500,59640002,Total,Total,Relais Total du Pont Loby
node,25209311,50.7399798,3.1391232,59223001,Auchan,Auchan,C. C. Auchan
node,25209313,46.3795998,5.8394674,39200003,Total Access,Total,Total Access
node,25209318,47.8188372,1.6406197,45190014,E.Leclerc,,E. Leclerc
node,25209323,47.5596446,-2.5044377,56190011,Carrefour Market,Carrefour Market,
node,25209328,48.7424448,0.9607516,27130004,,,Libreco
node,25209337,48.5955563,7.7094271,67200012,TotalEnergies,Total,Relais Total De Cronenbourg
node,25209344,43.9990145,4.6990979,30126008,Eni,Agip,Eni
node,25209347,50.7308265,2.5439334,59190004,Super U,Super U,Super U
node,25209355,48.7599252,7.3622817,67700012,TotalEnergies,,TotalEnergies
node,25209363,47.7238355,-2.5937464,56250002,Intermarché,Groupement des Mousquetaires,Intermarché
node,25209373,43.9794409,4.7858912,30400001,Carrefour Market,Carrefour,Carrefour Market
node,25209378,51.0156911,2.3821581,59411001,,Cora,C. C. Cora
node,25209381,46.2240561,-0.1304317,79500005,Intermarché,Groupement des Mousquetaires,Intermarché
node,25209391,43.2920308,5.4538352,13011016,TotalEnergies,,TotalEnergies
node,25209393,43.6398988,7.1386639,6270004,Intermarché,,Intermarché
node,25209396,47.4733368,0.7757909,37380004,Total,Total,Total
node,25209411,43.1426709,6.0106422,83160004,Esso,Esso,Esso
node,25209420,48.5440747,7.7379723,67400001,Auchan,Auchan,Auchan
node,25209430,49.2446857,3.9237957,51390002,Shell,Shell,Shell
node,25209435,47.8229122,6.3883949,70300001,Auchan,Auchan,
node,25209438,44.1784619,0.6331851,47550012,Carrefour,Carrefour,Carrefour Boé
node,25209449,43.1452600,6.3321400,,,,Ets Aubry Et Fils
node,25209459,43.7931971,4.8274498,13210002,Intermarché,Groupement des Mousquetaires,
node,25209462,49.9111748,4.0900925,2500001,Auchan,Auchan,C. C. Auchan
node,25209470,43.5284896,5.4324467,13100016,Total,Total,Total - Relais de Galice
node,25209475,50.1221967,3.0892838,62147001,Avia,Avia,Station Avia
node,25209483,47.8410975,0.7573717,72310001,Super U,Super U,Super U
node,25209491,45.4986178,5.1374241,38440003,Intermarché,Groupement des Mousquetaires,Intermarché
node,25209500,48.7988314,2.0034224,78390005,TotalEnergies,Total,Total
node,25209505,50.4928696,2.4881725,62470006,TotalEnergies,SARL JMV,Total
node,25209508,44.1944002,4.7312749,84550004,Esso,,Esso
node,25209522,48.9723339,3.2817772,2310001,Système U,Super U,
node,25209524,44.3966600,0.7076404,47300006,Intermarché,Groupement des Mousquetaires,Intermarché
node,25209537,43.2852037,3.5137233,34300013,Eni,Eni,Eni
node,25209539,49.5701992,2.9780855,60400001,Auchan,Auchan,Auchan
node,25209544,47.1856641,5.3350407,21130009,E.Leclerc,E.Leclerc,Station Service E.Leclerc
node,25209555,46.3432020,2.5920148,3100002,Total,Total,Relais Total Lagarde
node,25209560,49.0334400,2.6357500,77230001,Total,Total,Station Total
node,25209563,48.5629083,2.2283161,91630007,Total Access,Total,Relais Total De Torfou
node,25209575,49.0386029,2.0846670,95000007,Esso,,Esso
node,25209583,43.2948858,5.4800407,13011026,Auchan,Auchan,Auchan
node,25209585,48.2668852,2.7082848,77140011,Total,Total,Station Total
node,25209593,47.6334465,6.1586865,70000005,TotalEnergies,ETS DORMOY FRERES 1,Total
node,25209612,43.4213730,5.9898857,,AS 24,,AS 24
node,25209614,47.4797367,6.7775383,25420002,Total,Total,Station Total
node,25209619,48.9278044,2.4738176,93150012,BP,BP,BP Avenue Paul Vaillant-Couturier
node,25209630,50.7327226,1.6685577,62280003,Auchan,Auchan,C. C. Auchan
node,25209635,45.2456794,1.7734991,19150002,Station U,Super U,
node,25209641,45.9093371,6.1178379,74000014,Total Access,Total,TotalEnergies Access - Relais des Alluèges
node,25209647,47.2789130,-0.0662472,49400004,Intermarché,Groupement des Mousquetaires,Intermarché
node,25209666,48.7473456,-3.4594799,22300001,Casino,Casino,C. C. Géant Casino
node,25209679,45.7391496,4.9050616,69500009,TotalÉnergies Access,Total,
node,25209693,50.0078799,2.6657116,80300006,Total,Total,Total
node,25209703,50.6346062,3.1209280,59658001,Carrefour,Carrefour,Carrefour
node,25209705,49.0154853,2.1464311,95480002,Esso,Esso,Station Esso
node,25209708,48.2885850,-0.6111627,53100006,,,Garage Martineau
node,25209711,44.5519107,-0.2646090,33210001,TotalEnergies,Total,Station Total Du Sauternais
node,25209720,47.6229009,6.1381739,70000002,TotalEnergies,Total,Station du Lac
node,25209725,48.8853142,2.5046897,93250009,,BP,Carrefour city
node,25209728,47.8074868,-0.1671664,72300005,Shell,Shell,Station Shell
node,25209736,43.2956330,3.2177064,34350003,Dyneff,,Station Dyneff (Truck étape)
node,25209754,43.6012254,7.1225509,6600007,Avia,AVIA,Avia
node,25209770,48.8231340,2.4939428,94500014,Esso,Esso,Esso
node,25209776,47.7786753,-3.1953034,56690004,Total Access,Total,Relais de Nostang
node,25209783,48.4495349,1.5063869,28000011,Total Access,,Total Access
node,25209786,48.6301232,2.4863554,91250011,Esso,Esso,Esso
node,25209794,45.0417351,0.3519474,24400003,Station U,Super U,Super U
node,25209796,49.1188613,6.7096783,57500001,Total,Total,Station Total
node,25209804,44.5438048,6.0613788,5000010,Esso,Esso,Station Esso Clement
node,25209807,44.6670662,5.6974154,26620001,Avia,Avia,Avia
node,25209809,48.6382753,2.2019950,91460014,BP,BP,Station BP
node,25209815,44.1113304,4.0962152,30104001,,Cora,Station Service Carrefour
node,25209822,43.6080875,3.9130199,34000013,TotalEnergies,,Total
node,25209829,45.5739176,4.8106452,38670003,Intermarché,Intermarché,Intermarché
node,25209833,47.5931448,7.5556247,68300002,Total,Total,Station Total
node,25209835,44.0763377,6.1880906,4000001,Carrefour,Carrefour,Carrefour
node,25209838,43.6018751,5.0072304,13140002,Dyneff,,Station service des Molières
node,25209841,43.7301069,7.1855156,6201001,Carrefour,Carrefour,Carrefour
node,25209846,48.5911026,6.4252786,54300005,Esso,Esso,Station Esso
node,25209855,46.6381062,-0.7554145,85120002,Avia,,
node,25209857,44.4689687,4.7634507,26780005,Dyneff,,Station Dyneff
node,25209866,47.5089203,-2.0410320,44530003,Super U,Super-U,Super U
node,25209872,47.0169740,4.8361669,21200007,Esso,BP,Esso
node,25209875,45.2176909,6.4623145,73140008,Eni,Eni,Eni
node,25209877,48.7825256,2.2142479,78140001,Auchan,Auchan,Station Auchan
node,25209883,45.4452133,4.4665276,42650001,Esso,,Esso
node,25209885,43.2397435,0.0603438,65000010,Total Access,,Total Access
node,25209898,44.9135590,2.4270690,15000012,Avia,Avia,Station Avia
node,25209909,48.8549783,2.2224884,92210009,TotalEnergies,Total Access,Relais Saint-Cloud Dassault
node,25209917,47.0002575,3.1553447,58000014,Avia,Avia,Avia
node,25209919,46.1765419,-1.1033263,17138006,Total Access,Total,
node,25209927,45.5738143,5.9531287,73230001,Avia,Avia,Avia
node,25209933,46.6700042,5.5264033,39570004,Super U,Super U,Station U
node,25209936,43.6623625,5.4478985,13610001,Esso,Total,Esso
node,25209941,44.9429937,4.8595269,7130006,Avia,,Avia
node,25209959,50.6977343,3.1655701,59100011,Total,Total,Station Total Access
node,25209960,48.2644732,2.7225936,77140012,Shell,Shell,Shell
node,25209973,47.9760238,1.8603883,45520004,TotalEnergies,BP,Total
node,25209975,49.1881830,2.2349453,60230004,Total Access,Elf,Relais Néflier
node,25209983,48.6919004,6.1279670,54520001,Auchan,Auchan,Auchan
node,25210010,49.0464229,3.9568062,51200006,Total,Total,Relais Total Des Sparnaciens
node,25210013,50.1751969,1.6378573,80230002,Intermarché,,Intermarché
node,25210018,43.5330380,6.4487360,83300006,Intermarché,Groupement des Mousquetaires,
node,25210041,43.4416425,5.3954345,13320014,Eni,Eni,Eni
node,25210060,47.3378074,-1.6548874,44119008,Évole énergies,Évole énergies,Évole énergies
node,25210063,44.1853181,0.6635917,47550009,Avia,,Avia
node,25210072,48.9968223,2.1889164,95370008,TotalEnergies,,TotalEnergies Access
node,25210075,50.6649057,3.1827782,59510003,Total,Total,Relais Total Des Trois Baudets
node,25210081,45.6983985,4.9741803,69800012,BP,BP,Station Service BP
node,25210089,48.6189637,-2.4224733,22240001,TotalEnergies,Total,Total Contact
node,25210095,45.6970078,4.8248891,69310004,TotalEnergies,Total,TotalEnergies
node,25210101,44.4426865,4.3488199,7120001,Station U,Super U,
node,25210112,49.3184891,1.1570238,27460001,Station U,Super U,Super U
node,25210138,50.6828567,3.0852861,59700009,Total Access,,Station Total Access
node,25210141,44.4041218,0.6880511,47300002,Total,Total,Station Total
node,25210144,48.0697658,-0.7941308,53000011,Total Access,,Relais Total de La Closerie
node,25210153,43.4456931,5.2466809,13127012,Esso,BP,Esso
node,25210158,43.6135105,3.8091387,34990001,Intermarché,Groupement des Mousquetaires,Intermarché
node,25210161,45.7058175,4.8771244,69200007,Esso,,Esso
node,25210169,45.4444624,4.7522821,42410005,TotalEnergies,,TotalEnergies
node,25210173,47.0984388,5.4989866,39100010,Avia,Avia,Avia
node,25210185,43.4470802,5.8623973,83470006,Total Access,Total,
node,25210194,43.4278602,4.9655453,13270013,Total Access,,Relais Total de la Marronède
node,25210202,45.1857948,0.7751283,24750001,Carrefour,Carrefour,Hyper U
node,25210210,48.2112974,4.2413518,10270006,Total Access,Total,Relais Troyes Fresnoy
node,25210213,48.9568140,2.9094674,,,,E.s.a.m.e.
node,25210218,47.9738809,3.1974345,89132001,Avia,Avia,Avia
node,25210225,43.3589133,3.3458326,34290007,Shell,Shell,Shell
node,25210230,45.1648452,1.5105572,19100017,TotalEnergies,Total,Total Access
node,25210233,49.2083632,2.6023460,60300009,BP,BP,BP
node,25210235,48.0433656,7.5561458,68600003,Total,Elf,Total Contact
node,25210247,49.0482408,2.1329751,95310011,Total,Total,Relais Total Des Oziers
node,25210265,46.0105068,4.0969895,42120002,Avia,Sarl Garage Mulsant,Avia
node,25210296,43.6097163,1.4925504,31130008,Total Access,Total,Total Access Balma
node,25210301,43.4962111,5.2144679,13340005,Shell,,Shell
node,25210304,44.4566317,1.4364336,46000015,Avia,Avia,Avia Xpress
node,25210307,47.3965847,0.7171910,37700010,Total Access,Total,Relais Du Rochin
node,25210317,48.9614699,1.8123612,78680004,Total Access,,Total Access
node,25210333,47.8208848,1.6415388,45190015,E.Leclerc,,E.Leclerc
node,25210337,49.2072950,0.9352971,27370001,Total,Total,Station Total
node,25210350,43.3484537,5.3770094,13000003,,,Station Dorgelès
node,25210358,50.5255692,1.6284217,62630004,E.Leclerc,E. Leclerc,E. Leclerc
node,25210360,42.9379411,2.2357801,11260001,Intermarché,Groupement des Mousquetaires,Intermarché
node,25210369,43.8309579,5.0543973,84300011,TotalEnergies,Total,TotalEnergies
node,25210374,45.6989045,-1.0530787,17920001,Avia,,Avia
node,25210380,50.0671574,1.6068301,80210002,TotalEnergies,SA GARAGE DU VIMEU,TotalEnergies
node,25210395,43.9129256,-0.3042764,40190004,Esso,Esso,
node,25210408,48.7925072,1.6320146,78550004,Avia,Avia,Station Avia
node,25210416,48.4287993,-4.6135458,29290001,Carrefour,Carrefour,Carrefour
node,25210423,44.6367768,-0.9597739,33380001,Auchan,Auchan,C. C. Auchan
node,25210457,47.6624753,-0.2439820,49430001,Station U,Super U,Super U
node,25210467,49.0260536,2.1041515,95610008,Esso,Esso,Esso
node,25210477,49.8887975,2.8407667,80200012,Carrefour,Carrefour,Carrefour
node,25210480,47.3148969,4.4959198,21350002,Shell,Shell,Shell
node,25210482,44.7088703,2.1959733,15600001,Total,Total,Station Total
node,25210487,49.3862519,2.7848108,60200011,Total,Total,Total
node,25210496,43.5788519,3.8767817,34000017,Eni,Eni,Eni
node,25210516,48.8060686,2.3762455,94200008,Total,Total,Total
node,25210525,48.4287369,2.9327233,77130013,Fulli,Fulli,Fulli
node,25210530,48.1741053,0.6523075,72400005,Avia,Shell,
node,25210532,45.5633803,5.9655392,73490002,Super U,Super U,Super U
node,25210551,43.5870103,-1.4206478,40530001,Esso,Esso,Esso
node,25210553,43.5334155,6.9337917,6210010,Auchan,Auchan,Auchan
node,25210556,48.5264054,0.5339111,61400001,Super U,Super U,
node,25210559,47.7619748,-3.2920122,56700005,Total,Total,Station Total
node,25210561,48.8303365,2.7460663,77600003,TotalEnergies,Total,Relais Total De Bussy-Saint-Georges
node,25210566,48.6728927,5.8863093,54200005,Avia,,Avia
node,25210569,43.1149305,6.1099974,83400017,Intermarché,,Intermarché
node,25210572,47.3558727,5.0332147,21121008,Intermarché,Intermarché,Intermarché
node,25210582,45.3793657,4.2758140,42700008,Intermarché,Intermarché,Intermarché
node,25210585,43.8100818,4.3294265,30900017,Total Access,Total,Total Access
node,25210589,49.9062500,1.6739500,,,,Garage Chevalier
node,25210624,47.3359456,-1.6527793,44119005,Total,Total,Total
node,25210635,48.4978224,-2.7452783,22000011,TotalEnergies,,Total Access
node,25210640,48.6409588,6.1830517,54182001,,Cora,
node,25210654,43.5853678,-1.4196283,40530002,Esso,Esso,Esso
node,25210657,48.9484072,2.3427555,93800006,TotalEnergies,Total,TotalEnergies
node,25210660,48.2752106,1.8555697,28310010,Shell,SHELL,Shell
node,25210677,48.3359580,3.0801781,89340004,Esso,Esso,Esso
node,25210685,47.8699086,5.3287024,52200014,TotalEnergies Access,Total,TotalEnergies Access
node,25210698,49.0335552,2.8046640,77165006,Total,Total,Relais Total Du Sauvoy
node,25210723,45.7774472,3.1968612,63370001,,Cora,Station essence de Cora
node,25210736,49.2480497,2.4765478,60100003,Avia,Picoty,Avia
node,25210739,49.2547334,4.0169743,51100048,TotalEnergies,Total,TotalEnergies Access
node,25210747,43.4704912,6.5786497,83490004,Dyneff,BP,G Carburant
node,25210758,44.8600200,1.0622600,,,,Sarl Argentonesse
node,25210772,47.4758609,0.7768262,37380003,Esso,BP,Esso
node,25210788,46.6814158,-1.0489624,85110001,Super U,Hyper U,Super U
node,25210801,49.0278214,2.3470440,95331002,Esso,Esso,Esso
node,25210813,48.7482851,1.2724216,28500008,Total,Total,Relais Total de la Couette
node,25210821,43.1955596,1.0028163,31220001,Super U,Super U,Super U
node,25210824,49.7326600,4.7531890,8000011,Système U,Système U,Station U
node,25210826,47.4195027,-1.0144315,44370009,TotalEnergies,,TotalEnergies
node,25210832,46.7013220,0.3663338,86130010,Avia,Avia,Avia
node,25210834,48.4789571,-2.6252326,22120007,Avia,Avia,Avia
node,25210846,49.2708749,-0.6940011,14400004,Esso,,Esso Montgomery
node,25210848,48.6038843,7.7582739,67300003,TotalEnergies,Total,Relais Total De L'Aar
node,25210851,49.0534415,2.1749008,95540005,Esso,Esso,Esso
node,25210874,43.5192213,5.4336053,13100021,,,Carburant Loti
node,25210897,48.7420431,2.4469656,94190007,Total,Total Energy,Esso
node,25210905,48.0902009,-1.0982657,35500009,Total Access,Total,Relais Total d'Erbrée
node,25210907,45.0327226,1.5246609,46600005,Eni,Eni,Eni
node,25210922,44.4038501,0.6776513,47300001,Auchan,Auchan,C. C. Auchan
node,25210924,44.0270677,2.1552430,81400001,U,Hyper U,
node,25210930,46.4962062,5.3114123,71480007,Avia,Avia,Avia
node,25210939,50.6889062,1.6188693,62360006,Total Access,Total,Relais Total Access Des Bergeronnettes
node,25210941,47.7173052,7.1375243,68520006,Total,Total,Relais la Porte d'Alsace Nord
node,25210951,46.1517604,4.1544073,42190003,Intermarché,Groupement des Mousquetaires,Intermarché
node,25210961,43.6551184,0.5653862,32000002,Avia,,
node,25210972,45.8188449,6.0046762,74540001,TotalEnergies,Total,TotalEnergies
node,25210974,45.1939654,0.6601311,24430001,Auchan,,Auchan
node,25210986,45.4135358,4.3739442,42150001,Carrefour,Carrefour,
node,25210988,47.9781490,1.8578497,45520003,TotalEnergies,Total,Relais D'Orléans Saran
node,25210996,43.2157836,3.0926219,11110005,TotalEnergies,Total,Relais Total de Vinassan
node,25211004,50.6822317,3.1273850,59290001,Carrefour,Carrefour,Station Carrefour
node,25211007,43.4156468,3.7196304,34200003,Dyneff,,Station Dyneff
node,25211010,48.3477018,-1.1819591,35300005,Carrefour,,Carrefour
node,25211015,50.5925559,3.0519608,59139001,Carrefour,Carrefour,Carrefour
node,25211024,47.2178430,5.0026649,21220006,Fulli,Fulli,Fulli
node,25211029,46.3864698,0.2209997,86370006,Avia,Avia,Avia
node,25211031,47.8800232,-3.5548260,29300004,Carrefour,Carrefour,Carrefour
node,25211032,48.6772732,2.1983818,91940009,Total Access,Total,Station-service Total Access
node,25211041,43.4431922,5.2242840,13700010,Total Access,,TotalEnergies Bolmon
node,25211044,45.5762040,-0.6773052,17260001,Super U,Super U,Super U
node,25211067,43.5950303,3.8483380,34070018,Total,Elf,Total Access
node,25211072,49.4989354,0.1586172,76600024,TotalEnergies,Total,Total Access
node,25211077,46.2043299,1.3859852,23300010,Shell,Shell,Shell
node,25211089,47.6043776,1.3148437,41000019,TotalEnergies,Total,Relais Total Access Anne De Bretagne
node,25211094,45.1969134,5.6731377,38600003,,,Station essence Auchan
node,25211096,43.4205079,5.2685120,13127010,Total,Total,Station Total-Relais de l'Anjoly
node,25211107,43.4895166,5.1731926,13130005,Dyneff,,Le nouveau relais de Berre
node,25211109,48.7813743,2.1726301,78140008,TotalEnergies,TotalEnergies,TotalEnergies - Relais de Vélizy
node,25211111,44.4248808,1.4406932,46000012,Total,Total,Relais Total du Quercy
node,25211123,49.3608819,0.8600691,27310010,E.Leclerc,Total,Station Service E.Leclerc
node,25211126,48.0753606,6.8844619,88400005,TotalEnergies,Elf,Total access
node,25211131,49.5236035,2.7226381,60490007,TotalEnergies,Total,Relais Ressons Est
node,25211139,48.5281574,2.0237263,91410003,Intermarché,Groupement des Mousquetaires,Intermarché
node,25211145,49.3525221,6.1601767,57100007,Total,Total,Station Total
node,25211148,45.3401338,2.4341008,15210001,Super U,Super U,Super U
node,25211150,43.7408622,-1.0170881,40990001,Total,Total,Total
node,25211164,47.7747454,-3.3407020,56607001,Casino,Casino,Géant Casino
node,25211169,44.8926549,-0.6675157,33320008,E.Leclerc,,Station-service Total Access
node,25211206,46.7006488,-1.9299997,85800002,TotalEnergies,TotalEnergie,Station Total Des Salines
node,25211210,45.1948021,4.8142446,26240002,Total,Total,Station Total Echinard et Faure
node,25211324,48.7623552,2.0423258,78960004,BP,BP,BP
node,25211416,49.5250511,0.1897165,76290001,Auchan,Auchan,Auchan
node,25211429,43.0970703,-0.0380608,65100009,Total,Total,Relais Total du Jer
node,25211440,48.4262799,2.9273012,77130012,Fulli,Fulli,Fullli
node,25211450,47.6505704,0.4692569,72500006,Avia,,Avia
node,25211492,49.1009261,-1.0805207,50000004,Intermarché,Groupement des Mousquetaires,Intermarché
node,25211497,48.6641609,5.8883554,54200007,Carrefour,Cora,Carrefour
node,25211502,44.6970081,-0.0885602,33540001,Super U,Super U,Super U
node,25211506,47.9351817,1.8956351,45400006,TotalEnergies,Relais Total des Aubrais,Total
node,25211512,43.1242494,6.1488487,83400012,Intermarché,,Intermarché
node,25211544,50.1486920,3.2222969,59400006,Carrefour,Carrefour,Carrefour
node,25211588,45.7262887,3.1880669,63670001,Intermarché,Groupement des Mousquetaires,Intermarché
node,25211593,49.3702918,3.3389970,2200015,Total,,Total
node,25211601,43.5774830,4.1982961,30220002,Intermarché,Groupement des Mousquetaires,Intermarché
node,25211609,43.1126158,0.7880738,31800009,TotalEnergies,,Total Energies
node,25211621,45.2025954,5.7624422,38240003,Carrefour,Carrefour,
node,25211630,48.0270320,-0.3434208,53270002,Dyneff,,Dyneff
node,25211643,45.4605356,-0.1439856,16300001,TotalEnergies,,TotalEnergies
node,25211664,49.2503014,2.4762823,60100004,Esso,Esso,Esso
node,25211672,43.4427238,3.6968474,34540002,Total,Total,
node,25211677,48.9956774,2.6490806,77290003,Shell,Shell,Shell
node,25211680,48.7816729,2.0212177,78190010,TotalEnergies,Total,Total Access
node,25211691,45.5918798,3.1401279,63320002,,,Station Vigouroux
node,25211702,48.9409420,1.9546657,78630009,TotalEnergies,Total,Relais Total De Morainvilliers
node,25211707,45.6101795,4.8528964,69360019,Avia,Avia,Avia
node,25211715,48.4807452,-2.6736421,22120001,Hyper U,Hyper U,Hyper U
node,25211731,46.6460000,-0.7470000,85120001,Station U,Super U,
node,25211739,45.3587200,5.5921749,38500007,TotalEnergies,Elf,Total Access
node,25211754,47.8819636,1.9024123,45100011,Auchan,Auchan,Auchan
node,25211762,43.4337069,5.3956639,13320005,Esso,Esso,Station Esso Cabriès
node,25211765,47.4188902,-0.1316876,49160004,Shell,Shell,Station Shell
node,25211803,43.3601555,3.3439982,34290003,Shell,Shell,Shell
node,25211815,47.1618205,-1.5131733,44840002,Total Access,Total,Relais Total de Vertou
node,25211819,47.4305910,1.4354615,41700004,Super U,Super U,Super U
node,25211827,43.6182776,3.9884548,34130004,Total,Total,Relais Total de Mauguio
node,25211832,44.2267554,0.6717237,47480003,Total Contact,Total,Station Total De Malere
node,25211840,42.9796190,1.1445247,9200003,,DEFA,Le Relais de Guzet
node,25211845,48.9908817,4.3422208,51520002,Total,Total,Relais Total Aire de Saint-Martin sur le Pré
node,25211849,46.1177768,3.4110600,3700002,TotalEnergies,TotalEnergies,TotalEnergies - Bellerive
node,25211853,49.8645589,2.3767434,80440003,Intermarché,Groupement les mousquetaires,Intermarché
node,25211876,47.3297339,6.1287977,25640009,Shell,,Shell
node,25211898,49.3974479,3.3549302,2880001,,Groupement des Mousquetaires,Station Marché Sa Auto Pieces
node,25211903,43.9341915,-0.0634796,32150003,Total,,Total
node,25211917,48.4104597,-4.5154023,29200004,TotalEnergies,Ateliers Caugant SA,Total Access
node,25211921,43.3458146,5.3549014,13015020,Eni,Eni,Eni
node,25211931,48.0899359,7.3602857,68000019,TotalEnergies,Total,Relais des Cigognes
node,25211933,43.7714030,1.6757724,81370001,Carrefour,Carrefour,Carrefour
node,25211939,50.7546453,2.2445765,62500001,Carrefour,Carrefour,Carrefour
node,25211951,44.8882105,-0.5794249,33520003,Esso,Esso,Esso Aquitaine 2
node,25211957,44.0175488,4.8705608,84700004,Intermarché,Groupement des Mousquetaires,Intermarché Sorgues
node,25211963,43.1175789,5.9406619,83000012,Total,Total,Total
node,25212078,48.9663223,1.8667219,78410002,Carrefour,,Carrefour
node,25212101,45.8814180,1.2918540,87280005,Carrefour,,Carrefour
node,25212105,46.4518554,-0.0159601,79800008,Dyneff,Shell,Dyneff
node,25212131,45.1954197,5.7501072,38700003,Total Access,Sarl Service 38.7,
node,25212135,43.2070657,2.3353711,11000015,TotalEnergies,Total,Relais Total du Viguier
node,25212150,47.6627774,1.3872268,41000021,Esso,Esso,Esso
node,25212155,48.5624292,-3.1649713,22200003,Carrefour,Carrefour,C. C. Carrefour
node,25212157,44.8501482,0.4927411,24100014,Total Access,,Total Access
node,25212161,48.3508262,0.3865202,72600001,Station U,Super U,Super U
node,25212174,43.3847394,0.0509010,65500002,Intermarché,Groupement des Mousquetaires,Intermarché
node,25212176,45.8766272,6.0703462,74600016,Avia,SARL DKPV,Avia
node,25212179,43.7979145,4.3820265,30132002,Intermarché,Groupement des Mousquetaires,Intermarché
node,25212183,48.0399775,-1.5181826,35410001,Station U,,Hyper U
node,25212188,48.6906049,2.4544168,91230005,BP,BP,
node,25212202,45.0487166,5.0752739,26100010,Avia,SARL ROMTIN,Avia
node,25212216,43.6834967,1.4204091,31140010,Total Access,,Total Access
node,25212234,44.7756833,-0.5950516,23300008,Avia,Avia,Avia
node,25212236,46.9091732,6.3343932,25300002,Total Access,Total,Total
node,25212257,42.6842194,2.8644493,66000003,Dyneff,,
node,25212262,50.1672817,1.7547891,80970003,Shell,Shell,
node,25212280,45.6785720,4.7916087,69230001,Auchan,Auchan Saint-Genis-Laval,Auchan Saint-Genis-Laval
node,25212292,49.3471523,0.5245709,27500004,Intermarché,Groupement des Mousquetaires,Intermarché
node,25212293,48.0235171,-0.3245216,72230005,Esso,,
node,25212330,43.2540227,5.4213836,13009009,Avia,Avia,Station Avia
node,25212343,48.9755900,2.4160240,95140001,Carrefour,Cora,Carrefour
node,25212348,48.8361171,2.0959879,78150013,Total Access,Elf,Total Access
node,25212352,47.7661370,-3.3316670,56600002,Avia,Avia,Avia
node,25212355,43.8125878,1.3620500,31620014,E.Leclerc,BP,Station Service E.Leclerc
node,25212361,48.5587204,-1.5090733,,Carrefour,,Carrefour
node,25212371,44.1160899,3.0701400,12100011,Intermarché,Intermarché,Intermarché
node,25212379,49.1552756,0.6720137,27300006,Total Access,Total,Relais Total Access de Malbrouck
node,25212387,46.3134778,1.4194037,87160002,Esso,Esso,Esso
node,25212415,48.9705405,3.0641728,77260013,Eni,,Eni
node,25212482,47.7884716,3.6710373,89290007,TotalEnergies,Total,Relais Total de Venoy
node,25212492,44.9197581,4.8779309,26000014,TotalEnergies,,TotalEnergies
node,25212538,43.1780260,2.5431228,11700008,Avia,Avia,Avia
node,25212541,45.7717681,4.9796964,69150004,TotalEnergies,,TotalEnergies
node,25212574,43.6861083,1.4028342,31150010,Auchan,Auchan,Auchan
node,25212587,44.2073818,-1.2429247,40200003,Esso,Sarl Caignieu & Fils,
node,25212589,50.2905559,3.1518418,59151003,TotalEnergies,Total,Total Access
node,25212599,44.9385112,4.8675135,7500001,Auchan,Auchan,Auchan Carburant
node,25212652,48.9335499,7.6588369,67110003,Intermarché,Groupement des Mousquetaires,Intermarché
node,25212657,45.7033355,-0.6243518,17100001,TotalEnergies,,Total
node,25212674,43.4655286,5.6065362,13710001,TotalEnergies,,TotalEnergies
node,25212678,48.1656757,3.1718248,89150002,Esso,Esso,Station Esso
node,25212682,49.2157839,4.0565289,51350001,,Cora,Cora
node,25212686,47.4661321,-0.6294840,49070009,Total Energies,,TotalEnergies
node,25212693,47.9013600,2.0074700,45430003,TotalEnergies,,Total Access
node,25212706,45.4240864,4.4112935,42100019,Esso,,Esso
node,25212714,44.7201354,4.7870286,26270009,Dyneff,Dyneff,Dyneff
node,25212716,49.2100146,1.1697766,27404001,TotalEnergies,,Total
node,25212721,48.4931988,7.6771356,67640004,Total,Total,Relais Total Des Trois Arbres
node,25212725,45.1384274,5.7027676,38800003,TotalEnergies,KURSER,Relais Villancourt
node,25212728,47.2846069,-1.5503843,44240012,Station U,,Station U
node,25212729,45.0830251,5.7653886,38220002,Total,Total,Total
node,25212736,50.6966573,3.1419444,59420002,Avia,,Avia
node,25212739,48.7176000,1.8829000,78690003,Total Access,Elf,Station Total
node,25212741,48.7847946,2.2493264,92140014,Total,Total,Total
node,25212748,47.3358189,5.0594700,21000022,Avia,Avia,Avia
node,25212756,43.6331692,5.4934392,13650003,Avia,Avia,Avia
node,25212763,48.7865180,-3.4483525,22700002,Intermarché,Groupement des Mousquetaires,Intermarché
node,25212773,43.3503789,-1.4155828,64250001,Intermarché,Groupement des Mousquetaires,Intermarché
node,25212782,47.1599981,-1.5123433,44120004,Total,Total,Relais Total de La Grassinière
node,25212784,44.1335279,5.9775591,4200009,Avia,Avia,Avia
node,25212791,45.8087849,4.7695873,69570005,TotalEnergies,Total,Total Access
node,25212794,43.7203879,7.2920356,6300008,Esso,Esso,Station Esso Saint-Roch
node,25212796,45.9945759,4.7410623,69651002,Esso,Esso,Station Esso - Ets Nomblot Concession Peugeot
node,25212798,43.5797571,3.9526844,11200003,Dyneff,Dyneff,Station Dyneff
node,25212822,48.7926301,2.6183973,77340005,TotalEnergies,Total,Station Total
node,25212865,43.9515053,0.3710672,32100004,TotalEnergies,Total,TotalEnergies
node,25212896,49.1201912,6.2181771,57070003,Avia,Avia,Avia
node,25212917,48.7416294,7.0782529,57400007,Avia,Avia,Avia
node,25212967,44.8874458,-0.5797439,33520002,Esso,Esso,Esso Aquitaine 1
node,25212973,44.1994861,0.5084549,47310006,Total,Total,Station Total
node,25213083,48.6489179,4.9605494,52112001,,Cora,C.c. Cora
node,25213087,47.4189188,-0.1345260,49160003,Shell,Shell,Station Shell
node,25213125,46.4830276,3.9748969,71160001,Total,,Station Total
node,25213134,43.9397766,4.6000271,30210008,,,Relais des Fontaines
node,25213136,47.9747887,5.4985687,52140007,Avia,Avia,Station Avia
node,25213140,48.5924818,1.6775522,28130002,Super U,Super U,Super U
node,25213145,46.4528223,-0.0179420,79800011,TotalEnergies,Total,Relais Total du Poitou
node,25213171,47.3893701,-1.0206459,44370005,Super U,Super U,Super U
node,25213241,44.5189161,4.7451403,26780007,Total Access,Total,Total Access
node,25213251,47.3806161,0.7296986,37700011,Total Access,Total,Relais La Breteche
node,25213254,43.2080158,2.3104237,11000018,Auchan,Auchan,Auchan
node,25213259,45.0880018,6.0734183,38750001,,,Station France D
node,25213267,48.9958292,1.1558757,27930010,TotalEnergies,,Total
node,25213268,43.6194249,5.0963200,13300002,Total,Total,Station Total Le National
node,25213279,44.3257223,2.5578919,12510001,Super U,Super U,La Station U
node,25213288,44.6165902,-1.0738702,33470001,Système U,Hyper U,Hyper U
node,25213299,50.3433717,3.5168842,59300006,Auchan,Auchan,C. C. Auchan
node,25213302,48.0573541,-2.9625926,56300004,Total,Total,Total De Kerfourchette
node,25213305,47.7596135,7.2929410,68120005,Total,Total,Station Total Service Joanny
node,25213310,45.8760928,6.0717920,74600013,Total,Total,Relais de la Ripaille
node,25213313,47.6661031,1.3875246,41000005,Shell,Shell,Shell
node,25213316,49.4334651,2.0929249,60000015,BP,,BP
node,25213323,46.0011511,0.2008491,16700009,Shell,Shell,Shell
node,25213337,45.6981337,4.9776678,69800013,BP,BP,Station Service BP
node,25213344,48.7919370,1.6343138,78550005,Shell,Shell,Shell
node,25213347,48.9705081,1.9191894,78920004,Esso,Esso,Esso
node,25213362,47.7642890,-3.3960300,56100007,Carrefour,,Carrefour
node,25213379,48.6772487,2.5267102,91480002,Total,Total,Total
node,25213384,48.8346767,2.2661460,75015026,Total Access,Total,Relais Total Du Pont Aval
node,25213402,49.5582486,0.4805137,76210008,,,Ets Coustham
node,25213410,43.9306025,5.0639584,84800003,Intermarché,Groupement des Mousquetaires,Intermarché
node,25213415,46.8737635,-1.2839316,85250003,Dyneff,Dyneff,Dyneff - Aire de Chavagnes-en-Paillers
node,25213421,42.6777889,2.8906554,66000018,TotalEnergies,,Relais Total Porte d'Espagne
node,25213427,47.3500000,5.0630000,21000013,,,Sa Piretti
node,25213432,43.1153980,0.3654863,65300004,Avia,Madame Ghislaine CALVET,Avia
node,25213441,44.9064035,4.8788203,26000020,Auchan,Auchan,Auchan Carburant
node,25213457,49.3090380,-1.2541954,50500001,Total,Totam,Station Total
node,25213465,43.2175470,2.2199690,11290001,Dyneff,,Dyneff
node,25213468,43.2690954,3.2833839,34410002,Carrefour,Carrefour,Carrefour
node,25213470,50.1241958,3.0899836,62147005,Dyneff,,Dyneff
node,25213475,43.4838311,-1.5014793,64600009,E.Leclerc,,Station Service E.Leclerc
node,25213486,48.8286400,2.7415200,77600004,Total,Total,Station Total
node,25213499,45.0451860,5.0322969,26100002,Système U,Hyper U,Système U
node,25213502,43.3241135,5.4531380,13013016,TotalEnergies,Elf,Relais des Olives
node,25213554,47.1752674,-1.6777805,44620002,U,Hyper U,Hyper U
node,25213568,43.4482792,3.6429293,34140006,Avia,,Station Charvet
node,25213571,43.6808171,1.4488516,31140008,Super U,Super U,
node,25213574,48.5705310,7.7641441,67100007,Avia,Avia,Avia
node,25213579,50.1127018,3.4159805,59540003,TotalEnergies,,TotalEnergies
node,25213582,45.4353587,6.0059335,38530001,Système U,Super U,Système U
node,25213590,49.8233142,3.2804865,2430001,Intermarché,Groupement des Mousquetaires,Intermarché
node,25213601,43.1375965,6.0133713,83160003,Total Access,,Relais Total de l'Université
node,25213618,48.9523322,2.6657243,77410001,Total,Total,Relais Total De La Rosée
node,25213623,46.8751852,-1.0258935,85500002,Système U,Hyper U,C. C. Hyper U
node,25213628,48.9718916,7.0691033,67260007,TotalEnergies,Total,TotalEnergies
node,25213639,45.4650000,4.3780000,42000015,TotalEnergies,,TotalEnergies
node,25213652,49.2246389,2.9054348,60800005,,Groupement des Mousquetaires,Roady
node,25213655,48.9822679,1.6972560,78200012,Total Access,Total,Relais Total De La Ville Jolie
node,25213657,43.4838174,5.3837374,13100013,TotalEnergies,Total,Total Access - Relais des Milles
node,25213668,47.9593091,-3.9577034,29140008,Total Access,Total,Relais Total De Saint-Yvi
node,25213670,45.0484642,3.9166098,43700001,Auchan,Auchan,Station essence d'Auchan
node,25213673,45.0713292,5.2108633,26730005,Esso,,Esso Aire Royans Vercors
node,25213675,46.2945323,3.2947180,3500006,Total,Total,Relais Total des Beaumenus
node,25213678,44.0226266,4.8894940,84700006,Avia,Avia,Avia
node,25213684,43.4478570,-1.5750319,64210004,Intermarché,Groupement des Mousquetaires,Intermarché
node,25213687,48.2047536,3.2890108,89100017,Avia,,Avia XPress
node,25213692,46.6846543,0.2547051,86170005,Total,Total,Total
node,25213695,48.9143689,2.5261653,93190004,BP,BP,
node,25213701,48.9813427,1.6890488,78200001,Auchan,Auchan,Station Service C. C. Auchan
node,25213703,44.4889896,0.1808867,47200008,Carrefour,Carrefour,Carrefour
node,25213709,43.8433908,-0.7606191,40400002,Elan,,Elan
node,25213716,43.1936509,5.6710407,13600013,Esso,,Esso A50 Aire de la baie de La Ciotat
node,25213719,49.7326154,3.0682522,80400004,E.Leclerc,,E leclerc
node,25213732,48.4357507,1.5213919,28000010,Total Access,Total,Total Access
node,25213737,48.1175900,5.1405600,52000009,Total Access,Elf,Relais Elf de Buxereuilles
node,25213745,49.1901771,6.9079041,57600015,TotalEnergies,Total,Total Relais Forbach
node,25213752,46.8001488,4.4064018,71200013,Eni,,Eni
node,25213763,49.0600404,2.3477130,95570009,Esso,Esso,Esso
node,25213773,50.4772914,2.5337899,62700008,Total Excellium,Total,Relais Total De La Lawe
node,25213776,46.0613552,6.5632029,74302001,TotalEnergies,Total,Station Total
node,25213781,47.0950400,2.2399467,18500007,Esso,Esso,Esso
node,25213783,43.4236804,5.9929243,83170011,Eni,,Eni Cambarette
node,25213787,48.9666276,2.4662447,95500010,Total Access,,Les Tulipes
node,25213793,49.1170482,7.0913718,57200004,Carrefour,Carrefour,Carrefour
node,25213798,48.5799763,1.5701707,28130003,Intermarché,Groupement des Mousquetaires,Intermarché
node,25213803,48.0547225,-1.6104398,35770006,TotalEnergies,,Relais de Vern sur Seiche
node,25213811,47.9738043,2.7342934,45200001,Carrefour,Carrefour,Carrefour
node,25213816,48.7621705,7.3657060,67700010,Avia,,AVIA
node,25213818,47.9744953,-4.0922365,29000015,Intermarché,Intermarché,Intermarché
node,25213823,48.8256612,2.4077565,94220003,Avia,Avia,Avia
node,25213831,49.5108452,0.1997851,76700006,TotalEnergies,Relais Total de la Porte Océane,Total
node,25213841,43.1932944,5.6004036,13600024,,,Station Mesnier
node,25213879,48.6791470,-1.8664830,35260002,Super U,Super U,Super U
node,25213884,47.6044878,1.3507546,41260005,Esso,Esso,Esso
node,25213891,48.9539832,2.5336686,93420007,Total,Total,Station Total
node,25213894,48.1270364,0.6233632,72400017,Eni,Eni,Eni
node,25213904,43.2088846,2.3813645,11000017,E.Leclerc,E.Leclerc,E.Leclerc
node,25213906,45.6127371,-0.6036868,17800005,Esso,Shell,Esso
node,25213911,45.5282500,0.6777800,,,,Carrosserie Du Moulin
node,25213914,45.3217874,4.8074234,38150003,Dyneff,,Station Dyneff
node,25213922,43.6414498,1.3746900,31700010,Total Access,Total,Total Access
node,25213930,47.6631476,1.9300144,41600004,Esso,Esso,Station Esso
node,25213933,50.3681360,3.4837408,59494009,Total,Total,Total
node,25213936,43.6636803,7.2016044,6200031,Dyneff,Dyneff,Dyneff
node,25213939,47.5004271,-0.4905869,49480005,Esso,BP,Esso
node,25213955,45.6828731,4.9540834,69800018,Esso,Esso,ESSO Saint-Priest Heyrieux
node,25213971,46.9858186,3.1752888,58000013,,Intermarché,
node,25213982,48.7709948,2.2276827,78140009,Shell,Shell,Station Shell
node,25213985,46.4672159,-1.1107123,85400008,TotalEnergies,Total,Station Total
node,25213990,45.2434706,5.8607977,38330005,Avia,,Avia
node,25213995,44.5313939,4.7475385,26208001,Carrefour,Carrefour,Carrefour
node,25214001,43.3350009,1.2449021,31410002,Shell,Shell,Station Shell
node,25214003,50.5087922,2.4408021,62260003,Total,SAS DAVID COUSIN,Total
node,25214005,47.7352731,-3.3712450,56100012,Total,Total,Station Total
node,25214008,43.6315702,1.4826241,31075001,Auchan,Auchan,C.c. Auchan
node,25214015,44.0257000,1.3658800,82000018,TotalEnergies,Total,Total
node,25214026,44.3628791,-0.8517137,40410004,TotalEnergies,Total,Relais Total Des Landes
node,25214045,45.7262794,4.8290650,69007008,TotalEnergies,,Total Access
node,25214054,43.2301611,-0.0792366,64530004,Total,Total,Total
node,25214056,43.9319400,4.7828900,84000020,Total Access,Elf,Total Access
node,25214064,48.1993695,6.4801542,88025001,Carrefour,Carrefour,Carrefour
node,25214069,45.6424294,3.1839903,63114003,Avia,Avia,Avia
node,25214080,43.5429190,5.4316697,13090020,Eni,,Eni
node,25214086,46.6740554,5.5395804,39000010,Carrefour,Intermarché,Carrefour
node,25214091,44.7292751,4.5686539,7000003,,Agip,Station Service
node,25214097,48.5907478,6.4183679,54300011,TotalEnergies,TotalEnergies,TotalEnergies
node,25214099,43.2499338,0.0720260,65000008,Intermarché,Groupement des Mousquetaires,Intermarché
node,25214111,47.2743786,0.1676272,37140001,Super U,Hyper U,La Station
node,25214122,49.6429449,3.2607110,2300001,Auchan,Auchan,Auchan
node,25214129,50.1120775,3.4088173,59540002,Intermarché,Groupement des Mousquetaires,Intermarché
node,25214132,48.6551090,7.7241086,67452001,Carrefour,Carrefour,Carrefour
node,25214143,48.8144777,2.3261551,92120002,Avia,,SARL Jaby Avia
node,25214150,48.0264435,0.1813962,72000022,Avia,,
node,25214161,43.1129810,5.8582063,83500001,Auchan,,Auchan
node,25214171,43.9140125,3.9952756,30260001,Dyneff,,Dyneff Coutach Pneu
node,25214191,46.7929112,1.7165551,36000016,TotalEnergies,Total,Relais Total De Tout Vent
node,25214196,47.5170033,-0.6090399,49240002,Auchan,,Auchan
node,25214199,48.7404536,2.3149872,92160001,Auchan,Auchan,Auchan Supermarché Antony
node,25214204,48.5259237,7.4938036,67129001,Carrefour,,Carrefour
node,25214207,43.9168408,0.6281988,32700001,Elan,Elan,
node,25214238,47.8695670,1.9113995,45160001,Auchan,Auchan,Auchan
node,25214263,47.2712107,5.0028352,21160001,Carrefour,Carrefour,Carrefour
node,25214269,48.8395927,2.6613320,77090001,Carrefour,Carrefour,Carrefour
node,25214281,50.4939735,2.5718370,62700001,Carrefour,,Carrefour - Bruay La Buissière
node,25214309,45.0473328,3.8931199,43000009,TotalEnergies,TotalEnergies,Relais TotalEnergies du Puy
node,25214314,44.6143630,4.4063355,7200003,Avia,Avia,Station Avia
node,25214316,47.3260614,6.1222731,25640007,TotalEnergies,Total,Relais Total De Marchaux
node,25214357,45.9448213,6.6301458,74700005,Total Access,,Relais du Reposoir
node,25214367,43.6834079,4.1520349,34400013,Intermarché,Groupement des Mousquetaires,Intermarché
node,25214372,49.2646569,4.0597033,51100045,Total Access,Total,Total Access
node,25214381,48.4510000,1.5180000,28000001,Carrefour,,Carrefour
node,25214383,48.0551064,0.2528748,72190003,Total Access,Total,Relais Total De Courdoux
node,25214386,43.1330752,1.6080164,,,,Garage Fauré
node,25214389,43.2860669,5.4272974,13011017,Total,Total,Relais Total de La Mazenode
node,25214392,44.7737732,-0.5632561,33140012,Auchan,Auchan,Auchan
node,25214406,43.9195980,2.1314092,81000004,Total,Total,Station Total
node,25214414,48.7323223,2.3659318,94542003,Avia,Avia,
node,25214429,43.1229497,5.9382384,83000010,Total Access,Total,Relais Total du Champ de Mars
node,25214447,48.1297666,7.3690261,68019001,Cora,Cora,Station Service Carrefour
node,25214449,45.1973462,0.7005992,24000011,TotalEnergies,Total,Station Total
node,25214466,48.1055636,5.1423301,52000010,Intermarché,Intermarché,Intermarché
node,25214475,48.9290145,2.5544527,93190001,Carrefour,Carrefour,Carrefour
node,25214478,44.3904216,-1.1606360,40600004,Station U,Les Magasins U,Station U
node,25214491,43.6959660,1.8164349,81500007,Eni,,Eni
node,25214494,46.6931510,4.8429032,71240009,,Fulli,Station Fulli de la Ferté
node,25214535,45.6746751,5.9297197,73182003,Eni,Eni,Eni
node,25214540,49.0831867,6.1100768,57160001,Carrefour,Carrefour,Carrefour
node,25214542,48.7453939,1.9220591,78310001,Auchan,Auchan,Auchan
node,25214548,45.6517071,4.8359690,69360011,Total,Total,Station Service Total Access
node,25214550,46.0636903,6.4105061,74130004,Shell,Shell,Shell
node,25214553,44.5698245,6.1049655,5000019,Intermarché,Intermarché,GAP GPL 24/7 OBBLIGATORIO
node,25214555,45.0364789,5.0539107,26300011,TotalEnergies,Shell,TotalEnergies
node,25214560,48.2690069,5.8595329,88170007,TotalEnergies,,TotalEnergies
node,25214563,47.8519527,2.6843245,45290003,Esso,,Esso
node,25214565,47.6965887,1.5015725,41500001,Station U,Super U,
node,25214576,47.1787698,5.3328362,21130010,E.Leclerc,E.Leclerc,Station Service E.Leclerc
node,25214579,49.8545906,2.5222420,80800007,Avia,Avia,Avia
node,25214619,43.9776182,4.8577703,84130010,TotalEnergies,Total,Relais Total de l'Oseraie
node,25214622,48.7258669,-1.1664429,50370005,Total,Total,
node,25214624,48.9571951,2.5596915,93420008,Esso,BP,Esso
node,25214635,43.1107022,0.6138749,31210007,Avia,,Avia
node,25214643,45.8563550,5.9484302,74150002,Système U,Hyper U,La Station U
node,25214653,48.8801814,2.3707442,75019017,TotalEnergies,Total,Relais des Chaufourniers
node,25214655,43.6602877,7.1400269,6800029,Esso,Esso,Esso
node,25214673,47.4991511,3.9077940,89200003,Avia Xpress,Auchan,Avia
node,25214675,44.8394561,-0.4921588,33370014,Total Access,,Total Access Tresses
node,25214678,45.1502236,0.7990595,24330007,Total,Esso,Esso
node,25214687,45.7881819,3.0565525,63000024,Total Access,Total,Relais Champradet
node,25214698,49.0821952,2.0694170,95650002,Total Access,Total,Total Access
node,25214701,43.9298368,4.8331614,84000001,Carrefour,Casino,Carrefour
node,25214707,49.1892707,-0.3481785,14000019,TotalEnergies,Total,Relais Total Saint-Gilles
node,25214712,48.9642645,3.0533449,77260012,Eni,,Eni
node,25214713,48.9346389,2.3941778,93120005,TotalEnergies,,TotalEnergies
node,25214714,44.0042165,1.3411224,82000015,TotalEnergies,Total,Relais Total du Tescou
node,25214718,48.5786528,6.5182816,54300001,Carrefour,Cora,Carrefour
node,25214720,49.2933801,0.9545628,27670005,TotalEnergies,,Total Contact
node,25214725,50.3807948,3.2208517,59146002,Total Access,Total,Total Access
node,25214728,43.4214639,-0.5989860,64170012,Eni,,Eni
node,25214731,48.7728054,1.9909363,78190012,Esso,EG RETAIL (France) SAS,Esso - Trappes Luther King
node,25214740,43.3497115,5.3426548,13016008,TotalEnergies,Elf,Total Access
node,25214749,43.4695292,5.6546731,13790005,Shell,,Shell
node,25214751,50.4810893,2.9372452,62220001,Total,Total,Station Total
node,25214754,46.1887802,5.2439141,1000004,Total,Total,Station Total
node,25214766,49.5076127,-1.4658201,50700002,TotalEnergies,Relais Total du Bocage,Total
node,25214769,49.0714919,2.5514194,95470008,,Shell,
node,25214771,48.1600789,6.4508936,88000011,Eni,,Eni
node,25214777,49.4314481,2.1179266,60000012,Total,Relais Total de L'espace Saint-Germain,Total
node,25214796,43.5707585,3.9416495,34070002,Auchan,Auchan Carburants,Auchan
node,25214815,48.7478852,2.1970540,91570003,BP,BP,Station BP Chat Blanc
node,25214820,43.2102814,0.0738776,65310001,Carrefour,Casino,Carrefour
node,28381674,43.5986725,7.0877385,6600024,Total Access,Total,Total Access
node,28381675,43.5982872,7.0872941,6600023,Total,Total,
node,30121161,45.0371738,5.0695290,26300003,Total Contact,Total,Total Contact
node,31119565,43.6031131,7.0851266,6600001,Carrefour,,Carrefour
node,32524965,48.9081753,-1.1042000,50420001,Shell,Shell,Shell
node,32565249,47.3072473,5.1009982,21800009,TotalEnergies,Total,TotalEnergies
node,34991534,45.7384630,4.8675169,69008007,Total Access,,Total Access
node,35729390,45.7433797,4.7717309,69340002,Esso,Esso,Esso
node,35966282,42.6216737,2.4361298,66500003,Intermarché,Groupement des Mousquetaires,Intermarché
node,35966284,42.6253451,2.4303129,66500001,Super U,Super U,Super U
node,36261416,47.4243460,5.8387660,,Carrefour Contact,Carrefour,Carrefour Contact
node,36268849,45.7476260,4.7383603,69290003,Intermarché,Groupement des Mousquetaires,Intermarché
node,36427055,47.3375599,2.9274320,58150003,Total,Total,Station Total
node,48803384,47.1569535,2.9111347,18140003,Esso,,Esso
node,48813685,47.1926421,3.0141778,58400001,Auchan,Avia,Station Avia XPress
node,50801547,47.9740745,0.2177280,72000012,Carrefour,,Carrefour
node,57371598,48.9355197,2.2076713,95870009,Total Access,,Total Access
node,59849914,41.9267498,8.7835124,20189002,Total,Total,Total Campo Dell'Oro
node,59851451,41.6846241,8.9212029,20113002,Total,Total,Total
node,59852860,41.6486269,8.9454149,20100003,Vito,,Vito
node,59853077,41.4913211,9.0577021,20131002,Total,Total,
node,59898198,41.6150759,9.2804315,20137006,Total,Total,Total
node,59898236,41.6387308,9.3357714,20137008,Vito,Vito,
node,60351222,41.6347228,9.2941026,20137004,Total,Total,Total Trinité
node,60351226,41.6988556,9.3454760,20144003,Vito,Vito,
node,60465042,42.1131618,9.5135955,20270001,Vito,Vito,Vito
node,60471137,42.5590442,8.7978162,20260003,Vito,Vito,Vito
node,60668156,42.0136246,9.4039387,20240001,Vito,Vito,Vito
node,60668425,42.0192586,9.4076575,20240005,Vito,Vito,Vito
node,60668426,42.0209993,9.4089696,20240002,TotalEnergies,Total,Total
node,60668427,42.0222840,9.4104566,20240004,Vito,,Vito
node,60676558,42.6319967,8.9441642,20220001,Total,,Total
node,60676563,42.6093647,8.8804239,20220006,TotalEnergies,Total,Total
node,61271647,47.4127556,0.7013376,37100013,Auchan,Auchan,Auchan
node,66492656,48.8315802,2.3158225,75014012,Total,,Total
node,69306634,48.1586933,-1.6884959,35760004,TotalEnergies,,Total
node,76856401,43.6264875,3.8764609,34090003,Total,Total,Total
node,86020998,48.9100463,2.0324801,78241001,Carrefour,Carrefour,Carrefour
node,92783187,48.3693650,2.8276239,77250004,Carrefour,,Carrefour
node,106048757,45.2517368,5.0271741,26390001,Intermarché,SAS Blaisani,Intermarché Hauterives
node,119839788,48.3749030,2.8107244,77250002,Intermarché,Groupement des Mousquetaires,Intermarché
node,122341533,47.8361916,-3.1639239,56440003,Total,Total,Total
node,130176993,45.8505871,3.4070656,63190011,TotalEnergies,,TotalEnergies
node,144698270,45.8210773,4.7659386,69571001,Auchan,Auchan,Auchan
node,158780440,48.8240580,8.0319413,67480001,TotalEnergies,Total,Total Contact
node,182785032,43.4521210,3.4181329,34120002,TotalEnergies,Total,Total
node,185842068,47.2574082,5.9240431,25115001,Super U,Super U,Super U
node,191947516,45.4479552,6.0967091,73110003,Super U,,Super U
node,198052744,49.1596824,5.8811747,54800004,Avia,,Avia
node,199040487,48.7444381,2.2220969,91430003,BP,BP,BP
node,199054408,48.7463661,2.1967040,91570004,TotalEnergies,,TotalEnergies
node,206311550,49.1657170,5.8639837,54800001,,,Match
node,206333097,49.1540561,5.8924005,54800006,TotalEnergies,Total,Total
node,207059711,48.6001008,7.7793272,67000032,Eni,Agip,Eni
node,211258624,46.5724596,4.9038708,71700006,TotalEnergies,Total,Relais Paris Savoie
node,211258625,46.5725575,4.9045398,71700009,Eni,Eni,Eni
node,215818562,49.1294871,6.1651610,57000022,TotalEnergies,Total,TotalEnergies Access - Relais Port Mazerolle
node,232576197,43.5476737,1.4722794,31520007,Avia,,Avia
node,232881466,49.2492320,5.9267853,54150004,Total,Elan,Total
node,232886600,49.2518415,5.9383429,54150001,Elan,Elan,Elan
node,233174590,48.8188686,2.1676348,92410001,Esso,Esso,Esso
node,233294291,48.0417019,6.5832853,88200015,TotalEnergies,Total,Total - Porte des Hautes-Vosges
node,239693490,43.7668308,1.6921175,81370002,Total Contact,Total,Total Contact
node,240990868,47.3968049,-0.5291912,49610001,Système U,Système U,Hyper U
node,241584592,47.0909079,2.4212833,18000002,Carrefour,Carrefour,Station Carrefour
node,243201307,48.3966637,2.4190994,91490004,Carrefour,Carrefour,Carrefour Market
node,243228048,45.7481151,4.9312038,69210002,,Carrefour,
node,244892742,47.4675188,-0.5938498,49000002,Carrefour,Carrefour,Carrefour
node,245918715,46.8915224,5.0244939,71350001,Avia,Avia,Avia XPress
node,246639031,43.7164202,1.5612028,31380002,Intermarché,Groupement des Mousquetaires,
node,247402076,45.5066636,4.2640937,42170003,TotalEnergies,,TotalEnergies
node,247875101,44.9996627,5.0006253,26300012,TotalEnergies,TotalEnergies,TotalEnergies
node,249138035,45.2348675,4.6720515,7100006,Total,,Total Contact
node,249139222,45.2609353,4.7020098,7430002,Carrefour Market,,Carrefour Market
node,249331849,45.7472501,4.8669996,69003012,Avia,Avia,Avia
node,250062694,47.3055969,5.0508625,21000010,Esso,Esso,Esso
node,251080325,43.6809087,6.9688040,6520001,Esso,Esso,Esso
node,251142694,45.5335242,5.9563799,,,,
node,251434431,43.6116145,6.9779326,6250011,Esso,,Esso
node,252155883,45.7571402,4.7806286,69160001,Auchan,Auchan,Auchan
node,252621212,43.7275257,7.2558172,6000036,Esso,Esso,Esso
node,253617696,45.0756384,5.2109049,26730006,Esso,,Esso Porte de la Drôme
node,255003455,48.8841896,2.2703742,92200005,Total,,Total
node,255534723,44.8618494,-0.5854680,33300005,Total Access,,Total access
node,256671794,43.5209140,1.5119067,31320001,Intermarché,Groupement des Mousquetaires,
node,257100741,43.4713551,5.6442539,13790003,Avia,,Avia
node,258064813,48.1138068,-1.6392535,35000020,Total Access,Total Access,Total Access
node,258598863,48.0891240,7.3190396,68040001,Total,Total,Total
node,259284911,48.8391995,2.2925362,75015003,Esso,,Esso
node,260151582,48.4014530,2.9361464,77130003,Total,,SILIGOM - KPL AUTO
node,260424479,48.0842283,7.3458128,68000020,Eni,Eni,Eni
node,260425789,48.1917158,7.3242097,,Elan,Elan,Elan
node,260643320,48.0808960,-4.3280189,29100007,Total Access,Total,Station Total Douarnenez
node,262066916,45.7568039,6.3992793,73400001,TotalEnergies,,Total Energies
node,262181088,48.7478381,1.2704657,28500007,TotalEnergies,Total,Relais Total De La Couette
node,262276013,48.8593280,2.3146561,75007004,Total,,Total
node,262349665,44.0433975,3.8593798,30460001,,,Super Lasalle
node,262395590,45.9269343,4.5581137,69620004,Avia,Avia,Avia Station des Plaines
node,262855338,46.2159697,4.5192088,,Total,Total,Total
node,262859516,46.1393254,4.6082356,69430004,Dyneff,Garage Deprele,Dyneff
node,263203959,49.3197940,5.8002580,54970001,Intermarché,,Intermarché
node,264161003,44.5262761,6.4091376,5160001,U,Super U,Station service Super U
node,264599786,45.0457255,6.1273186,38142001,Avia,Avia,Le Relais de l'Oisans
node,264600277,45.0841683,5.7604037,38220003,,,Station Mousquetaires
node,265604314,48.0755913,7.3662659,68000009,Avia,Avia,Avia
node,266232387,47.9171917,-1.8566078,35580004,Total Access,EURL Station Colas,Total Access - Station Colas
node,266288992,43.2929193,5.4018419,13005012,TotalEnergies,Total,TotalEnergies
node,266398597,48.0820788,-1.7119911,35136004,Carrefour Market,Carrefour,Carrefour Market
node,266749734,46.9505855,2.0073799,36100006,E.Leclerc,,Station Service E.Leclerc
node,266982387,49.3053044,2.6040442,60700004,Total Access,,Relais Pont Sainte-Maxence
node,267331059,45.6142599,5.2249577,38080003,Carrefour,Carrefour,Station Carrefour Isle d'Abeau
node,267652178,48.8609726,2.2828299,75016022,Esso,,Esso Paris Paul Doumer
node,267875127,43.6671839,6.9850818,6650003,Avia,Avia,
node,268042123,47.5622993,1.4498501,41250001,Intermarché,,Intermarché
node,268130821,45.7325035,4.8807716,69008008,Total Access,Total,Relais Total Lyon Mermoz
node,268210810,49.2436805,0.7733808,,Shell,Shell,Shell
node,268332392,49.1067020,6.2308877,57071001,Carrefour,Carrefour,Carrefour
node,268543757,43.7818327,7.4804301,6500004,Intermarché,,Intermarché
node,269958982,48.2930685,6.9418360,88100008,Eni,Eni,Eni
node,270207692,43.6646418,7.1711901,6800017,Total,Total,Relais Val Fleuri
node,270251776,43.6537998,7.1474558,6800020,Total Access,Total,Total Access
node,270251779,43.6538060,7.1468035,6800031,Eni,Eni,Eni
node,270496801,49.9220837,2.3039651,80300004,Carrefour,Carrefour,Carrefour
node,270545349,48.7423517,7.3570515,67700011,TotalEnergies,,Total Access
node,270628330,43.7641372,7.4807999,6190008,Total Access,Total,TotalEnergies Access
node,270628335,43.7636018,7.4799828,6190004,Esso,Esso,Esso
node,270667056,48.5992715,0.1717555,61500004,Carrefour,,
node,270690578,43.2866017,5.3998902,13005011,Esso Express,,Esso Express
node,270804202,43.6868471,5.5022877,84120009,,,Station Énergie
node,270804343,43.6972151,5.5046509,84120008,Esso,,
node,270804398,43.7030455,5.6671750,,,,
node,270957222,44.9020226,5.0077524,26120001,TotalEnergies,,TotalEnergies
node,271120295,43.4178144,5.2277192,13700007,Intermarché,Intermarché,Intermarché
node,271120320,43.4219224,5.2322734,13700006,Independent,Socarmec,DLG
node,271327478,42.6030406,8.8265020,,Total,Total,ViTO
node,271502120,43.5798331,6.9959736,6250001,Carrefour,Carrefour Market,Carrefour Market (Essence)
node,271925518,43.2161300,2.3449031,11000014,Dyneff,,Dyneff
node,271956093,48.7684781,2.4031898,94600003,Esso Express,Esso,Esso Express
node,272038072,43.4341732,5.2598514,13741001,Carrefour,Carrefour,Station Service Carrefour
node,272386597,43.5774386,7.1068928,6600027,Intermarché,Intermarché,Intermarché
node,272600867,44.4813590,-1.0798931,40460001,Intermarché,Groupement des Mousquetaires,Intermarché
node,272631884,48.8826553,2.2475364,92800008,Esso,,Esso
node,273216328,47.8665102,4.5733883,21400005,Intermarché,Groupement des Mousquetaires,Intermarché
node,273761700,48.2147427,1.1793525,28160006,Intermarché,Groupement des Mousquetaires,Intermarché
node,275249829,48.3723453,-4.5850785,29280001,Carrefour,Carrefour,Carrefour
node,275400126,44.0961232,6.9863782,,,,
node,275673510,45.8467579,1.1720435,87430004,Avia,,Avia
node,276003178,43.3940417,5.1323468,13220003,Carrefour,,Carrefour
node,276739458,48.2485824,7.1897979,68160002,Super U,Super U,Super U
node,276779582,45.3131271,5.8878413,,Avia,Avia,Avia
node,276816311,43.6390376,6.9763136,6130012,Magasins U,,Station U - Plascassier
node,276956482,43.7165771,7.2822911,6000037,Avia,,Avia
node,277386211,48.8688126,2.4483155,93100011,Esso,Esso,Esso
node,278119170,47.8886509,6.7733736,88160003,Intermarché,,Intermarché
node,278646239,47.6042335,1.3511879,41260001,Carrefour,Carrefour Market,Carrefour Market 24/24
node,279200876,44.0662113,7.2573029,,,,
node,279321986,47.9074949,2.0610904,45430006,TotalEnergies,,Total Access
node,279923562,45.8278690,1.2916330,87350004,Netto,Netto,Netto
node,280024270,49.3097383,3.6866893,51170001,Carrefour Market,,Carrefour Market
node,280246991,44.1879925,5.9465948,4100001,,,La station U
node,280248142,44.1929642,5.9445569,4200010,,,Carburant Loti
node,280706506,45.7504773,4.9089969,69500012,Station service intermarché,Casino,Station service intermarché
node,280707135,45.7499162,4.9127536,69100022,TotalEnergies,Total,Total
node,280707164,45.7522460,4.9001622,69500011,Avia,Avia,Avia
node,280865523,43.5810686,3.9310883,34973001,Carrefour,,Carrefour
node,280948806,43.6233235,3.8985873,34170001,Station U,Super U,
node,280990282,44.8872618,-0.5518032,,AS 24,AS24,AS 24
node,280990411,47.7367249,-3.4331560,56270007,TotalEnergies,Total,Total Lann Bihoué
node,280999564,48.9252449,2.2910145,92230003,Carrefour,,Carrefour
node,281068424,43.6583551,6.9939574,6650002,,,Garage Delpy Sunnycar
node,281239284,46.1040497,6.5905246,74440002,Avia,AVIA,AVIA
node,281335800,46.8399831,0.5473302,86100010,Intermarché,,Intermarché
node,281437848,48.1876167,3.3039746,89100001,Carrefour,Carrefour,Carrefour
node,281787672,49.2189134,3.9321057,,Elan,Elan,Elan
node,281969443,48.9068186,2.3004464,92110010,Total Access,Total,Total Access Pont de Clichy
node,282238629,47.2296133,-0.0701322,,,Elan,Gillet Millon / Renault
node,282253031,48.0785068,-0.7990483,53002001,Carrefour,Carrefour,Carrefour
node,282430137,43.5410125,4.1359234,30240001,Super U,,Super U
node,282457146,45.8066269,3.1095788,63000023,Total,Total,Total
node,282457768,43.6469432,3.8433021,34980001,Carrefour,Carrefour,Carrefour
node,282517115,48.6186808,-1.8491048,35114002,Total,,Total Énergies
node,282544989,48.1714802,-1.7201628,35520002,TotalEnergies,Total,Total
node,282645087,45.4899581,0.2746851,16320003,Super U,Super U,Super U
node,282712657,48.0713150,-0.7463169,53000008,Intermarché,Groupement des Mousquetaires,Intermarché
node,282863281,48.3060875,-3.1633683,22480001,Station U,Super U,Super U
node,283201406,42.7015739,2.9439542,66962001,Carrefour,Carrefour,Carrefour
node,283281691,49.3086173,3.6964983,51170002,Total,Total,Total
node,283282307,49.2748969,3.8698692,51140005,Total,Total,Total
node,283468719,43.7316784,5.8177772,83560010,Auchan,,Auchan
node,284145780,45.6534679,0.9807095,87230002,Intermarché,Intermarché,Intermarché
node,285766897,45.5909377,2.7589517,63150001,Auchan,Auchan,Auchan
node,286017391,48.5619622,7.6952215,67200001,E.Leclerc,,Station service Auchan
node,286213265,46.7550609,5.2457115,71330001,Super U,,Station U
node,286363836,46.2538432,6.1181645,1210001,Carrefour,Carrefour,Station Service Carrefour
node,286645946,47.3427258,1.1696625,41400001,Système U,Super U,Station Super U
node,287046367,44.0825230,4.0740223,30380001,Intermarché,,Intermarché
node,287113975,48.4771747,-3.1867549,22390001,Carrefour Contact,,Carrefour Contact
node,287414333,48.0299855,2.3144667,45340002,TotalEnergies,Garage Le proust,Total
node,287497615,44.3622019,2.0349640,12200002,Carrefour,Carrefour,Carrefour
node,288358335,43.8081873,4.2322967,30980002,Netto,Netto,Netto
node,288551381,43.6261457,1.3984428,31700004,Esso,Esso,Esso
node,288959935,48.7546741,7.5909626,67270003,Intermarché,,Intermarché
node,288960764,48.7101334,7.7082189,67170006,Intermarché,,Intermarché
node,289134864,43.6098728,1.3528642,31770004,Esso Express,Esso,Esso Express
node,289415229,47.3228500,-2.0837569,44480002,Intermarché,Station Marché,
node,290157801,48.9884068,-1.5194544,50590004,Carrefour,Carrefour Contact,Carrefour
node,290766662,43.6487363,5.2652089,13410004,Carrefour Contact,Carrefour,Carrefour Contact
node,290811865,49.3198580,1.1558631,27460003,Esso Express,Esso Express,Esso Express
node,290899083,45.7242880,3.3344097,63160002,Intermarché,Groupement des Mousquetaires,Intermarché Super
node,291327922,48.2172103,1.1780659,28160005,U,Super U,Super U Brou
node,291392952,45.9416699,6.1484804,74370001,TotalEnergies,Total,TotalEnergies
node,291508773,47.3492342,-0.8575397,49620001,Super U,,Super U
node,291576812,43.5711331,7.0145608,6110004,Esso Express,Esso,Esso Express
node,291577155,49.4841023,0.4491488,76430006,,Total,
node,292109969,45.7859180,6.2226714,74210002,Avia,,Avia
node,292243041,48.4416596,-1.9147102,35720004,Carrefour,Carrefour,Carrefour Contact
node,292501781,43.0888372,5.8524698,83140007,Total,Total,
node,292753360,45.8520375,6.0623679,74600015,TotalEnergies,Total,Total
node,292754416,45.8019977,5.9750310,74540002,TotalEnergies,Elan,TotalEnergies
node,292763129,45.6726921,6.3917943,73200006,Total,,Total
node,292835429,48.2793599,6.9583449,88100005,Intermarché,,Intermarché
node,292888324,48.4503662,1.2541662,28190003,Super U,Super U,Super U
node,292911028,45.6511016,-1.0858215,17420001,Super U,,Super U
node,292995061,45.5437523,3.2324921,63500008,Intermarché,Groupement des Mousquetaires,Station service d'Intermarché
node,293532973,43.1593724,6.0640964,83210006,K9,,K9 La Farlède
node,293645445,43.5901576,3.8547344,34070003,Carrefour,,Carrefour Market
node,293708004,48.9798305,5.7121337,55210001,Total,Total,Total
node,293733181,47.5208607,-0.4473435,49112001,Netto,Groupement des Mousquetaires,Netto
node,293900824,48.2670906,1.6321958,28150001,Carrefour Market,Carrefour Market,Carrefour Market
node,293917239,48.1919725,1.3920250,28800003,TotalEnergies,TotalEnergies,TotalEnergies Contact
node,295001502,47.3534209,2.1806489,,TotalEnergies,,TotalEnergies
node,295400441,48.6009949,7.6522804,67202003,Total Access,Total,Total
node,295444331,48.7614168,1.9454594,78310006,TotalEnergies,TOTAL,TotalEnergies - Relais Maurepas
node,295679115,48.4049688,7.1631977,67420001,TotalEnergies,,Total
node,295791788,43.1080739,5.8773764,83500008,Avia,,Avia Eurl Marina
node,295913271,44.8230245,5.6211185,38930001,,,La Remise
node,295921075,44.4365585,5.7132782,5700002,,,Les Chambons
node,295923272,44.3486766,5.7688631,5300004,,Esso,Garage du Riou
node,295923284,44.3114184,5.8297425,5300001,TotalEnergies,Total,TotalEnergies
node,297449675,45.5634595,5.9023597,73000013,TotalEnergies,Total,Total Access
node,297514433,47.8103187,-1.9384277,35550004,U,,Station U
node,297657871,44.9018997,1.2109771,24200001,Carrefour,Carrefour,Carrefour
node,297750456,43.5063058,5.3986917,13545001,Carrefour,Carrefour,Carrefour
node,297999927,49.1076747,6.2060168,57070011,TotalEnergies,SARL Navarro,Relais des Plantières
node,298914819,45.3624652,5.9551451,38660001,Total,Total,Station Service Total
node,298915407,48.8563472,2.3151704,,,,The Gazoline Stand
node,299076155,48.7212366,-3.4821048,22300005,Intermarché,Groupement des Mousquetaires,Intermarché
node,299161202,15.9773793,-61.6339594,,Total,,Total
node,299272114,45.8714798,6.6305294,74120011,Auchan,,Auchan
node,299294361,43.0928155,5.8446530,83140009,Intermarché,Intermarché,Intermarché
node,299981170,47.6750804,6.5204466,70200006,Total,Total,Total
node,300009151,50.6524765,3.1266543,59290002,Esso,Esso,Esso La Pilaterie
node,300710517,43.4602870,6.7425682,83600025,BP,BP,BP
node,300715029,43.4354793,6.7248228,83600020,Total,Total,Total
node,300735584,48.3282580,7.6916092,67860001,Super U,Super U,Super U
node,300994669,48.8034973,1.7822045,78940001,Auchan,,Auchan
node,301183071,48.1506874,2.7641240,45680004,Intermarché,Groupement des Mousquetaires,Intermarché
node,301314787,43.3190636,3.3022290,34420004,Intermarché,,Intermarché
node,302014807,43.5850309,1.3733541,31100003,Intermarché,,Station Intermarché
node,302550766,43.1279688,5.9058578,83200004,Esso,Esso,Esso
node,302948726,44.7975167,3.2764890,48200005,Système U,,
node,303156190,48.9747020,8.1562379,67630001,Carrefour,Carrefour,Carrefour
node,303197139,48.1451594,2.6948707,77570001,Carrefour,,Carrefour Market
node,303819165,46.4374466,4.6498213,71250008,Carrefour Market,Groupe Carrefour,Carrefour Market
node,304247164,45.5043449,6.0385491,73800003,Total,total,Total
node,304251460,45.2686133,6.3672235,73300002,Eni,Eni,Eni
node,305245213,42.8775240,2.1833378,11500002,TotalEnergies,Garage Roosli,Total
node,305649267,44.8496701,0.5357827,24100011,Intermarché,Intermarché,Intermarché
node,306623879,47.2150921,-1.6856848,44220002,Station U,Super U,
node,306654407,47.2743264,-1.7801263,44360009,Total,,Total
node,307151261,48.5970753,6.4769657,54300002,Total,Total,Total
node,307151282,48.5973117,6.4824466,54300008,,,Ducs de Lorraine
node,307372951,48.8611046,2.3413657,75001003,OIL!,,Oil France
node,307408460,43.5367945,6.9344892,6210009,Esso,,Esso Relais l’Esterel
node,307548962,48.0198043,6.6152498,88200018,Total,Total,Total
node,308510494,48.6051456,-3.8998482,,,Spar,
node,309048022,43.8265449,-0.8035238,40400004,Carrefour,Champion,Station Carrefour
node,309132094,47.7718067,7.3871582,68313001,Carrefour,Carrefour,Station Carburant Carrefour
node,309654919,48.8475898,2.3031985,75015034,Avia,Avia,Avia
node,309847046,48.9237918,2.2041044,78800001,Auchan,Auchan,Auchan
node,310348473,48.3179053,2.0917683,,,,
node,310532149,45.9394003,-1.3064958,17310001,Système U,,Station U
node,310817395,48.7445816,-3.4770096,22300007,Intermarché,Groupement des Mousquetaires,Intermarché
node,310817773,48.7251213,-3.4383711,22302001,Total Access,Total,Arcadie Lannion
node,310929860,48.8215612,7.9661567,67620001,TotalEnergies,Total,Total
node,311748880,42.5010828,2.7582940,66400004,Intermarché,Groupement des Mousquetaires,Intermarché
node,312218346,43.5467178,1.3513406,31270005,Carrefour,,Carrefour
node,313405505,48.7674540,1.9513017,78990010,TotalEnergies,Total,TotalEnergies Access - Relais Élancourt
node,313491212,45.6366605,0.2100782,16800001,,Carrefour,Station essence Carrefour
node,314066061,50.8088060,1.6115115,62164001,,,Garage Dupuis Deberdt
node,314068777,50.7652158,1.6184814,62126001,Carrefour,Carrefour,Carrefour
node,315123765,48.8464653,2.2801018,75015036,Avia,,Avia
node,317893204,44.8749657,4.8787413,26800009,Auchan,,Auchan Carburant
node,318443000,48.5979387,-2.4741407,,,,
node,320203219,48.9003252,2.3734463,75019014,TotalEnergies,Total,TotalEnergies
node,320619326,47.2052060,2.0721767,18100008,Intermarché,Groupement des Mousquetaires,Station essence
node,320620916,48.0467749,-1.7129394,35131002,Carrefour,Carrefour,Carrefour
node,321479851,50.6446588,3.0281182,59130001,Esso Express,Esso,Esso Express
node,321488409,45.7880510,3.0580465,63000008,Esso Express,Esso,Esso Express
node,321646762,46.2932284,6.0786604,1170001,Carrefour,,
node,321676623,47.7650667,2.3768495,,TotalEnergies,,
node,321863855,49.2212915,2.5895266,60300005,Intermarché,Groupement des Mousquetaires,Intermarché
node,323161771,47.7858952,-3.4913960,56520001,Système U,Super U,Système U
node,323192517,48.0655274,2.8911150,,TotalEnergies,Elan,TotalEnergies
node,324216756,45.1798675,5.7116767,38100013,Esso,,Esso
node,324565260,48.2493491,7.4361954,67600001,,,Match
node,325225452,47.4269771,2.9315262,58200010,,LC Reprog,
node,325766149,48.7801034,2.4444963,94000011,TotalEnergies,Total,Total
node,327162833,48.4611733,-2.5025103,22400005,Intermarché,Groupement des Mousquetaires,Intermarché
node,330170596,48.7923876,2.3697290,94800007,Total Access,,TotalEnergies Access
node,331033226,44.0760050,1.5185767,82800001,Super U,,Station U
node,331478601,48.1451885,0.1701948,72380001,Station U,Super U,Super U
node,331483009,48.1092563,-1.3891353,35220002,Système U,,Station U
node,332271817,44.8330261,0.4774476,24100012,Intermarché,,Intermarché
node,333091561,45.0746326,5.5532088,38250003,Avia,Avia,Avia
node,338320455,45.5374663,4.8733217,38200017,Carrefour Market,Carrefour,Carrefour Market
node,338322286,43.1904731,5.6022527,13600023,Intermarché,,Intermarché
node,338434912,49.0469064,3.9497976,51200004,Esso Express,,Esso Express
node,338915755,43.1873621,5.6022941,13600005,Carrefour,,Carrefour
node,339028819,47.2996336,-1.4985849,44470005,Super U,Super U,Super U
node,339073655,45.2843344,1.7726265,19000003,Intermarché,Groupement des Mousquetaires,Intermarché
node,339346042,48.8011186,2.3396823,94110004,Esso,Esso,Esso
node,339517559,47.7584178,7.3299044,68200025,Eni,Eni,Eni
node,340259260,45.9169922,6.1284360,74000004,Esso Express,Esso,Esso Express
node,343700236,43.1044660,1.6307862,9100001,Intermarché,Intermarché,Intermarché
node,344102236,47.7698499,2.4752312,45570001,Intermarché,Ecomarché,Intermarché
node,344177548,47.7945083,-4.2807567,,,Docks & Mer,Gazoil Pêche
node,344473799,48.7820209,2.4578987,94012001,Carrefour,,Carrefour
node,348121352,48.6227063,2.3634382,,AS24,AS24,AS24
node,348534298,47.7925726,-4.2812027,,,SOCAB,Gazole Pèche
node,349329265,46.9825087,3.1230321,58000007,Intermarché,Groupement des Mousquetaires,Intermarché
node,351094109,48.0133740,-1.7029171,,Elan,,Elan
node,351898537,43.5743790,7.1238780,6600008,Esso Express,Esso,Esso Express
node,354518041,44.0313383,5.9718746,4190001,Intermarché,Groupement des Mousquetaires,Intermarché
node,355611513,48.1983301,1.8897750,28310002,TotalEnergies,Total,TotalEnergies
node,356054935,48.1215992,2.3534603,,,Elan,
node,357146957,49.3684953,1.9867531,60390001,Carrefour,Carrefour,Carrefour
node,357462021,47.3435003,0.6151557,37510001,Auchan,,Station Auchan Supermarché
node,359040751,50.6687824,1.8236815,62240004,Carrefour,Carrefour,Carrefour
node,359040755,50.6684058,1.8227851,62240003,Esso Express,Esso Express,Esso Express
node,359547856,45.2437515,4.6681105,7100002,Système U,,Station U
node,360444060,43.5719029,7.0162470,6110002,Avia,Avia,Avia
node,363589546,48.9016235,2.2784948,92400013,,8 à Huit,Station Quai Joffre
node,363985038,43.6344124,5.0909047,13300008,Intermarché,Groupement des Mousquetaires,Intermarché
node,364621416,43.2742888,5.3936890,13008016,TotalEnergies,Total,Total Rabateau
node,364880629,43.2628872,5.3932651,13008017,TotalEnergies,,Total Access
node,365554953,43.5868146,7.1185786,6600009,Esso Express,Esso,Esso Express
node,365623276,43.6157762,1.4210984,31200022,Total Access,Total,Total Access
node,366188300,45.2543562,4.6888370,7430006,Avia,,Avia
node,366599553,43.3254092,1.7555477,,,,
node,366682833,49.2202876,2.1388549,60110002,Auchan,Auchan,Auchan
node,366832335,43.4064963,1.7087490,31290007,Super U,Super U,Super U
node,366954083,43.3248945,2.5202254,,,,Bourrel
node,367849451,43.5904767,7.1209732,6600022,Total,Total,Total
node,367851229,43.5920768,7.1043399,6600010,,Esso,
node,369464489,49.2482115,0.9628235,27370002,Intermarché,,Intermarché
node,369732437,47.7390684,7.2918407,68200004,,Cora,Cora
node,371754651,47.2212277,2.0649126,18100015,Carrefour Market,Carrefour,Carrefour Market
node,371820766,46.8057323,1.6981270,36000009,TotalEnergies,,Total Access
node,372397119,45.5516138,3.2676655,63500002,Carrefour,,Carrefour
node,373054612,43.3049410,6.6285639,83120006,TotalEnergies,Total,TotalEnergies
node,373464303,49.9016187,2.3271136,80136003,LM,LM,
node,373751052,47.6316430,7.1092672,68210002,Intermarché,Groupement des Mousquetaires,Intermarché Super
node,376003393,47.6366058,6.8377397,90000015,Total Access,Total,Total Access
node,381902759,-20.8991005,55.4754317,,Tamoil,,Ola Energy
node,384349102,43.3527900,1.8098940,31290012,E.Leclerc,,E. Leclerc
node,384597322,42.7574994,2.8645940,66600001,Intermarché,,Intermarché
node,386180249,48.9339934,7.6688388,67110001,,,Match
node,386191418,49.0267796,7.9464318,67160001,Match,,Match
node,387796308,48.6768121,7.8482489,67840002,TotalEnergies,Garage Laas,TotalEnergies
node,388557283,45.4398891,3.3038130,,,,
node,390000326,45.7747247,3.0645750,63400001,Esso,Esso,Esso
node,390283869,47.5134112,2.1506617,,TotalEnergies,TotalEnergies,TotalEnergies
node,391969892,43.6693113,1.3671745,31700007,Netto,NALHA,Netto
node,392252236,43.8008941,5.0048715,13750003,Esso,,Esso
node,392671675,45.4237936,4.4101399,42100021,TotalEnergies,,TotalEnergies
node,392962548,46.9418603,1.9879119,36100001,Carrefour Market,Carrefour,Carrefour Market
node,393333993,49.1130589,-1.1254127,50180005,Esso,Esso,Esso
node,393364796,43.6006641,0.0424196,32160001,Intermarché,Intermarché,Intermarché
node,393432531,49.9079509,2.3180873,80000007,Esso Express,Esso,Esso Express
node,393763069,46.9757585,-2.2418251,85680001,Intermarché,,Intermarché
node,395389943,43.9600824,0.3780070,32100002,Intermarché,,Intermarché
node,401887944,47.8792582,-4.1052046,29950001,Carrefour Market,Carrefour,Carrefour Market
node,401909907,48.8510628,2.4952380,94170002,Esso Express,Esso,Esso Express
node,403327923,48.4657473,1.7575976,28700006,Auchan,Auchan,Auchan
node,403891785,49.3724375,3.8884482,51220001,Intermarché,Groupement des Mousquetaires,Intermarché
node,408053118,45.7371867,4.8240222,69007012,Avia,,Avia
node,408476172,49.2048111,6.9555155,57350001,Auchan,,Auchan
node,409456823,47.4259075,5.8474642,70700003,,,Garage Bobillier
node,410988782,48.8954444,8.0868667,67470001,Super U,Super U,Super U
node,411909518,47.2572122,6.0118570,25000020,Avia,Avia,Avia
node,414264506,46.8385609,5.6881514,35800003,Intermarché,,Intermarché
node,414731221,44.4200841,4.7124428,26290003,Esso,Esso,Esso
node,415421187,48.8866938,2.2081963,,,,
node,415434874,45.6300717,-1.0379075,17200001,Super U,,Super U
node,416706515,48.1612199,7.5437171,67390003,TotalEnergies,,Total
node,416930815,43.8291036,1.7371878,81800003,Elan,,Elan
node,417056127,48.9598570,2.3036385,93800003,Esso,Esso,Esso
node,417614551,48.9783928,2.2924684,95230006,Esso,Esso,Esso
node,417645280,44.4135044,4.1429708,7140002,Station U,Super U,Super U
node,417808720,45.9105327,3.3318388,63350002,Total,Total,Total
node,417809627,45.9118968,3.3344802,63350003,Independent,,Larzat Meyronne
node,418652444,44.1826868,3.4342656,48150002,Avia,,
node,420343255,42.4902976,2.7509382,66400006,Carrefour,,Carrefour
node,420891120,49.1785100,6.4949412,57220002,Super U,,Super U
node,423836418,48.8805192,2.2865793,,,,
node,424068704,49.5210777,4.3737583,8300001,Carrefour,,Carrefour
node,425744143,47.1127093,4.7123607,21360006,Fulli,,Fulli
node,426639690,48.0413504,7.1545735,68140001,Total,Total,Total
node,426924197,43.5813607,1.2741418,31880001,Intermarché,Groupement des Mousquetaires,Station Service Intermarché
node,427569070,47.7756923,7.2936536,68120002,Système U,,Station U
node,427688650,43.2848598,3.5028749,34300009,Total,Total,
node,428171914,43.2764654,-0.1830125,,,Elan,
node,428566009,45.1965285,5.7532137,38700001,Esso,Esso,Esso
node,428960688,47.8201578,-3.4660222,56520006,Total Access,Total,Relais de Guidel Nord
node,429711730,43.2990932,3.4712960,34300001,Système U,Système U,Hyper U
node,429711772,43.3107966,3.4827265,34300002,Total,Total,Total
node,429777022,-20.9429753,55.2973917,,,Caltex,Engen
node,431074839,43.5618828,3.1813198,34600002,Gallien,,Relais Du Bel Air
node,431118278,45.0333108,-0.7989743,33480002,Total,Total,Total
node,431269837,47.9367493,3.2361091,,,AD,
node,431399770,48.6515051,-4.1855765,29430002,Intermarché,,Intermarché
node,431788626,47.6251337,2.7500735,45250001,Carrefour,Carrefour,Carrefour
node,432165008,47.0595278,-0.8899049,49300014,Esso Express,Esso,Esso Express
node,433233081,49.1084928,-1.0711358,50000001,Carrefour,Carrefour,Carrefour station
node,437300841,47.4361960,5.5996320,70100002,Carrefour,Carrefour,Carrefour
node,440756102,42.9735023,1.1520291,9200001,Carrefour,,Carrefour Market
node,440756889,47.9998936,-3.3923058,,,Armorine,
node,440816598,43.1698203,6.5249040,83240001,Carrefour,,Carrefour Market
node,441033430,-22.2776394,166.4690182,,,Total,Station Total Rocade
node,441168327,47.3296057,-1.7838303,44360008,Total,,Total
node,442349524,45.4661024,6.5262334,73600002,Super U,,Super U
node,442894937,-22.2362816,166.4464896,,,Total,Total Ducos Centre
node,443100343,43.9428980,4.5700727,30210006,Avia,,Avia
node,443364815,43.7331220,-0.2685262,40800008,Intermarché,Groupement des Mousquetaires,Intermarché
node,443715344,44.8712839,-0.4690184,33370005,Intermarché,Groupement des Mousquetaires,Intermarché
node,443939309,48.3643293,2.8543193,77250007,Total Access,,TotalEnergies
node,444685980,48.0575141,-1.8721190,35310004,Carrefour Market,,
node,445421555,46.7756730,4.8366696,71100011,Intermarché,Groupement des Mousquetaires,Station Essence Intermarché
node,446190021,44.1950649,3.2019300,,Agip,Agip,Agip
node,446766469,46.2329165,0.6883901,86150002,Intermarché,Groupement des Mousquetaires,Intermarché
node,447031789,49.4066482,2.8121934,60200012,Total,Total,Total
node,448450781,44.0593884,4.7111585,30126009,Auchan,Auchan,Auchan
node,448889424,48.9186948,-1.1891011,,,Esso,
node,448889461,49.0290593,-1.1419258,50750002,Elan,Elan,Elan
node,448915632,48.0456710,6.3984534,88220004,Intermarché,Intermarché,Intermarché
node,449610528,48.0774850,-2.2899883,56430001,Station U,Super U,
node,452285192,49.1088567,6.2072607,57070001,,Auchan Supermarché,Station service Auchan
node,453069199,43.3619718,-1.4037800,64250006,Carrefour Market,Carrefour,Carrefour Market
node,454074086,48.8974906,7.9117409,67660003,Intermarché,Groupement des Mousquetaires,Intermarché
node,454634222,47.8876500,1.8937619,45100004,Carrefour,,Carrefour
node,454962182,45.2859600,1.1113000,,,,
node,454962884,45.0712605,1.1674530,,,,
node,454962937,44.9442685,1.2202427,,Q8,,
node,454963226,45.2668766,1.1377925,24390001,Intermarché,,Intermarché
node,454963229,45.1420885,1.0614694,24210004,TotalEnergies,,TotalEnergies
node,454963231,45.1409424,1.0683506,24210002,Carrefour,,Carrefour Contact
node,454963429,45.1308145,1.2975300,24120006,Intermarché,,Intermarché
node,455965496,48.8240170,-3.4972027,22730001,Station U,Super U,Super U
node,457836536,48.9746449,2.0426431,78570001,TotalEnergies,,TotalEnergies
node,458063975,45.1425676,5.7357518,38320005,Intermarché,Groupement des Mousquetaires,Station Intermarché
node,458094547,43.6287284,7.1329832,6270003,,,Station service des Mousquetaires
node,458437351,45.7565144,1.2905466,,Elan,,
node,458437355,45.4995734,1.1999052,87500005,Intermarché,,Intermarché Contact
node,460030348,48.9997985,2.5226994,95712003,Total,,Total Relais du Cédre
node,460030388,49.0125307,2.1482871,95480003,TotalEnergies,Total,TotalEnergies
node,460397459,-22.2743101,166.4394716,,Shell,Shell,Shell Victoire Moselle
node,460899063,44.6231522,-1.0253639,33470003,Station U,Super U,
node,462221381,43.8408373,4.3723230,30000020,BP,BP,BP
node,462754721,44.6863457,-0.5164338,33650006,Auchan,,Auchan
node,464763664,49.4193654,2.8194704,60200005,Esso,Esso,Esso
node,464763667,49.4004420,2.8066588,60200006,Esso Express,Esso,Esso Express
node,464763670,49.4122754,2.8153973,60200001,Auchan,Auchan,Auchan
node,464763671,49.4414809,2.8804070,60750003,,Shopi,
node,464763675,49.4083269,2.7800621,60280001,Carrefour,Carrefour,Carrefour
node,465166274,-22.2441849,166.4694074,,Mobil,Mobil,Mobil Cap Vert Belle Vie
node,466926889,-22.2362588,166.4866179,,,Shell,Shell Péage de Tina
node,467017218,46.2517537,4.7887592,71680001,Carrefour,Carrefour,Carrefour Crêches
node,467035587,50.2937038,4.1009110,59460001,Carrefour,,Carrefour Market
node,467134745,-22.2765995,166.4431110,,Mobil,Mobil,Station Moselle
node,467482412,47.9240626,1.8450283,45140005,Carrefour,Carrefour Market,Carrefour
node,469711908,-22.2988783,166.4449788,,,Total,Total Anse Vata
node,469729599,46.1161774,0.5703010,,,,
node,469876172,49.6613944,1.9526714,60210003,Intermarché,Groupement des Mousquetaires,Intermarché
node,469937915,43.2535653,5.3823308,13008004,Esso Express,Esso,Esso Express Sablier
node,470016400,46.2151875,1.1646310,87190001,Intermarché,,
node,470924170,50.3086112,4.0889260,59460002,Intermarché,,Intermarché
node,471011979,48.0755136,0.2960162,72460005,Proxi,,
node,471556003,42.8831465,1.2152091,9140003,Total,Total,Station Service Total
node,471629646,48.8636820,2.4079099,75020008,Total,Total,Total
node,472032919,48.9600710,2.5535003,93420001,Auchan,,Auchan
node,472203994,47.9316400,-2.3816651,56800001,Station U,Super U,Super U
node,472463679,45.7798465,1.3066814,87220002,Carrefour,Carrefour,Carrefour
node,472729362,45.2392022,6.2719133,73300005,Total,,Total Contact
node,472887422,47.5725273,2.8301054,45420002,U,Super U,Station-service Super U
node,472985506,48.1819077,0.6627489,72400001,Carrefour Market,,Carrefour Market
node,473132869,47.8421262,-4.2853612,29120005,Carrefour,Carrefour,Carrefour
node,473145178,43.1765807,2.5415969,11700007,Avia,Avia,Avia
node,473771211,48.5342959,7.4014551,67190009,TotalEnergies,Total Access,Total Access
node,474848913,48.2723141,1.6259273,,,Elan,
node,474852342,48.2714389,1.6300838,,,,
node,475400225,50.3707277,2.0267614,62140001,Carrefour,,Carrefour
node,475518369,43.1223730,5.8496024,83190006,Total,,Relais Piedardan
node,475769631,43.3043512,5.4115945,13012025,Esso,,Esso Marseille Saint-Barnabé
node,476757242,48.8844643,2.4302306,93230005,Total,Total,Relais des Fontaines
node,476760599,48.8883250,2.4595678,93130011,BP,BP,BP
node,477080049,41.8978079,8.8095911,20166005,Vito,,Relais de la Tour
node,477080051,41.9073936,8.8236246,20166004,Vito,,Vito
node,477082187,42.1151815,9.5135666,20270004,Eni,,Eni
node,477084104,42.2548928,9.5459211,20230008,Vito,Vito,Vito
node,477084111,42.3256693,9.5388966,20221001,Vito,,Vito
node,477084112,42.3709499,9.5294904,20230006,Total,Total,Total
node,477227773,47.5278715,-2.7573961,56370007,Intermarché,,Intermarché
node,477307220,-20.9022264,55.5004911,,Vito,,vito
node,478497060,42.4975742,2.0133954,66120001,,SuperU,
node,478497805,47.5423906,-2.8792582,56640001,Super U,,Super U
node,479720333,-20.8934238,55.4566463,,Total,Total,Total Povidence
node,479749265,48.1425653,0.9732020,28330002,Intermarché,,Intermarché
node,480349270,45.8619419,-1.2369157,,Avia,,
node,483268582,48.6042380,7.7059009,67205001,Intermarché,Groupement des Mousquetaires,Intermarché
node,483465462,43.4739857,6.1759706,83570001,Intermarché,,Intermarché
node,484172652,-22.2764255,166.4492793,,Mobil,Mobil,Mobil Calvaire
node,484565544,50.6121879,3.1596803,59650009,Elan,Elan,Elan
node,484789240,45.6386406,5.0436810,38540001,Intermarché,Groupement des Mousquetaires,Intermarché
node,484792964,45.6467552,5.0265031,69780002,Netto,Netto,Netto
node,485110708,47.7570661,0.2724455,72360001,Spar,,
node,485364721,48.8684505,2.1311033,78380004,TotalEnergies,Total,Total Access
node,485537933,48.0048675,-1.8510434,35580003,Intermarché,,Intermarché
node,486018260,42.9458466,9.3650761,,Esso,Esso,Esso
node,486028466,43.9606957,6.5061516,4170003,U,U Express,U Express
node,486089512,43.1212422,6.1380188,83400003,Eni,,BP
node,486098107,43.1109197,6.1285174,83400011,E.Leclerc,,Station Saint-Hilaire
node,492098003,43.8222484,6.0911570,4500003,Intermarché,Groupement des Mousquetaires,Intermarché
node,492647174,43.5492680,5.1836169,13580002,Système U,,Station U
node,492659219,48.5628883,7.6516530,67810001,E.Leclerc,,E. Leclerc
node,492661421,48.5269704,7.5991030,67120004,TotalEnergies,Shell,Total
node,493442003,-21.2040475,55.5728063,,,,Engen
node,493909454,-22.2917415,166.4392207,,Shell,Shell,Shell Port Plaisance
node,493989309,50.6441347,2.7063264,59940001,,Carrefour Market,
node,494006135,49.7578707,0.3912042,76400008,Intermarché,Groupement des Mousquetaires,Intermarché
node,494548842,47.8997112,-4.0100167,29170005,Carrefour,Carrefour,Carrefour
node,495072610,44.9935772,-0.2737250,33133002,Station U,Super U,Super U
node,495072620,44.9887550,-0.2699259,33133003,TotalEnergies,TotalEnergies,TotalEnergies
node,496056871,43.6621479,7.1491791,6800018,Total,Total,Total
node,496165756,47.6430854,-3.4536888,,,,S.A.R.L Boterf
node,496266585,47.9457204,7.4290410,,,Circuit de l'Anneau du Rhin,Station-Service à CB - Accès Restreint et Privé
node,497481457,44.4625237,2.7273104,12340002,Intermarché,Groupement des Mousquetaires,Intermarché
node,497549617,42.7747378,2.6953610,66310003,TotalEnergies,,Total
node,497549628,42.8093807,2.4990254,66220001,,Carrefour Market,
node,499503480,47.8970687,-3.5245065,29300005,,Total,Malecot
node,499635236,44.1135564,3.0824910,12100010,,,Servifioul
node,499979072,41.5706112,9.2732844,20137005,Total,Total,Total
node,502668779,43.0787149,0.1410904,65200005,Intermarché,Groupement des Mousquetaires,Intermarché
node,503717118,44.5707990,4.4590928,7170002,Agip,,Agip
node,504754817,43.3824595,-1.3177514,64240003,E.Leclerc,,Station-service AVIA
node,506305285,-21.0264863,55.5418579,,OLA,,
node,507972169,48.4268554,-2.2146083,22980001,Elan,,
node,508512101,43.1034788,-0.4370804,64260002,Carrefour Market,,
node,508861313,47.4608379,-0.6169426,49000011,Intermarché,Groupement des Mousquetaires,Intermarché
node,512474550,43.6933748,4.2023315,30470001,Super U,,Super U
node,512710649,42.2371098,8.6352643,20115001,Esso,Esso,Esso
node,513135467,43.6909203,4.6049025,30300006,TotalEnergies,Total,Total
node,514050510,45.1997351,5.7593652,,GEG,Gaz et Electricité de Grenoble,Station GNV
node,519610410,-22.2381591,166.5852109,,,,Station du Casino du Mont-Dore
node,519628806,48.8991856,7.9083484,67660002,TotalEnergies,Total,Total
node,527970858,48.9955078,2.0814019,78700010,Esso,,Esso
node,527970859,48.9950760,2.0804095,78700011,Esso,,Esso
node,528000730,45.9804363,4.7362868,69400010,Intermarché,Groupement des Mousquetaires,Intermarché
node,528559300,-21.4734865,167.9962698,,,Mobil,Station Mobil Euromaré
node,529021067,45.8780642,4.5114560,69490002,Intermarché,Groupement des Mousquetaires,Intermarché
node,529457046,45.9310542,6.0893723,,,,
node,529680861,43.8924893,2.1651053,81990003,Carrefour,Carrefour,
node,530763857,43.1395522,6.3568520,83230006,Total Access,Total,Total Access
node,534613446,-21.3200648,165.1416615,,,Mobil,Mobil Basse-Poya
node,534675024,42.9076653,-0.1029031,65110003,Carrefour,Carrefour Montagne,
node,534962281,-21.0991018,164.8941724,,Mobil,Mobil,Station Mobil
node,534962294,-20.6687859,164.3973475,,,Total,Station Total Kaala-Gomen
node,534962360,-21.0602543,164.8608501,,,Shell,Station Shell de Koné
node,534962362,-20.9658730,164.7079574,,,Shell,Station Service de Voh Shell
node,536359354,47.3786584,0.7184842,37700001,Carrefour,,Carrefour
node,536487267,47.3560354,0.8184301,37270007,TotalEnergies,,Total
node,537510625,43.2537276,2.9130674,11120001,Intermarché,Groupement des Mousquetaires,Intermarché
node,537535153,50.6338634,2.7191276,59253001,Intermarché,Groupement des Mousquetaires,Intermarché
node,538259171,46.3455326,1.1736867,,,,Hôtel des Mines
node,538834442,48.9896668,2.2576606,95120002,Esso,Esso,Esso
node,544378750,48.3641290,2.8533095,77250006,Total Access,,Relais Moret sur Loing 1
node,546631723,44.9155712,-0.4215856,33450007,Carrefour,Shopi,Carrefour Market
node,549752392,48.0447229,-1.6689722,35230001,Super U,Super U,Super U
node,549757464,46.8503146,1.7074534,36130001,Carrefour,Carrefour,Carrefour
node,549760838,43.8261860,4.3528839,30900021,Esso,Esso,Esso
node,549761782,48.9481324,2.1983062,78500001,Carrefour,,Carrefour
node,553302185,48.8996214,2.0753430,78100002,Total,,Total
node,553304985,48.9037936,2.0840496,78175001,TotalEnergies,,Total
node,559644227,43.7602780,7.2018205,6670007,Total Access,,Total Access - Relais Colomars les Vallées
node,560715114,48.6126194,7.7653510,67800001,,,Match
node,560802890,43.8326687,4.3799932,30000009,Campus,Campus,Campus
node,563267666,44.7266784,4.5969123,7000002,Intermarché,Groupement des Mousquetaires,Intermarché
node,567036783,49.8698088,2.2406686,80480001,Esso Express,Esso,Esso Express
node,567809675,46.0545803,3.4702368,3270002,Carrefour Market,Carrefour Market,Carrefour Market
node,569774256,44.9123990,-0.3908293,33450002,Système U,,Station U
node,571670540,47.0788737,2.3888709,18000016,Esso,,Esso
node,571833146,45.7263694,4.8394053,69007009,Total Access,Total,Total Access
node,574265216,-22.2429477,166.5763227,,,Shell,Station Shell de le Coulée
node,574334710,43.2496604,-0.2794397,64510001,Intermarché,Groupement des Mousquetaires,Intermarché
node,577367481,44.8682793,-0.4970316,33370008,Auchan,,Auchan
node,577383975,44.8814887,-0.3560300,33750003,TotalEnergies,Total,Total Access
node,577775475,46.1306404,3.4337285,3200003,TotalEnergies,TotalEnergies,TotalEnergies - Gramont
node,578464484,48.0581744,7.3344430,68000015,,Pôle position,
node,579593282,48.8965518,-0.1905919,14700001,Carrefour Market,Carrefour,Carrefour Market
node,579959966,43.6590262,1.4559453,31140006,Auchan,Auchan,Auchan
node,581048375,43.8248932,4.3785732,30000019,Total Access,Total,Total Access
node,581088455,43.9109738,2.1294290,81990002,Intermarché,Groupement des Mousquetaires,Intermarché
node,581301771,47.9260153,-3.7041347,29380001,,Groupement des Mousquetaires,
node,581704879,48.8876295,2.1879647,92000015,BP,BP,BP
node,581704881,48.8879656,2.1873273,92000017,TotalEnergies,Total /Spar,Total
node,581704882,48.8877119,2.1893730,92000019,TotalEnergies,,TotalEnergies
node,582223754,48.3423116,-4.7231542,29217001,Intermarché,Groupement des Mousquetaires,Intermarché
node,582290511,47.9732614,0.1583763,72700007,E.Leclerc,Leclerc,Station Service E.Leclerc
node,588080381,49.0108546,2.0297893,95280001,Carrefour Market,Carrefour Market,Carrefour Market
node,590282692,43.8562354,4.4033420,30000011,Intermarché,Groupement des Mousquetaires,Intermarché
node,595372877,45.6701716,0.3470761,,,,Garage Lac
node,597151653,48.8880243,-0.1912485,14700007,Esso,,Esso
node,598497991,48.5871309,7.7608101,67000031,Eni,Eni,Eni
node,598642428,43.8854139,-0.4951258,40000012,TotalEnergies,Total,Total Access
node,599669205,43.3411366,5.4567396,13380002,Esso Express,,Esso Express
node,599997085,46.2320381,1.4841818,23300011,Carrefour Market,Carrefour,Carrefour Market
node,600053952,45.8101778,1.2192844,87170001,Système U,,Station U
node,600083236,48.7645880,2.3566512,94594002,TotalEnergies,,TotalEnergies
node,600753602,47.5391623,-1.8875552,,Brétéché,Brétéché Services,Garage Bouron
node,601519543,45.3902972,6.0705005,,Avia,Avia,Avia
node,601578745,44.6731798,6.0738567,5500001,Intermarché,Groupement des Mousquetaires,Intermarché
node,602240369,47.9516610,6.8173644,88290001,TotalEnergies,Total,Total
node,603500903,45.3840359,6.7146410,,Elan,,Garage de la Rossa
node,603727961,43.5710484,3.8469766,34430003,Carrefour,Carrefour,Carrefour
node,605504117,48.8229206,2.2952295,92170002,TotalEnergies,,TotalEnergies
node,606119150,45.9854719,0.2004977,16700007,Dyneff,,Dyneff
node,608376009,49.1419847,-0.3372988,14123007,Total,TOTAL,Total
node,608414390,43.5728564,7.0491216,6220003,,Groupement des Mousquetaires,Station service d'Intermarché
node,610888687,5.4981237,-54.0256315,,Vito,Vito,Vito
node,611064530,46.7233302,2.4621128,18200009,Intermarché,Groupement des Mousquetaires,Intermarché
node,611222417,45.3723922,7.0493661,,Elan,Elan,Elan
node,611293210,48.4650662,7.4909335,67210001,Auchan,,Auchan
node,613186107,48.6481342,2.1885373,91460013,Esso,,Esso
node,614823113,48.1942125,0.8988288,28330003,Proxi,,Proxi
node,614976614,49.0306123,2.0698913,95000011,BP,,BP
node,615644446,43.7809219,1.3528934,31620006,Intermarché,Groupement des Mousquetaires,Intermarché Castelnau
node,616502113,43.4810524,1.3854490,31860006,Carrefour,,Carrefour Market
node,616693581,48.3591350,-4.2576038,29460001,Système U,Super U,Système U
node,616777978,48.7888117,0.2938823,61230005,,,Peugeot DKV
node,616842800,48.5436552,7.7653319,67100009,Eni,Eni,Eni
node,618840095,45.7646581,4.7587057,69160003,Esso Express,Esso Express,Esso Express Tassin la Demi-Lune
node,619467962,47.3021304,-1.5484340,44240004,Intermarché,Groupement des Mousquetaires,Intermarché
node,620125587,46.5545910,3.3366421,3400001,TotalEnergies,Total,Total Lagarde
node,620126189,46.5521885,3.3667847,3400007,Carrefour Market,Carrefour,Carrefour Market
node,621414607,47.3744252,-1.9376684,44260005,Station U,Hyper U,Station U
node,621901654,43.7624219,1.2987445,31330001,U,Super U,
node,624413146,45.7251983,3.3387512,63160001,Auchan,Auchan,Auchan - Carburant
node,625171506,48.8323948,2.3645635,75013028,BP,BP,BP
node,625888773,46.5756451,5.9516225,,,,Garage Cobo
node,629027531,43.8243537,1.2900081,82170001,Carrefour,,Carrefour
node,630747172,42.5565641,2.3843195,66820001,Intermarché,Groupement des Mousquetaires,Intermarché
node,631032930,48.3409755,6.6363792,88700001,Match,Match,Match
node,631420387,48.3384350,6.6344952,88700003,Intermarché,Groupement des Mousquetaires,Intermarché
node,634541714,44.8422275,0.2063140,33220004,Intermarché,Groupement des Mousquetaires,Intermarché
node,634585531,44.8208125,-0.2838739,33750007,TotalEnergies,,Total
node,634806883,50.9535096,1.8544621,62100002,TotalEnergies,Total,Total
node,635389807,48.5912696,7.6932785,67033001,Auchan,,Auchan
node,635864912,44.1095638,0.8919903,82400009,,BP,Louda
node,636861318,43.3241358,1.9362273,11400009,Netto,Netto,Netto
node,639254579,43.3302341,5.1395253,13620004,Total,,Total
node,639296787,42.9937887,-0.6022000,,,,
node,639308115,49.4034076,4.6972539,8400004,Carrefour,Carrefour,Carrefour
node,643220124,4.9150466,-52.2745963,,Total,Total,Total
node,647961922,48.9346038,0.1989500,61120003,Carrefour,,Carrefour
node,647961925,48.9397028,0.1980305,61120004,Avia,Avia,Avia
node,648114671,48.8646015,2.4098930,,BP,BP,BP
node,652862411,48.8991280,2.2938509,92300013,ESSO,,ESSO
node,655347016,44.6462864,-1.1574766,33260012,Total Access,,Total Access
node,656131420,49.2925176,0.1943025,14130003,Intermarché,Groupement des Mousquetaires,Intermarché
node,658681392,43.9069216,4.0048329,30260002,,,Garage Bernard
node,658995607,43.9012302,-0.4838241,40000002,Carrefour,,Carrefour
node,659863413,44.8551182,-0.5922028,33000014,Esso Express,,Esso Express
node,659880230,45.1813074,0.7214749,24000010,Esso,Esso,Esso
node,660195496,48.6554657,-0.9377223,50140001,Carrefour,,Carrefour
node,660628328,48.0687909,7.3294811,68000006,TotalEnergies,Total,Station Mulat
node,662713290,43.7745281,6.2178629,,TotalEnergies,,TotalEnergies
node,665426854,16.2652491,-61.4873265,,,CAP,CAP
node,665556401,47.0179043,4.8266218,21200003,Esso,,Esso Beaune Sud
node,665596358,46.5735359,5.4342334,39190007,TotalEnergies,,Total
node,665607542,43.8474907,4.3465066,30000010,Campus,Campus,Campus
node,665682285,16.2618810,-61.4930771,,Total,,Total
node,666135259,48.8367970,2.1048073,78150014,Esso Express,Esso Express,Esso Express
node,666480630,48.8394797,2.1664576,92420002,Super U,Super U,Super U
node,667281517,48.8263743,2.3872012,75013023,TotalEnergies,,TotalEnergies
node,671827397,47.4178032,6.0730637,70190005,Intermarché,,Intermarché
node,675655832,47.3515951,6.3580225,25110001,Total Access,,Garage Droz
node,675734768,43.6260578,1.4587255,31500007,Esso,Esso,Esso 24/7
node,675966089,47.8145941,7.2428762,68310001,Station U,Super U,
node,676132219,45.2983752,6.5784471,,Elan,Elan,Elan
node,676132288,45.3311720,6.5363497,15100008,Elan,Elan,Elan
node,677617847,43.7271510,4.7121287,13990002,Avia,Avia,Le Lutin des Alpilles
node,679067975,46.5759201,0.3452366,86000026,Avia,Avia,Avia
node,679221574,49.1923785,6.1431286,57280001,Auchan,Auchan,Centre Commercial Auchan
node,679485805,50.9459544,1.8357079,62100027,TotalEnergies,SARL HOTEL DE VILLE,Total
node,680182122,47.8634715,7.2562832,68540001,Système U,Super U,
node,682386687,48.5988027,-2.8980280,,,,La Ceres
node,684325514,48.5494215,7.7101664,67540001,Auchan,,Auchan
node,684447206,48.8351880,2.4972530,94170004,Esso,Esso,Esso
node,685554818,44.1067653,4.0896300,30100001,Système U,Hyper U,Hyper U
node,685566077,44.0519222,3.9851380,30140002,Avia,Avia,Avia
node,686550228,47.0972716,5.5027416,39100013,Intermarché,,Netto
node,690060849,45.2565319,4.6712254,7100007,Intermarché,,Intermarché
node,691280978,45.9036276,4.7282292,69380009,Esso,Esso,Esso
node,691522147,45.3875618,5.3680408,38260003,,Total Energies,
node,693234490,43.7230939,7.3977850,6320006,Total,Total,Total
node,697224264,49.1309714,2.5213599,60560001,Intermarché,Groupement des Mousquetaires,Intermarché
node,697224997,49.1558589,2.4450843,60260001,Carrefour Market,,Carrefour Market
node,697237214,47.3863907,2.9224213,58200003,Avia,,Avia
node,697251064,44.8796235,-0.6478763,33320003,Intermarché,Groupement des Mousquetaires,Intermarché
node,698902398,50.4040248,1.5961562,62600002,Carrefour,,Carrefour
node,699815310,48.7701768,2.0599134,78280003,Total,Total,Relais de Guyancourt
node,700101787,45.5186497,4.9197089,38200007,Intermarché,Groupement des Mousquetaires,Intermarché
node,700717607,49.4026731,2.6258653,60190003,Total,,Total
node,703295696,44.8066033,-0.5909581,33400011,Auchan,,Auchan
node,703862252,48.9917770,2.1816089,95370003,Esso,BP,Esso
node,704807238,44.8613541,-0.5877789,33110010,Monoprix,Groupe Casino,Monoprix
node,705012085,49.5028112,0.1907025,76600023,TotalEnergies,,Total Automat'
node,705209799,43.7048712,1.8006969,81500004,Station U,Super U,
node,705253423,44.6061962,6.6890961,5560002,Avia,avia,VIA-ALTITUDE
node,708213921,43.6685642,7.1923291,6700006,,Total,
node,708299296,-22.2385209,166.4477130,,,Shell,Shell Ducos
node,708319987,-22.2762819,166.4585799,,Total,Total,Total Sainte-Marie Géant
node,708319996,-22.2423915,166.4468081,,Mobil,Mobil,Mobil Ducos Delco
node,708779888,47.1165291,5.5385976,39700013,Total Access,Total,Relais du Poirier
node,708779901,47.1161259,5.5385394,39700012,Total Access,Total,Relais du Poirier 2
node,710057042,47.0862950,5.4963191,39100004,Esso Express,,Esso Express
node,710657761,44.9943552,-0.4514191,33240011,,Carrefour,
node,713291739,49.7385116,2.1542550,80160003,Carrefour,,
node,714165345,45.4388548,4.3788635,42000014,TotalEnergies,,Total Access
node,715718909,47.6135859,-0.7071794,49220001,Station U,Super U,
node,718126505,45.6233757,-1.0129201,17200008,Total Access,,Total Access
node,719232764,45.6246027,-1.0165705,17200009,Total Access,,Total Access
node,722131583,43.1832319,5.6951608,83270003,Intermarché,,Intermarché
node,726555054,44.9782476,-0.4320803,33240010,TotalEnergies,Total,Total
node,726736303,47.1493757,5.5856127,39700017,Avia,,Avia
node,727565628,47.1244258,-2.1035808,44210004,Total,Peugeot,Station Service Route Bleue
node,727755038,46.3937588,5.5700100,39240001,Système U,,Station U
node,727790813,45.2016661,-0.7503492,33250004,Intermarché,Groupement des Mousquetaires,Intermarché
node,729766205,45.7694447,4.8844813,69100001,Carrefour,Carrefour,Carrefour
node,730731247,43.5531262,1.4037119,31084001,Total,Total,TotalEnergies Thibaud
node,732529336,44.4882628,1.8453563,46160002,,Groupement des Mousquetaires,
node,733819056,45.5302207,5.5896410,38490004,Intermarché,Groupement des Mousquetaires,Station service Intermarché
node,735107949,45.2940572,5.5089810,38210001,Carrefour,,Carrefour Market
node,735107950,45.2965622,5.5017593,38210003,Avia,,Station de la plaine
node,735727268,44.1741936,5.4375470,,,Total,
node,735743187,47.8766421,-2.8245300,56500002,Carrefour,Indipend.,Carrefour
node,736941541,48.4792092,7.2129449,67130003,Intermarché,Groupement des Mousquetaires,Intermarché
node,737336493,50.6802410,2.9968832,59237001,Elan,,Elan
node,737821887,45.5373335,5.5828253,,,,
node,737869145,46.8600693,2.3276969,18190001,Intermarché,Groupement des Mousquetaires,Intermarché Contact
node,737952230,50.6184109,3.0510537,59000017,Total Access,Total,Total Access
node,740123508,45.4538765,5.7701721,,,,Yacco
node,746255978,46.8772694,5.2724596,71270004,Avia,,Avia XPress
node,747369740,48.5691112,-3.3360567,22540002,Intermarché,Groupement des Mousquetaires,Intermarché
node,747392489,48.2730741,7.4608597,67600010,TotalEnergies,,Total
node,748455504,44.0910251,5.4100333,,E.Leclerc,,Station Service
node,748713162,48.7476219,2.5099909,94470006,Avia,,Avia
node,748721858,48.7995302,2.5432330,94430007,Total Access,,Total Access
node,749685976,48.7856463,2.0424761,78885001,Carrefour,Carrefour,Carrefour
node,755787671,42.6324911,8.9405102,20220003,Esso,Esso,Esso Île Rousse
node,757448882,45.6368377,5.1084011,38070001,Carrefour Market,,Carrefour Market
node,759520134,48.3925885,-4.4523440,29200016,Total Access,Total,Total Access
node,762087357,47.8766139,3.3543770,89110001,Super U,Super U,Super U
node,763541616,47.0708696,2.3768607,18000004,Carrefour Market,,Carrefour Market
node,766061410,48.9352529,2.3312407,92390001,Esso,,Esso
node,767101427,50.8225585,2.2009616,62910001,Carrefour,,
node,767139924,43.7754394,1.6841945,81370003,Esso,Esso,Esso
node,768201491,43.9577359,7.5206506,6540002,Eni,,Eni
node,769072628,48.7600717,7.9538600,67410002,Avia,,Avia XPress
node,770244215,50.9785309,2.0424749,62215006,Carrefour Contact,,
node,771272835,48.9565809,1.8241436,78680002,TotalEnergies,,Total
node,772522948,48.0686078,-0.7617916,53000006,Carrefour,Carrefour Market,Carrefour
node,775857939,44.9476203,-0.6033240,33290004,Intermarché,Groupement des Mousquetaires,Intermarché
node,776265464,43.8531051,0.6637353,32500005,TotalEnergies,TotalEnergies,TotalEnergies
node,777368014,43.8515444,0.6612420,32500007,Netto,Netto,Netto
node,778100720,43.8602569,0.6593123,32500001,Carrefour Market,,
node,785145495,50.8618565,1.7355336,62250011,Total,,Total
node,786890009,44.7702230,-0.5787792,33140009,Esso Express,Esso,Esso Express
node,787349189,45.2383712,0.3474938,24600003,Intermarché,Groupement des Mousquetaires,Intermarché
node,787777399,46.6995806,0.3786046,86130011,Super U,Système U,Super U
node,788598201,48.6477210,2.4174881,91130008,Intermarché,Groupement des Mousquetaires,Intermarché
node,794653001,42.4764783,3.1196087,66650002,Carrefour,Carrefour,Carrefour
node,796277165,49.4315179,1.0835402,76176001,E.Leclerc,,E. Leclerc
node,796990940,46.1976288,2.1854157,23140003,TotalEnergies,Total,TotalEnergies
node,798152347,47.7218708,3.3127714,89130002,Intermarché,Groupement des Mousquetaires,
node,799431054,49.7507377,3.7743825,2250004,Total,,Total Contact
node,805077408,43.6061658,3.8378758,34070016,TotalEnergies,Total,TotalEnergies
node,806585324,48.0947003,7.3059849,68040002,Esso,Shell,Garage Wackenthaller
node,809799674,47.8422874,3.5511321,89470004,Total Access,Total,Total Access - Relais des Grandes Haies
node,810202039,44.9262087,5.6383003,38650003,,,Uta
node,811344527,45.8450159,5.0708960,1120008,TotalEnergies,Total,Total
node,811867030,-21.3802926,55.6093772,,Ola Energy,,Ola Energy
node,815503423,43.5996365,1.4872182,31500013,Carrefour,,Carrefour
node,815717703,50.3309715,1.5891537,80120001,Carrefour,Carrefour,Carrefour
node,820483665,43.4395505,6.6552208,83520001,Total,Total,Total
node,820788176,-20.6216614,166.5535530,,E.Leclerc,Pacific,Station Service Pacific
node,820927106,45.8165074,1.2233491,87000002,,Carrefour,
node,821527932,47.4250118,1.4280969,41700006,Total,,Total
node,821694415,45.5367957,0.6669201,24300001,Système U,,Station U
node,821696663,48.2416463,4.0217923,10120001,Total,TotalEnergies,TotalEnergies
node,821696748,48.1096199,3.9169294,10130005,,,Station du Péage
node,821716737,48.2086225,1.1788831,28160003,TotalEnergies,Total,TotalEnergies
node,822144794,43.1122882,0.7684904,31800010,Netto,,Netto
node,822144795,43.1199309,0.4079485,65300003,Elan,Elan,Elan
node,822144796,43.1082214,0.7150474,31800005,Auchan,,Auchan
node,822144798,43.1105868,0.7367892,31800007,Total,Total,Total
node,822144804,43.1852123,0.2393698,65190001,Total,Paul Pécassou,Pécassou Paul
node,822144805,43.0796389,1.7600029,,Elan,Elan,Elan
node,822145778,43.2070763,2.3858487,11000003,TotalEnergies,Total,Total
node,822145779,43.2003316,2.1406544,11290003,TotalEnergies,Total,Total
node,822145781,43.0848077,1.8763455,9500001,TotalEnergies,,TotalEnergies
node,822145782,42.9452523,2.9889423,11480008,Avia,,Avia
node,822145783,43.1836802,2.0343899,,Elan,Elan,Elan
node,822151612,46.2497183,4.7877685,71680002,Esso,Esso,Esso
node,822151613,45.0326042,3.8858037,43000004,Esso Express,Esso,Esso Express
node,822151616,46.4451116,4.8847009,71260005,Esso,Esso,Esso
node,822151618,46.2703953,4.7974982,71000024,TotalEnergies,Total,Total Contact
node,822151619,46.7542252,4.8465484,,Avia,,Avia Relais de Lux
node,822151622,46.4270125,4.8772091,,Avia,,Avia
node,822152724,48.2019571,5.5816984,52150001,Avia,Avia,Avia
node,822152726,48.0058910,5.4862115,52140002,Total,Total,Total
node,824189270,-21.7117880,165.8292453,,,Total,Total La Foa
node,824190625,-21.7084289,165.8237468,,,Mobil,Mobil La Foa
node,824191381,-21.6995771,165.8090912,,,Shell,Shell La Foa
node,824581944,47.9499820,3.4688000,89400004,E. Leclerc,,E. Leclerc
node,825686990,43.6475523,6.9149145,6130008,Esso Express,,Esso Express
node,825726826,43.6406933,6.9088788,6130013,,,Station des Campanettes
node,826047609,43.6349542,6.9519314,6130001,Auchan,,
node,826713086,46.8013462,-1.4311947,85170005,TotalEnergies,,TotalEnergies
node,828668831,-22.2724992,166.6207891,,,Mobil,Station Mobil de Plum
node,829507564,43.6139152,1.3302228,31770001,Carrefour Market,Carrefour Market,Carrefour Market
node,831790066,45.9703926,-1.3496601,,Carrefour,Avia,carrefour contact
node,832789121,43.1205975,-0.8674671,64470001,Elan,Elan,Elan
node,833281061,43.6507569,3.5101497,34725001,Esso,Esso,
node,833393252,44.6562285,-0.3657223,33720001,Super U,Super U,Super U - Podensac
node,833397666,43.6910136,3.5832792,34150001,Spar,Spar,
node,833406954,42.7303656,1.8149616,9110001,Intermarché,,Intermarché
node,833417660,42.7607130,1.7621663,,,Total,
node,833464433,43.6314662,3.4393220,34800002,Avia,,Avia
node,834799624,46.8191790,-1.3590550,,Elan,,Garage Girard
node,835138674,43.1081547,1.3749266,9350003,Carrefour,Carrefour,Carrefour Contact
node,835973093,41.3905484,9.1648958,20169002,,,Ets. Botti
node,835973100,41.3924653,9.1657484,20169003,Total,Total,Total Araguina
node,837624279,43.3204997,-0.7713636,64190002,Elan,,TOTALEnergies
node,837837342,48.8635035,2.4085486,75020008,Total,,Total Davout
node,838793165,45.6858013,3.1438876,63450004,,Total,
node,839101626,47.5377772,4.4621861,21150002,Station U,Super U,Super U
node,839165922,43.9545697,2.8500137,12400003,,Groupement des Mousquetaires,
node,839902230,50.7778058,1.6118038,62930001,Intermarché,Groupement des Mousquetaires,Intermarché
node,840425424,43.5504454,-1.1231151,40300003,Carrefour Market,Carrefour,Carrefour Market
node,841675555,45.8405077,1.2341659,87100001,Système U,Système U,Station Hyper U
node,842351371,44.8721529,3.2485857,48200008,Avia,,Avia
node,843119008,46.1421380,6.4057654,74250001,Total,Total,Total
node,843465322,50.4820316,2.9628383,62220003,Intermarché,Groupement des Mousquetaires,Station Intermarché
node,844179569,45.3485017,6.3022720,73130004,Total,Elan,Total Contact
node,845637260,49.2580106,6.0841599,57185002,Station U,Super U,
node,845858635,44.9692041,1.0444001,,,,
node,847508107,45.7148996,3.0698402,63540004,TotalEnergies,Total,Total
node,849315642,44.6605230,6.6521342,5600006,Carrefour,Carrefour,Carrefour
node,849496091,44.8534266,0.5114337,24100008,Carrefour Market,Groupement des Mousquetaires,Carrefour Market
node,850067996,46.4019283,0.7217896,86320002,Intermarché,,Intermarché
node,850817717,42.1496141,9.1522991,20219003,Total,Total,Total
node,853581453,-22.1297077,166.3668185,,Shell,Shell,Station Shell Paita
node,853581464,-22.1299916,166.3661379,,,Mobil,Station Mobil Paita
node,855548644,44.9120218,-0.6684576,33320009,Carrefour Market,,Carrefour Market
node,856587221,-21.5687253,165.4987899,,,,Mobil Bourail
node,856587223,-21.5690745,165.4989562,,,,Station Pacifique
node,856650997,48.4225420,-2.6564163,22120005,Intermarché,,Intermarché
node,856808732,49.2191499,6.2135107,57365001,Carrefour Market,Carrefour Market,Carrefour Market
node,858263731,47.1417850,2.2434050,18500004,Intermarché,Groupement des Mousquetaires,Intermarché Super
node,858624262,43.3128219,6.4713825,,,,
node,859067739,45.1125616,3.4920119,43300002,Système U,,Station U
node,859311187,43.3324980,-1.0161306,64120005,E.Leclerc,Groupement des Mousquetaires,Station Service E.Leclerc
node,860157706,-22.0177798,166.2272673,,Shell,Shell,Station Shell Tontouta
node,860157708,-22.0169228,166.2265275,,Total,Total,Station Total Tontouta - CAP51
node,860157709,-22.0152072,166.2251167,,Mobil,Mobil,Station Mobil Tontouta
node,860194334,42.5147335,2.0620556,66210004,Intermarché,,Intermarché
node,860809131,47.8818723,-3.0190242,56150004,Intermarché,,Intermarché
node,861216695,44.1340227,4.8171368,84100011,Netto,,Netto
node,861524107,46.8350997,2.9140571,18600001,Avia,Avia,Avia
node,861878003,43.0887311,1.8673480,9500002,,,Antaq
node,861917015,45.4135343,-1.1297943,,,Elan,
node,861917141,45.3768495,-1.1440616,33930004,TotalEnergies,,Total
node,863461452,47.4818239,4.3510899,21140001,AVIA,,Avia XPress
node,863942211,45.6914445,-0.3094290,16100007,Intermarché,Groupement des Mousquetaires,Intermarché Contact Station-service 24h/24 7j/7
node,864655269,43.8519067,6.5078782,4120006,Auchan,Auchan,Auchan
node,865100354,46.0101820,3.1970947,63260003,,Carrefour,Station libre-service
node,866674532,44.8228392,0.9861294,24170002,Carrefour Market,Carrefour,Carrefour Market
node,867611743,44.9122425,1.8423148,46130003,TotalEnergies,,Total
node,867611792,44.8603916,1.8823274,46400004,TotalEnergies,,TotalEnergies
node,869306742,47.2881611,5.7631572,70150001,,Groupement des Mousquetaires,
node,869889700,-21.6929400,165.6758272,,,,Mobil Moindou
node,869984623,45.7150906,4.7506861,69630002,Elan,,Station Elan
node,870307321,47.6640851,3.7387619,89270001,bi1,,bi1
node,871089355,48.7017881,2.3201997,91380010,Total,,Total
node,871089356,48.7007614,2.3183221,91380004,Esso,,Esso
node,871719176,-21.3202983,165.0012803,,,,Station Total Népoui
node,871794234,46.5981973,0.3231902,86000012,Super U,Groupement des Mousquetaires,Super U
node,871822232,46.1677063,1.8877895,23000001,Carrefour,Carrefour,Carrefour
node,871994221,44.2919259,2.5581864,12450002,Total,Total,Total
node,871994259,44.2788351,2.4289120,12160002,TotalEnergies,Élan,Total
node,871994260,44.2886249,2.7147783,12290001,Total Access,Garages Cluzel,Total Access
node,871994310,44.2772728,2.4499966,12160003,Carrefour Market,Carrefour,Carrefour Market
node,872011770,44.3091345,2.2408840,,,Élan,
node,872011927,44.3081252,2.2420455,12230004,Total,Total,Total
node,872470158,44.4688687,1.4830591,46090003,Total,Total,Total Lamagdelaine
node,872537514,44.5764117,1.1966993,,,,
node,872562763,44.7532313,0.7729997,24440001,Intermarché,Groupement des Mousquetaires,Intermarché
node,872583805,44.8551532,0.5759252,24100020,TotalEnergies,Total,TotalEnergies
node,872648530,45.1852016,-1.0570186,33990003,TotalEnergies,Garage Dulucq,TotalEnergies
node,872734153,44.8610350,-0.6952664,33187002,TotalEnergies,Total,TotalEnergies
node,872734189,44.0430394,1.1048037,82100003,TotalEnergies,Relais Saint Jean,TotalEnergies
node,872770058,44.0898444,1.4461368,82350001,Independent,Relais D'albias,Gaston
node,872770061,44.1159962,1.4800462,82440003,TotalEnergies,Total,TotalEnergies
node,872804959,44.1777212,1.6233788,82240001,Dyneff,,Geraud Tampier
node,874082727,43.3553996,1.2388309,31410001,TotalEnergies,,Total
node,874452149,44.8291251,-0.1904367,33420002,Carrefour Market,,Carrefour Market
node,875739741,48.6529419,6.1510041,54500008,TotalEnergies,Total,Relais Total Access de Brabois
node,875823348,45.2346146,0.6848104,24460004,TotalEnergies,Garage JT Auto,Total
node,875927363,47.7734443,-3.0042783,56330001,Système U,Système U,Station de Super U
node,876063305,49.0803143,-0.6476015,14310003,Carrefour,Carrefour Market,Carrefour
node,876063314,49.0818172,-0.6490166,14310002,TotalEnergies,Total,Total
node,876063323,49.0736097,-0.6581313,14310004,E.Leclerc,,E. Leclerc
node,878894614,48.1092807,6.5736072,88550001,Super U,,Super U
node,880481108,-20.5621343,164.2818582,,,Shell,Station Mobil Koumac
node,882325687,-20.2277497,164.0352156,,,,Station Service de Poum
node,882536635,42.6069745,2.9963580,66200003,Intermarché,,Intermarché
node,886571175,42.6320318,8.9454322,20220002,Vito,,Vito
node,887164229,48.8858603,2.2199625,92000024,BP,BP,BP
node,887165191,48.8821662,2.2223727,92000011,BP,BP,BP
node,889307586,48.1816319,-4.2296093,29550001,Intermarché,Groupement des Mousquetaires,Intermarché
node,889457529,46.2974704,-0.3707698,79230005,Total,,Total
node,891062686,46.3036927,-0.4375857,79000008,Intermarché,Groupement des Mousquetaires,Intermarché
node,891136279,-20.7335603,165.0570966,,E.Leclerc,Shell,Station Service Shell GAPAT
node,892579889,43.0136268,0.8035383,,Dyneff,,Dyneff
node,892870935,-20.9316857,165.3224529,,TotalEnergies,Total,Station Total Tiéti
node,893006614,46.5981274,4.9039843,71700010,Total,,
node,893971662,44.7455598,-1.1033750,33510006,Netto,Netto,Netto
node,895286813,-21.8607418,166.0418414,,,Mobil,Station Mobil Brunet
node,895286900,-21.8661336,166.0483269,,,,Total Boulouparis
node,895583720,47.5194765,6.9147868,25490001,Intermarché,Groupement des Mousquetaires,Station Service Intermarché
node,895731936,43.4528986,1.9940607,31250004,Intermarché,,Intermarché
node,896189330,48.1807751,-4.2358461,,Avia,AVIA,
node,897972336,47.9133984,0.2461693,72230002,Carrefour Market,,Carrefour Market
node,898907155,44.1960420,5.5375500,,,,
node,898958406,-22.2822428,166.4532442,,TotalEnergies,Total,Total Faubourg
node,898973732,50.6993649,1.5820201,62230001,Carrefour,,Supeco
node,902321367,43.8128699,4.3322616,30900015,TotalEnergies,,Total
node,903597194,43.0889428,0.9509504,31260001,Intermarché,,Intermarché
node,905940573,48.9207861,2.4929617,93600002,Total,,Total
node,906651437,-21.4177706,165.8298929,,Mobil,mobil,Station Mobil Kouaoua
node,907128146,45.5230842,2.1381319,,Elan,,
node,908744869,46.5312481,6.1359529,39220002,Avia,Avia,Avia
node,911204859,43.4898208,0.9315810,32130003,,Carrefour,Carrefour contact station
node,912965908,43.1301666,6.0123852,83130004,Intermarché,,Intermarché
node,915444650,46.5063581,3.3617397,3400005,Shell,,Shell
node,915917928,48.7856847,2.3166943,92340002,TotalEnergies,TotalEnergies,TotalEnergies relais du Panorama
node,916939256,43.5884985,3.8896390,34000018,Intermarché,,Intermarché
node,917259723,45.7263568,4.8141558,69350003,TotalEnergies,,TotalEnergies
node,918837069,45.8717703,4.9124986,1700003,Esso,Esso,Esso Express Les Échets
node,919421396,48.8919417,2.1445257,78400004,Total,,
node,919470657,46.9615348,3.1565150,58000006,Intermarché,,Intermarché
node,921145357,46.4761333,-0.4926094,,,,Garage Massoulard
node,924052444,47.2593624,1.3978423,,,,
node,925210323,46.4848605,-0.3953848,79220001,U,Super U,Station Super U
node,925373408,43.7802569,6.3417871,4120002,,,Proxi
node,931728220,43.3532128,1.8064874,31290008,TotalEnergies,,TotalEnergies
node,932280553,43.9182310,5.0487863,84800004,TotalEnergies,,Total
node,932604070,46.1984613,-1.3534451,17410002,Intermarché,Groupement des Mousquetaires,Intermarché
node,933159795,44.1379142,4.1044500,30100013,Total,Total,Total
node,935127251,47.1623953,-1.2612219,44330002,,,Garage Leray
node,937778023,48.4371511,-4.4091172,29490002,Super U,Super U,Super U
node,938024813,48.8094664,-3.2980141,22710001,Carrefour Market,,Carrefour Market
node,940979803,44.8819319,6.6233720,5100004,Carrefour Market,,Carrefour Market
node,941747758,45.6879013,2.8060506,63210002,Avia,,Avia
node,941772369,45.6499559,2.5664896,63760001,Intermarché,Groupement des Mousquetaires,Intermarché
node,942543165,47.9963879,4.3660909,10340001,Avia,,Garage Roy
node,944083020,45.7348657,4.8392987,69007006,TotalEnergies,,TotalEnergies Raclet
node,944734385,43.2638412,6.5772423,83310011,TotalEnergies,Total,Relais Total de la Foux
node,950119893,46.3330575,-1.2919259,85460003,Système U,,Station U
node,952916258,48.7979419,2.6047318,77340006,TotalEnergies,Total,Total Access
node,954708247,47.1053761,6.1304065,25290005,Avia,Avia,Avia Ornans
node,955019201,46.6690886,-1.2867894,85310001,Avia,,Garage du Moulin Rouge
node,955211223,48.8635857,2.2722338,75016006,Shell,shell,Shell
node,956197905,45.4006594,2.0392837,19300002,Super U,,Super U
node,958194714,45.1996426,5.7401724,38000015,Esso,,
node,960136559,48.7116369,2.8559616,77610002,Intermarché,Groupement des Mousquetaires,Intermarché
node,961611039,43.8443881,5.8491706,4130004,TotalEnergies,,Relais de Volx
node,961611395,43.8417951,5.8501451,4130005,Total,Total,Total Aire de Manosque
node,961871751,48.8791063,2.0969399,78230006,TotalEnergies,,TotalEnergies Relais Parc de Marly
node,963521230,49.0056752,2.1135645,78700003,Total,Total,
node,964763874,49.0395061,1.5929768,78840003,Intermarché,Groupement des Mousquetaires,Intermarché
node,965484034,48.7391939,2.4479843,94190003,Intermarché,Groupement des Mousquetaires,Intermarché
node,965881397,48.7729349,2.3380729,94550002,TotalEnergies,Total,TotalEnergies
node,965999165,44.9061975,-0.2332360,33500005,Intermarché,Groupement des Mousquetaires,Intermarché
node,966162146,48.8589291,2.9021320,77580002,Intermarché,Groupement des Mousquetaires,Intermarché
node,966241147,48.7396059,2.7290993,77220004,Intermarché,Groupement des Mousquetaires,Intermarché
node,966250269,48.8766475,2.7500632,77144001,Intermarché,Groupement des Mousquetaires,Intermarché
node,966262426,48.0686964,-2.9722395,56300001,Station U,Super U,
node,966271160,47.6290321,-2.6546683,56450007,Carrefour,Carrefour Market,Carrefour Market
node,966616164,48.9452561,1.5240269,78980001,Intermarché,Groupement des Mousquetaires,Intermarché
node,966845824,48.8117134,1.7636856,78890005,Netto,,Netto
node,967757312,48.6624343,2.3597828,91390003,Intermarché,Groupement des Mousquetaires,Intermarché
node,968502851,48.9327971,2.2325832,95100033,TotalEnergies,,Total Access
node,969934473,45.6456771,2.4453902,19340002,,Elan,
node,972616126,45.8247021,3.0731657,63112001,Intermarché,,Intermarché
node,973701040,48.3890063,-4.4562128,,AS 24,,AS 24
node,976134386,46.5647399,4.9030180,71700001,Carrefour,,Carrefour
node,979849872,44.8066470,4.6121885,,Independent,,Station Fréchet EURL
node,983571577,42.7766078,2.9164129,66530001,Carrefour,,Carrefour
node,983627546,43.3068150,3.1651670,34440001,Dyneff,,Dyneff
node,984119590,45.8337309,3.0963353,63118001,Auchan,,Carburant Auchan
node,984553634,45.7305266,4.8594279,69200003,Super U,Super U,Super U
node,985751738,45.1812005,5.7857921,38610001,Total,,Total
node,986737639,48.3503544,5.6937379,88300009,Total,Sarl neoCC,Total
node,986964099,42.5709736,2.0731768,,Dyneff,,
node,986970740,46.0171091,3.3490560,63310002,Intermarché,Groupement des Mousquetaires,Intermarché
node,987397229,43.5776542,1.3265146,31170004,Total,Alvea,Total
node,989059747,42.9772944,-0.6048897,64490001,Intermarché,,Intermarché
node,989277842,47.5534601,6.6987518,25750002,TotalEnergies,,TotalEnergies
node,989671276,48.4587560,-1.8298681,,,,
node,993149281,43.3105578,1.9705754,11400004,Total,,
node,993192952,43.7309621,5.1693933,13370003,Intermarché,Groupement des Mousquetaires,
node,993642116,48.8387525,2.2535353,75016017,Total,,Total Porte Saint-Cloud
node,995488580,43.7493501,5.3098555,84360004,Avia,,Avia
node,1000812525,-22.2817765,166.4435264,,TotalEnergies,,Total des Lycées
node,1003754756,48.8187379,2.1203530,78150007,,Sarl sodical,Station Super Discount
node,1003821781,47.3552715,-1.0152471,49410002,,Groupement des Mousquetaires,
node,1004152469,45.8959760,6.8096350,74310002,Super U,,
node,1004152503,45.8958072,6.8051407,,Elan,,Tabac Presse Saint-Antoine
node,1004498944,48.8396422,2.2313048,92100015,TotalEnergies,,TotalEnergies
node,1007205837,45.3902174,4.3154390,42500013,E.Leclerc,,Station E. Leclerc
node,1011201570,46.1043871,4.7492751,69220006,Roady,,Station Roady Belleville
node,1012722076,49.3827540,2.4013484,60600004,Intermarché,Groupement des Mousquetaires,Intermarché
node,1014467805,50.6135997,3.0029619,59120002,Total Access,,Total Access
node,1016099731,48.8429824,2.5775291,93160004,Esso Express,Esso,Esso Express
node,1022239615,43.2090710,1.0916316,31220005,,Intermarché,Station Service
node,1024643102,45.1203157,4.9857636,26260002,Netto,Netto,Netto
node,1027013301,48.9877583,1.8271160,78820001,Système U,Super U,Système U
node,1027755880,49.5985510,3.2278485,2300002,Carrefour,,Station Carburant Carrefour
node,1029875123,48.9838160,1.7426437,,AS 24,AS24,AS 24
node,1029951010,48.9470237,2.5718638,93290003,Carrefour Market,,Carrefour Market
node,1030058664,48.8381243,2.5475313,93160008,TotalEnergies,,TotalEnergies
node,1033226532,46.7805790,1.6525102,36250007,TotalEnergies,,TotalEnergies
node,1036270729,45.7018327,4.7958204,69230005,Esso,Carrefour Express,Esso
node,1040016940,50.7386209,1.6237823,62280004,Carrefour,,Carrefour
node,1041341799,50.9327201,1.8250000,62100026,Total,Total,Total
node,1041940019,43.7055329,5.2035470,13370006,Intermarché,,Station du Moulin Pont-Royal
node,1044829636,47.8788133,2.5297944,,Elan,GARAGE AJ45,Elan
node,1050190572,43.3933000,6.3216229,83340010,TotalEnergies Access,,Relais Le Luc Les Liebauds
node,1050192254,43.3933999,6.3310788,83340005,Intermarché,Groupement des Mousquetaires,Intermarché SUPER - Le Cannet des Maures
node,1051341546,42.8776159,2.1861569,11500004,,,Lopez et Fils
node,1055058071,44.0565083,5.0579078,84200012,Esso,,Esso
node,1056951231,50.7927795,1.6865833,62250010,Total Access,Total,Aire de l'Épître
node,1057337640,43.8137893,6.0811037,4500001,Avia,,Avia
node,1063376215,-21.2162396,55.3076993,,Tamoil,,Tamoil
node,1063810179,49.0107420,1.8997784,78250005,Intermarché,,Intermarché
node,1064315210,47.2316587,-0.1188742,49400006,Carrefour Market,,Carrefour Market
node,1064315324,50.9394127,1.9445475,,,,
node,1064649810,50.6290445,1.6455029,62152001,Carrefour,,Carrefour
node,1068988470,47.6196564,3.1919292,89520002,Total,,Total
node,1068988472,47.6207823,3.1969780,89520001,Super U,,Super U
node,1071029156,43.2105288,-0.8948756,,Elan,Elan,Elan
node,1075437513,43.9569663,2.8683042,12400005,Motrio,,
node,1079566770,47.3605483,-1.4085241,44850002,Système U,,Station U
node,1080287508,16.2603100,-61.6230064,,Compagnie ANtillaise Pétrolière,,CAP Lamentin
node,1083433547,43.3555327,3.2394972,34500033,Auchan,,Auchan
node,1084061532,48.9903975,1.7570370,78520002,Carrefour,,
node,1084342421,48.9907257,2.2891864,95230010,Total,,Auto Services de Soisy
node,1084390630,48.9870622,2.2959909,95230008,TotalEnergies,,TotalEnergies
node,1092024037,44.1827163,2.3628047,12800001,Total,,
node,1095081554,45.2459092,6.4244141,73870003,Dyneff,Total,Dyneff Saint-Julien-Mont-Denis
node,1096258158,48.8363177,2.2566251,,,Hysetco,Station à hydrogène
node,1098016167,43.5437009,3.7920362,34690010,Avia,,Avia
node,1098275893,43.5183733,0.1718367,32230003,Système U,U Express,U Express
node,1098371161,43.5033653,0.3957443,32300001,Intermarché,Groupement des Mousquetaires,Intermarché
node,1100305177,48.7320689,1.3410799,28500012,,,H Market
node,1104432212,49.0126421,1.9092547,78250003,Auchan,Auchan,Auchan
node,1105671100,48.7164822,1.3680246,28500001,Hyper-U,,Station U Vernouillet
node,1109326044,47.3898888,2.9232659,58200002,Carrefour,,Carrefour
node,1109478176,47.2134999,-1.7188672,44220003,Total,Total,Total
node,1109773318,45.3981810,2.0359847,19300003,TotalEnergies,,Total
node,1109773322,45.3982203,2.0342613,19300005,Intermarché,,Intermarché
node,1110697471,43.2948559,5.4415610,13012029,Intermarché,,Intermarché
node,1112563678,-22.2207502,166.4876811,,,Mobil,Station Mobil du Pont des Français
node,1113276013,43.9279758,4.8765333,84140006,TotalEnergies,,TotalEnergies
node,1113870025,48.1502755,4.2618445,10260001,Total,,
node,1114119802,48.1064337,4.3770030,10110001,Esso,,Esso
node,1118670880,48.7281648,2.2456072,91300020,Total Access,Total,TotalEnergies
node,1119424825,44.1754629,5.1293858,84340002,Elan,,
node,1119984196,48.8281143,2.2728354,75015011,Esso Express,,ESSO Express
node,1122517344,48.6496468,2.4169333,91130006,Total Access,Total,Relais Ris Orangis Libération
node,1123183347,48.7983133,2.4809332,94100011,BP,,BP
node,1124760838,45.7380582,4.8942629,69500008,TotalEnergies,Total,Total Access
node,1125926216,47.8560402,-3.8571429,29910004,Intermarché,,Intermarché
node,1127601612,49.3717203,2.4162982,,,Dogocho,
node,1135275429,46.6322761,1.0629221,36300002,Avia,,Avia
node,1135548394,46.1613577,-1.0984766,,AS24,,
node,1136060445,44.9188477,-0.2420407,33500008,Esso,Esso,Esso
node,1137767259,44.8562494,-0.6545077,33700012,Intermarché,,Intermarché
node,1139221943,43.1025840,-0.4180345,,Avia,,Garage Dos Santos
node,1139250192,43.2676282,-0.2102570,,Elan,Ets KIEBEL Yolande,Elan
node,1139317871,43.1767876,-0.2381489,64800004,Élan,SARL FERRAN,
node,1139334665,43.4622688,-0.3232382,,Elan,SARL PEDURTHE,Elan
node,1139347793,43.1709862,-0.5335602,,Elan,Mr LABORDE Jean,Elan
node,1139378036,43.4662685,-0.3234229,64450002,Elan,SARL SERIS Philippe,Elan
node,1139399132,43.1380042,-0.2677969,,Elan,Mr SECULA CRISTY,Garage Secula
node,1139438561,43.1520920,-0.2249622,64800003,Elan,SARL Garage de la Plaine,Garage de la Plaine
node,1139475751,43.1061413,-0.4358571,,Elan,SARL Orensanz,Elan
node,1139493017,43.0925185,-0.4194667,,Elan,EURL DA COSTA MIGUEL,Elan
node,1139511002,43.5112820,-0.3871651,,Elan,SARL LASTECOUERES,Elan
node,1139600074,47.8308075,1.9279339,45100006,Esso,Esso,Esso
node,1142286268,-21.0195293,55.2652165,,Tamoil,,Tamoil
node,1143999373,43.4784611,5.5376011,13710002,Esso Express,,Esso Express
node,1146432911,45.4076574,6.5607620,,Elan,,Elan
node,1146884578,47.3023761,0.8892695,37270006,Eni,,Eni
node,1147976545,47.3911801,0.6973529,37000015,TotalEnergies,,TotalEnergies
node,1149383792,14.4781207,-60.9033312,,Total,Total,Total
node,1149384977,14.4943045,-60.9049401,,Total,,Total
node,1151464962,14.4687003,-60.9352024,,Total,Total,Total
node,1151464985,14.4683012,-60.9352156,,Total,Total,Total
node,1152945151,46.2036653,-1.5122370,17590002,U,,La Station U
node,1154296705,47.0725671,2.3958106,18000018,Total,Total,Relais Total Bourges Camping
node,1156622406,48.8804945,2.2062218,92000021,Total Access,,Total Access
node,1156622524,48.8816166,2.2056225,92000020,Total Access,,Total Access
node,1157452150,48.8287756,1.9933104,78340005,Total,Total,Total
node,1157625626,46.7397298,5.9163506,39300004,Intermarché,Groupement des Mousquetaires,Intermarché
node,1157755997,14.8684537,-61.1218188,,Texaco,,Vito
node,1160944847,49.2343141,2.8865144,60800009,Monoprix,Groupe Casino,Monoprix
node,1163509860,48.7503049,2.3893067,94537002,TotalEnergies,,TotalEnergies Access - Relais du Bas Marin
node,1167753277,47.6059744,7.0039724,90130002,Intermarché,,Intermarché
node,1168644920,45.1671898,1.5497233,19100015,Esso,,Esso
node,1168835124,48.8682131,2.1990926,92500012,TotalEnergies,SARL GONCALVES,TotalEnergies
node,1172665573,48.8168431,2.3604808,75013022,Total,Total,Relais Total Porte D'Italie
node,1177524687,48.7899370,2.4647841,94000006,Esso,,Esso
node,1177524819,48.7912175,2.4619789,94000004,Esso Express,,Esso Express
node,1178197394,48.8596994,1.4242466,28260003,,Carrefour,
node,1180583379,47.7582688,7.4000918,68170002,Intermarché,,Intermarché
node,1181002722,48.8525250,2.7607631,77144002,Total,,Total
node,1182651427,43.9735014,2.7221415,,,,Station du Dourdou
node,1182684032,46.1549305,4.1722527,42190006,Carrefour Market,,Carrefour Market
node,1182874877,49.5334370,-1.8652058,50340006,TotalEnergies,,Total
node,1182878858,43.7077524,2.6994327,81230004,Elan,,
node,1182913385,42.9891664,2.9722487,11540001,TotalEnergies,,TotalEnergies
node,1187082056,48.8013424,2.4359956,94700005,Esso,,Esso
node,1188040015,48.4344101,-4.6217073,29290002,Elan,,Elan
node,1188218331,43.2672809,6.6302042,83990002,,,Station du Pilon
node,1188925552,43.2622762,6.5853578,83580003,Avia,,Avia
node,1191594862,48.8595020,2.3116861,75007004,Total,,Total
node,1192732591,48.8750408,2.1181097,78430005,Total,Total,Relais Total De Louveciennes
node,1193596350,48.6934874,2.6175969,77170005,Carrefour Market,Carrefour,Carrefour Market
node,1195243433,45.1240766,5.8774254,,,,
node,1197072156,49.3186135,2.4367460,60290003,Intermarché,Groupement des Mousquetaires,Intermarché
node,1199989949,48.8427396,2.4854509,94130003,Total,Total,Total
node,1200266511,49.3447833,2.4321337,60290005,Total Access,,Total Access
node,1204600585,48.8574911,-0.5365366,14110002,Intermarché,Groupement des Mousquetaires,Intermarché
node,1209386818,43.4402308,4.9398268,13270004,Esso Express,,Esso Express
node,1210245264,45.9187402,2.3409059,,Elan,Elan,Elan
node,1211057208,48.8969055,2.2546411,92400018,Total,,Total - Relais de l'Alma
node,1217542925,48.0582768,-0.7686243,53000010,Total Access,Total,Total Access
node,1218979924,48.6303126,7.7622834,67800004,Système U,,Station U
node,1229054907,48.6276760,7.7297883,67460001,TotalEnergies,Total,Total
node,1229057289,48.6210052,7.7311907,67800011,TotalEnergies,,Total
node,1229613001,44.1099405,1.1025928,82200001,Total,Total,Total
node,1232031481,48.5512135,-1.7244823,35120001,Carrefour Market,Carrefour,24/24
node,1233403407,50.6601695,3.1357747,59650013,Total Access,Total,Total Access
node,1234153954,49.5299739,4.2482696,8360003,Carrefour,,Carrefour
node,1235759811,48.5082329,0.5615621,61400003,Intermarché,,Intermarché
node,1235794327,43.1281011,5.9765073,83000006,Intermarché,Groupement des Mousquetaires,Intermarché
node,1236203805,46.5870557,5.6920542,,TotalEnergies,,TotalEnergies
node,1238342869,46.0714599,6.3272626,74800004,Intermarché,,Intermarché
node,1240915799,48.4749379,-0.9816924,53190001,Intermarché,Groupement des Mousquetaires,Intermarché Contact
node,1243135736,48.8407841,2.3912112,75012005,TotalEnergies,,TotalEnergies
node,1244327997,45.8434346,5.0695780,1120009,Avia,Avia,Avia
node,1244334342,47.7158916,7.1377337,68520011,Eni,,Eni
node,1245400440,43.2794429,2.0925863,11150002,Système U,Super U,Système U
node,1247154608,48.0800443,7.3985110,68180001,Esso Express,,Esso Express
node,1249118712,48.9128697,2.4630446,93700006,Esso,,Esso
node,1250498979,48.8953786,2.1264585,78110002,Esso,,Station Esso les Ibis
node,1251283807,48.9285712,2.5085742,93600006,Intermarché,Groupement des Mousquetaires,Intermarché
node,1252101925,43.5893474,3.8891386,34070017,TotalEnergies,,TotalEnergies
node,1252564747,43.2094144,0.8984888,31420004,,,Station du Coumatou
node,1253866909,44.1497708,-1.2150458,,Elan,,Elan
node,1254122680,48.9065465,2.4555456,93000001,Esso,,Esso
node,1255234824,48.7696464,1.9842781,78190008,,BP,
node,1256839420,43.2262317,-0.8852210,64130006,Carrefour Market,Carrefour Market,Carrefour Market
node,1258712305,48.8178929,3.0530602,77120004,Carrefour,,Carrefour Market
node,1259617730,49.8573011,3.2529330,2100001,Auchan,,Auchan Carburant
node,1260683544,48.7675788,-0.7243026,61100007,Carrefour,Carrefour,Carrefour
node,1262354595,43.8283753,-0.8030638,40400001,Total,Duverge Romain,Total
node,1263894278,46.3507698,-1.4299340,85360001,Système U,Super U La Tranche Sur Mer,Station U
node,1265029402,47.8534221,4.5709833,21400002,TotalEnergies,Total,Total
node,1265029555,47.8634039,4.5716667,21400010,Independent,,Station Le Marmont
node,1265784555,42.0623207,8.7413840,20111001,Vito,Vito,Vito
node,1267812910,43.0981315,5.8261507,83140006,Intermarché,Groupement des Mousquetaires,
node,1269707442,43.6095762,4.4775203,,Elan,Elan,Elan
node,1269971258,43.7643730,6.6558519,6750002,,,Station Girardin
node,1270437962,48.7527090,-0.5764010,61100003,Carrefour,Carrefour,Carrefour
node,1270461073,46.7534329,3.1400960,58240003,TotalEnergies,Total,Total Access
node,1273809858,44.0061672,7.5550129,,,,
node,1275639637,45.8248734,4.6689385,69210009,Avia,Avia,Avia
node,1276266083,45.2388530,5.8171855,38330002,Esso Express,,Esso Express
node,1278028902,42.8728402,0.3429491,65440001,Intermarché,,Intermarché
node,1278249422,48.6581415,2.4059970,91130007,Total,,Total
node,1278599830,50.1717617,1.6490628,80230003,Carrefour,,Carrefour
node,1279170965,-21.3789290,55.6204249,,Vito,,Vito
node,1279818178,43.6911071,7.3345984,,,,
node,1280369834,48.9126512,1.8529150,78580001,,,Station-service ACR
node,1280425208,50.6321476,1.5843768,62152006,Carrefour,,Carrefour
node,1280457541,48.2393236,4.6988556,10200001,Total,,Total
node,1281245288,50.7359323,2.3419963,,,,Cosmos
node,1282166627,48.8787212,2.3698437,75010003,Esso Express,,Esso Express
node,1284493746,48.6663696,7.7194234,67550003,TotalEnergies,,Total
node,1286682175,49.0998143,7.0577070,57200001,TotalEnergies,,Total
node,1286686211,49.1050063,7.0714446,57200003,Intermarché,Groupement des Mousquetaires,Intermarché
node,1286700892,48.7123154,2.4408666,91260001,Auchan,,Auchan
node,1286887986,48.0999480,-0.7815323,53810001,Carrefour,,Carrefour
node,1287951648,47.5134462,-2.0384253,,Elan,,Station Elan
node,1289392520,47.4983031,0.7833577,37380001,Auchan,,
node,1289408534,47.5983647,0.9145398,37110002,Carrefour,,Carrefour
node,1291022252,44.3573288,1.7237404,,ina,,Epicerie de Varaire
node,1297848221,43.6566288,7.1738385,6800006,Eni,,Eni
node,1299304157,46.2087609,4.3244868,,,,
node,1300494694,46.2043641,4.3352040,71170001,Carrefour Market,,Carrefour Market
node,1306430225,47.0261521,0.2372993,,,,
node,1307283452,43.4709704,3.7681652,34110004,Dyneff,Martinez,Dyneff
node,1307555171,47.7975806,1.0592994,41100006,TotalEnergies,Total Access,Total Access - Relais du Val de Loire
node,1308954664,46.9691572,-1.3314403,85600003,Système U,,
node,1308996627,46.6430313,-1.8081360,,Libreco,,Garage Gilbert
node,1309396831,43.0049272,-0.0857975,65400001,Carrefour,Carrefour Market,Carrefour
node,1309598115,48.4186627,0.0766759,61000012,Carrefour,,Carrefour
node,1310171636,46.3742855,0.4067783,86160002,Intermarché,Groupement des Mousquetaires,Intermarché
node,1310601052,47.9387762,1.6184571,,,,Renault Henri George
node,1311586942,48.5365080,7.4476669,67190001,Auchan,,Auchan
node,1313303030,48.8744128,2.6407967,77360001,Carrefour Market,,Carrefour Market
node,1313508674,49.5721810,1.6072002,,,,
node,1313547108,46.3176421,-0.4661187,79000001,Carrefour,,Carrefour
node,1313565890,43.7583324,7.1996933,6200014,Esso Express,,Esso Express La Manda
node,1313565926,43.7615434,7.2030536,6670011,Eni,,Eni
node,1314964669,49.0165699,0.1525143,14140003,Elan,,Elan
node,1315023390,45.5197358,0.6554797,24300007,TotalEnergies,Total,Garage du Stade
node,1315959487,47.0842146,-1.2627448,44190001,Super U,,Super U
node,1315959492,47.0965744,-1.2936584,44190002,Total,,Total
node,1315991692,49.9390485,4.6401178,8500002,Intermarché,Groupement des Mousquetaires,Intermarché
node,1316132142,45.5271441,0.6755625,,,,Garage du Moulin Blanc
node,1316962919,42.4481118,3.1651886,,,,Station des Îles
node,1317223595,45.2086583,3.5072369,43230002,Intermarché,Groupement des Mousquetaires,Intermarché
node,1319015908,45.5274431,4.2332241,42160005,Intermarché,,Intermarché
node,1319390188,48.5575017,-3.1412373,22200005,TotalEnergies,,Guingamp services
node,1319463008,48.8204344,2.3051655,92240010,BP,,BP
node,1321355444,44.0591705,1.9656744,81170001,TotalEnergies,,Total
node,1323466519,44.4067350,4.1368699,7140001,,Carrefour,
node,1323770037,-16.4989150,-151.7545530,,Total,,Total
node,1323770046,-16.5046012,-151.7519400,,Mobil,,Mobil
node,1325303896,45.6578126,4.7513782,69390008,TotalEnergies,,TotalEnergies
node,1325634868,48.3971567,-4.9590220,,,,Fioul
node,1327919865,43.7255433,7.4065840,6320005,TotalEnergies,Total,Total
node,1328303634,45.6198403,0.6985027,24360002,Intermarché,Groupement des Mousquetaires,Intermarché Contact
node,1328527368,44.1334464,5.9802200,4200011,Avia,,Avia Aubignosc
node,1329567508,48.0259573,6.5806367,88200017,Intermarché,Groupement des Mousquetaires,Intermarché
node,1329928757,43.7435822,7.1463712,6640002,U,,U Express
node,1329928782,43.6860267,7.1871722,6700008,,,Station Auto Espace Azuréen
node,1329928808,43.6896287,7.1858806,,Elan,Elan,
node,1330093811,44.3629642,3.7500314,,,,Station-service Gil Viala
node,1330629374,44.3967230,4.3817787,7150001,TotalEnergies,,TotalEnergies
node,1330743936,44.2602421,4.6466417,30130013,Intermarché,,Netto
node,1330744027,44.2411670,4.6411194,30130015,Carrefour,M3C PONT,Carrefour
node,1330870395,48.6739881,-1.3549320,50300002,Total,,Total
node,1332513206,44.0811865,5.0678917,84200008,Independent,,Relais de la Mède
node,1333758544,43.8754007,5.4036288,84400004,,Intermarché,
node,1334816518,43.9507755,6.8190848,4320001,Eni,,Eni
node,1334872958,43.9547338,6.8904271,6260002,Carrefour Market,,Carrefour Market
node,1334873195,43.9547368,6.8998350,6260001,TotalEnergies,,TotalEnergies
node,1335576043,49.1825596,6.8906815,57600002,Esso,,Esso Express De Guise
node,1338469069,48.2424743,-3.3124498,22110003,Intermarché,Groupement des Mousquetaires,Intermarché
node,1338502734,43.4197829,5.0556372,13500012,TotalEnergies,,Relais Canto Perdrix
node,1338774662,43.4213561,5.0536248,13500001,Auchan,,Auchan Martigues
node,1339397715,42.4631544,2.6388602,66510001,Total,,Total
node,1340091179,49.3986846,4.7159047,8400002,Esso Express,Esso Express,Esso Express
node,1340165772,49.3959243,4.6824415,,E.Leclerc,,E. Leclerc
node,1341666709,43.5506150,6.9922909,6150011,Eni,,Eni
node,1341928192,49.8418453,3.2842259,,,,
node,1343023916,47.2397719,-1.5900127,44700005,Esso Express,Esso,Esso Express
node,1343108667,48.9725595,-1.4680499,,TotalEnergies,,TotalEnergies
node,1344501697,48.7649502,2.1272335,78530001,Intermarché,Groupement des Mousquetaires,Intermarché
node,1345062755,47.4478086,-0.5077967,49800003,Système U,,Trélazé Pyramide
node,1345743774,43.5735768,1.4739087,31400008,Dyneff,,
node,1346552898,50.5046758,2.5117955,52540001,Intermarché,Groupement des Mousquetaires,Intermarché
node,1346695726,43.5608071,4.0767321,34280006,Système U,Système U,Station U
node,1347136557,43.6182242,3.8437551,34100001,Eni,Agip,Eni
node,1347311728,49.1585489,6.8496861,57800005,TotalEnergies,Mahou,Total
node,1347330855,44.9226347,3.8088596,,,,Garage Viannes
node,1347562557,43.6373409,6.0640953,,,,
node,1348027494,45.7710208,4.8666399,69100031,Esso,,Esso
node,1348682009,48.1003349,-4.0127483,29510004,Intermarché,Groupement des Mousquetaires,Intermarché
node,1348955535,-21.8677868,166.0489074,,Shell,Shell,Shell Boulouparis
node,1349563292,43.5016131,1.3921578,31120007,Intermarché,,Intermarché
node,1349679148,48.6466700,2.0687252,91470007,TotalEnergies,,TotalEnergies
node,1350456887,44.8989034,-0.1608525,33330002,,Elan,
node,1351093769,48.9924625,2.3590831,95350004,Total,,Total
node,1352360590,45.9480880,-0.9760757,17300006,Esso Express,,Esso express
node,1352373959,44.0871192,2.7048811,,Elan,,
node,1352699618,44.0294566,2.5344974,12170001,Carrefour Contact,,Carrefour Contact
node,1352863213,48.8555129,2.5253030,93330006,Total Access,,Total Access
node,1353211027,46.5889740,0.3694340,86180002,Système U,,Système U
node,1354709435,46.4635503,-1.1731794,85400001,Super U,,Hyper U
node,1356793222,48.8597349,2.9106161,77580001,Esso,,
node,1357919109,48.5676939,-1.5438917,,Elan,,Elan
node,1360200050,44.0578499,5.2315283,84570002,,,Station Communale Villes-sur-Auzon
node,1360765146,44.5362346,5.8315924,5400002,Super U,,
node,1360817316,44.5374844,5.8346465,5400003,Elan,,Relais la gazoline
node,1362532149,46.1062923,4.7328729,69220003,Total,,Total
node,1364787025,45.5391136,5.1032757,,Elan,,Station essence Quemin
node,1364885427,48.1154556,4.3820562,10110002,Intermarché,Groupement des Mousquetaires,Intermarché
node,1365440019,47.7170570,1.9408565,45240002,Auchan,Auchan,Auchan
node,1365473635,48.9630413,2.3392616,95360001,Intermarché,Groupement des Mousquetaires,Intermarché
node,1366942402,50.3737604,3.5436128,,,,CNG
node,1368813203,45.5003870,4.1703764,42680001,TotalEnergies,,TotalEnergies
node,1369289841,45.4836818,4.5342015,42152001,Système U,,Station U
node,1369291268,45.4920869,4.5563989,42152003,Intermarché,,Intermarché
node,1369779809,48.7079164,7.7099077,67170008,TotalEnergies,Total,TotalEnergies
node,1370531314,45.5128217,-1.1138852,33780001,Carrefour Market,,Carrefour Market
node,1372862136,43.6557470,1.4219591,31200009,TotalEnergies,,TotalEnergies
node,1372862239,43.6577981,1.4195799,31200023,Total Access,Total,
node,1372862251,43.6555219,1.4217284,31200019,Esso,,Esso
node,1372877714,43.2195786,2.2172835,11290002,Dyneff,,Dyneff
node,1375334765,47.4185252,-1.0180791,44370008,TotalEnergies,,TotalEnergies
node,1375579232,49.0241454,-0.0279927,14170006,Intermarché,,Intermarché
node,1375780355,47.1945117,5.0839210,21910001,,Atac,
node,1375782961,45.3743919,6.0544684,38830002,Intermarché,,Intermarché
node,1376651330,49.1282265,4.5258265,51600002,Avia,,
node,1376875150,49.6845361,4.9723790,8140003,Casino,,Géant Casino
node,1377244904,48.7362648,7.3647648,67700001,Match,,Match
node,1377593519,43.5254174,1.3235710,31270003,Carrefour Market,,Carrefour Market
node,1377782762,49.0203123,5.8572230,,TotalEnergies,,TotalEnergies
node,1378331244,49.1394564,6.7987401,57800002,Esso Express,,Esso Express
node,1378956320,45.6973327,5.0152447,69720005,Intermarché,Groupement des Mousquetaires,Intermarché
node,1378990861,43.2023739,6.0503664,83210004,Independent,,Contact
node,1381605330,42.5590319,3.0075781,66700001,Intermarché,Groupement des Mousquetaires,Intermarché
node,1382207212,44.0906240,5.4060464,,Independent,,Relais Saint-Jacques
node,1383148646,43.3177011,6.0760118,83136007,TotalEnergies,,Relais du soleil
node,1384157690,43.6268980,6.9986630,6560006,Total,Total,Total Contact
node,1386442032,42.7237229,9.4570854,20200006,Total,,Total
node,1387625323,45.8272013,3.3729817,63190001,Carrefour Market,,
node,1388567772,48.9351529,4.4015578,51000013,TotalEnergies,RELAIS ST THIEBAUT,TotalEnergies
node,1390314329,43.6138259,1.0894355,32600001,Super U,Super U,
node,1392116824,44.5501558,3.2892267,,,,
node,1392116832,44.5513218,3.2911310,48100002,Avia,,Avia
node,1392142260,44.5586229,3.2903747,48100004,Carrefour,,Carrefour
node,1392142274,44.5514532,3.2928691,48100003,Super U,,Super U
node,1392144325,43.6704151,-1.3909033,40150001,Intermarché,,Intermarché
node,1392519172,44.4685594,2.7291144,12340001,Total,,
node,1392664963,49.0875212,1.8717406,,Renault,,Agence Gay
node,1392691756,45.9444724,4.7146025,69480007,Eni,Eni,Eni
node,1392893950,48.5116197,-1.8956403,35540008,Carrefour,,Carrefour Contact
node,1394123150,50.4484729,1.7498275,62170002,Carrefour,Carrefour,Carrefour Market Montreuil Campigneulles
node,1395117683,45.8255051,0.4518978,16260002,Intermarché,Groupement des Mousquetaires,Intermarché Super
node,1398569005,-21.2485832,55.4710578,,Engen,ENGEN,Engen
node,1399512673,45.3205567,3.6981140,,Avia,,Avia
node,1399583820,47.3112478,5.0153922,21000011,Esso Express,,Esso Express
node,1399777418,44.2366528,5.9120657,4204001,Station U,,Super U
node,1400162929,43.4384199,1.4257804,31810003,kai,,Total
node,1401208770,48.1313901,-2.0249819,35750002,Total,,
node,1401524432,48.1317177,-2.0225619,,Elan,,
node,1402294719,44.0892647,6.8534581,,,,
node,1402571074,44.9089080,0.1836798,,,,
node,1402685811,48.2035042,6.7228384,88600003,Intermarché,,Intermarché
node,1403100270,44.3703295,2.5483622,12000013,Total,,
node,1403600084,45.5943738,2.7617509,63150002,Intermarché Super,,
node,1404553200,43.1371680,6.3642713,83980002,,Garage Saint-Christophe,Garage Saint-Christophe
node,1404704499,47.2415470,-2.1569040,44250004,TotalEnergies,,Total
node,1406919819,42.8277201,0.3333174,65170002,Carrefour Market,Carrefour,Carrefour Market
node,1407437599,43.2817837,1.3471254,9210001,Carrefour,,Carrefour Market
node,1408144665,44.1511145,4.8027049,84100009,TotalEnergies,,TotalEnergies
node,1409068444,44.1822248,2.7903103,,Independent,,Garage Vaysse
node,1411631977,43.4187327,-0.5845204,64170013,Eni,Eni,Eni
node,1414370192,48.6807588,-0.7912995,,Elan,Elan,Elan
node,1415185746,44.6506233,4.3231440,7380002,Intermarché,,Intermarché
node,1417334836,47.9776081,5.4978798,52140006,,Avia,
node,1417488494,48.6153437,-3.0975941,,,,
node,1419491238,43.7142553,1.4189871,31150004,Intermarché,,Station Intermarché
node,1420694599,43.2485280,5.3909361,13008008,Carrefour,Carrefour,Carrefour
node,1422717342,-21.5674525,165.4975858,,,,Total Bourail
node,1423978603,15.9515719,-61.3137671,,Vito,,Vito
node,1426054795,47.3935695,1.0025527,37400006,TotalEnergies,Total,Total Energies
node,1429386999,44.2881122,2.7152769,12290003,,Groupement des Mousquetaires,
node,1429619688,48.8344821,1.7095483,78910001,Auchan,,Auchan
node,1429755575,50.3925970,2.2182337,,Elan,Elan,Elan
node,1430980483,48.8046730,2.1527959,78000021,Esso,,Esso
node,1431596749,-22.1706344,166.4621540,,,Total,Station Service du Parc
node,1432006008,48.9093094,2.3862351,93300009,Total,,
node,1433248763,43.2024127,6.0470959,83210011,E.Leclerc,,E. Leclerc
node,1434281152,44.5642840,6.0839461,5000008,Intermarché,Groupement des Mousquetaires,Intermarché
node,1436262044,48.9407386,2.4319132,93150007,Esso Express,Esso,Esso Express
node,1436384976,42.7650792,9.4681211,20222001,Esso,Esso,Esso
node,1436419583,50.8625439,1.8838074,62340001,Carrefour,,Carrefour
node,1437678625,42.2622843,8.7089307,20150003,Vito,Vito,Vito
node,1438513644,41.9796594,8.8339420,20167008,Vito,Vito,Vito
node,1438522383,41.9317599,8.7397980,20090014,Esso,Esso,Esso
node,1438525067,41.9105425,8.7217705,20000007,TotalEnergies,Total,Total
node,1440293281,48.7928452,2.1195326,78000016,Esso,,Esso
node,1444464636,43.6470377,1.3685365,31700005,E.Leclerc,,Station Service E. Leclerc
node,1445200470,48.9357712,7.8838148,67250001,,Match,Match
node,1445207631,48.9026976,7.9681618,67690002,Carrefour,Carrefour,Carrefour
node,1445749380,45.3199028,4.6235139,,,,
node,1446938665,44.3699253,2.5896984,12850001,Système U,,Station U
node,1447242663,48.9117826,2.5189768,93190006,BP,,BP
node,1447392834,43.7608738,1.9703969,81300006,Intermarché,,
node,1448726293,44.3466833,-1.0772858,40160003,Intermarché,Groupement des Mousquetaires,Intermarché
node,1448726298,44.3489482,-1.0652363,40160001,Super U,Super U,Super U
node,1448732089,49.8422798,3.2837222,2100018,D.M. Combustibles,,
node,1450167815,43.6103513,5.7552517,83560011,TotalEnergies,,Total Energies
node,1451946902,45.7784476,4.7789593,69130003,Esso Express,,Esso Express
node,1451985694,45.5371974,2.1514687,19250003,Intermarché,Groupement des Mousquetaires,Intermarché
node,1451995388,45.5344356,2.1482715,19250001,Elan,,Elan
node,1452257713,44.3068303,5.0994749,,,,
node,1455100868,48.9119831,2.3800364,93300010,Esso,,Esso
node,1456077166,47.1730435,3.3278632,,Independent,sarl,Garage Angoumare
node,1456077172,47.1728912,3.3277161,,,,garage angoumare
node,1456094040,47.1746305,3.3266381,58700002,Carrefour,,
node,1456243434,43.7458264,1.3658043,31790005,Carrefour,,Carrefour
node,1456616469,44.8992855,1.4747105,46200004,Netto,,Netto
node,1456616470,44.8996498,1.4773343,46200001,Total Access,,Le Relais de Blazy
node,1457189273,49.1102135,6.3916340,57530001,Intermarché,Intermarché,Intermarché
node,1457474998,42.1013634,8.7079417,20118005,Esso,Esso,Esso
node,1457799203,49.0646863,-1.5945643,50560001,Carrefour,,Carrefour
node,1457908942,43.5692469,6.9959240,6110010,Intermarché,,Intermarché
node,1458715252,46.0009341,6.1219409,74350003,Esso,,
node,1459055367,45.7660900,4.7842722,69160005,Avia,,Avia
node,1460261553,43.7051744,7.3005531,6300019,Avia,,AVIA
node,1460282842,47.3071827,5.0576374,21000027,TotalEnergies,SARL TAB,Total
node,1460476641,44.2797330,1.8575513,82160001,TotalEnergies,,Total
node,1460510956,43.8740664,7.0032866,6910002,,,Proxi
node,1461259314,43.6079883,1.2848970,31820001,Carrefour,,Carrefour
node,1461259316,43.6107058,1.2843742,,,,
node,1462134678,45.7806246,4.7677262,69130005,TotalEnergies,Total,TotalEnergies
node,1462962186,44.1842736,7.0557658,6420001,Dyneff,SP AUTO Sarl,Dyneff
node,1462983902,44.2321883,6.9534572,6660003,TotalEnergies,,TotalEnergies
node,1463801149,48.3046661,-3.9538697,,,,
node,1464260331,49.8340000,3.2991739,2100020,Total Access,,Total Access
node,1464445271,50.3013886,3.7971717,59570001,,,Match
node,1468365730,48.8989479,2.5490231,93370001,Auchan,,Auchan
node,1477328054,48.2523527,7.5959049,67920001,Station U,Super U,Station U
node,1477615535,47.7615233,-3.2925469,56700003,Total,Total,Station Total
node,1479986624,42.5756831,2.8452007,,,,
node,1481593365,47.6790858,6.5016945,70200001,,,Match
node,1482587810,43.2113539,2.3447931,11000005,Esso Express,,Esso Express
node,1484747902,45.9568348,5.3327543,1500004,Avia,Avia,Avia
node,1484747903,45.9727736,5.3376503,1500007,Intermarché,Groupement des Mousquetaires,Intermarché
node,1488255342,45.8425208,4.7706140,69760001,Totalenergies,Totalenergies,Totalenergies
node,1490602470,50.1768478,3.2062000,59554008,Carrefour Market,Carrefour,Carrefour Market
node,1491862842,47.7569822,-3.2379075,56700007,E.Leclerc,,Station Service E.Leclerc
node,1492281675,48.4923085,3.5092193,,,,
node,1492287124,48.4925716,3.5124594,10400002,Carrefour Market,,Carrefour Market
node,1493475306,43.2785573,5.3632535,13007008,Eni,Eni,Eni
node,1495577943,50.1235806,3.6893055,59550001,Carrefour Market,,Carrefour
node,1496750963,46.0348591,5.3894749,1640003,TotalEnergies,SARL CEYZERIAT,Total
node,1498438627,49.3293458,2.4635999,60140002,Total,,Total
node,1498665726,47.0243531,-2.2976277,,,breteche,Brétéché
node,1503101237,43.6484441,3.8318538,34790005,,,Station Grabels
node,1503398963,-17.5366838,-149.5697291,,STDO,,P1
node,1505086037,45.8740127,4.7477516,69380007,Avia,Avia,Avia
node,1505172941,43.1842789,6.5430329,83240007,Avia,,Avia
node,1505173021,43.1904707,6.5530373,83420005,Total Access,,Relais la Croix Valmer
node,1505260332,45.1333977,2.2226660,15700005,U,,U Express
node,1505439791,43.6103144,3.8392056,34070019,Total,Total Access,Total Access Celleneuve
node,1505986887,-21.1675926,55.2876831,,Elf,,
node,1505986888,-21.1768969,55.2880050,,Total,,
node,1505986898,-21.1702155,55.2879728,,Tamoil,,Tamoil
node,1507393859,46.1255169,5.8136295,1200003,Carrefour,,Carrefour
node,1508638295,47.6654546,1.9253999,41600007,Eni,,Eni
node,1509533185,45.0761950,4.8154443,7300003,Intermarché,,Intermarché
node,1510248913,49.2861131,5.2884228,55110002,TotalEnergies,Commune de Consenvoye,Total
node,1510280728,47.4139946,-1.3920796,44850001,Super U,,Station U
node,1512012089,47.4365332,-0.5143672,49130004,Intermarché,,Intermarché
node,1515096235,48.6837287,1.8457024,78610003,Auchan,,Auchan
node,1515854706,48.5579831,3.0252837,77370001,Carrefour Market,,Carrefour Market
node,1516255229,44.0354062,5.0031937,84170002,,,Station service SARL Bernaud
node,1516276233,45.8907095,4.4428225,69170001,Auchan,,
node,1516288320,45.8394171,4.6230348,69210007,,,Otarie
node,1524173341,46.3773015,0.2116001,86370008,Esso Express,,
node,1525491942,45.6826345,0.1797351,16430004,Intermarché,,Intermarché
node,1525966840,48.5315598,7.7150885,67400005,TotalEnergies,Total,Total
node,1528051937,50.1135386,1.8280594,80100007,Esso,Esso,Esso
node,1528275706,46.6964352,-1.9279843,85804001,Super U,Super U,Super U
node,1533832199,43.7784947,1.6252262,31660004,Intermarché,Groupement des Mousquetaires,Intermarché
node,1535142489,45.2112563,1.6926194,,Elan,,Elan
node,1538078514,48.0749405,6.8830583,88400006,,,Garage Defranoux
node,1538469833,45.6840921,0.2402055,16600001,Intermarché,,Ruelle
node,1540732307,44.5720386,4.5116826,7170003,Intermarché,,Station Intermarché
node,1542400551,46.4487195,5.3440071,,,,
node,1542411390,46.4420198,5.3428814,39160001,Système U,,Station U
node,1545008734,45.0130762,4.3878155,7320004,Carrefour,Carrefour,Carrefour Contact
node,1546248737,43.8171092,4.3928027,30021001,Carrefour,Carrefour,Carrefour
node,1547028654,49.8940124,2.2849732,80000008,Esso,Certas Energy France,Esso Saint-Roch
node,1547038009,49.8622084,2.2775158,80044001,Auchan,Auchan,Auchan
node,1547748415,48.8578150,2.3897090,,Avia,,Avia
node,1551567143,50.1219595,3.0894682,,,,
node,1551569144,50.1244252,3.0900577,,Dyneff,,Dyneff
node,1559152579,45.8730314,5.6975754,1510003,Carrefour Contact,,
node,1561460973,43.6342288,6.6508070,,,,eurorepair
node,1562068514,44.7792016,3.3837108,48120001,,,Spar
node,1562979873,49.2256940,2.8803803,60800003,,Carrefour,
node,1563579215,44.3957273,2.7717012,12310001,Total,,Garage Majorel
node,1563710824,45.8794967,1.2378510,87270005,Intermarché,,Intermarché
node,1564023829,44.3955312,1.7676355,46260002,Total,,Total
node,1564025105,44.4867950,1.8421656,46160001,Total,,Total
node,1566655390,45.7907676,4.8081366,69370002,Total,,Relais Saint-Didier
node,1568009842,48.8364028,2.2775659,75015030,BP,British Petroleum,BP
node,1569097226,43.0769326,5.8026645,,,,
node,1569645981,46.3073046,4.4808315,,Avia,,Station Service Geslin
node,1572883368,48.4981192,-2.7226205,,Avia,,Avia
node,1573015330,47.2460028,-1.5899073,44700003,Intermarché,,
node,1576136119,42.4567567,2.0373426,,,,
node,1577062695,44.2979255,2.5571770,12450001,Carrefour,Carrefour,La Station Carrefour
node,1577455976,43.2882821,5.4000333,13010005,TotalEnergies,,Total
node,1577468488,43.2720009,5.4010015,13009008,TotalEnergies,,TotalEnergies
node,1578702305,47.2737331,-2.4418600,44510001,,,Station-service Intermarché
node,1579320393,47.3321947,-1.6174351,44119004,Super U,Super U,Super U
node,1580102105,50.2753925,1.6605341,80120003,Carrefour,Carrefour,Carrefour
node,1580701598,47.3019566,-2.2127894,44570001,Auchan,,Auchan
node,1581454730,47.2792256,-2.4223773,44500002,Avia,,Avia
node,1581470355,45.9546882,1.7647482,23400004,Carburant Service,Carburant Service,Carburant Service
node,1583223971,42.6318820,2.7606250,66300012,Netto,,
node,1583695882,45.2750094,1.7739629,19000006,Intermarché,,Intermarché
node,1583849979,49.0094123,7.0776907,67260003,Super U,Marché U,Super U
node,1583919313,48.1777997,-2.7609284,22600008,Intermarché,,
node,1584139703,48.7318297,2.3278049,,,,
node,1584743903,48.9346101,7.6605736,67110002,TotalEnergies,,Total
node,1585068043,50.3345315,2.9356216,62490003,Total Access,,Total Access
node,1586005775,49.8404983,3.9182278,2140003,Intermarché,Groupement des Mousquetaires,
node,1586411307,47.3373732,1.7496568,41200001,Carrefour,Carrefour,Carrefour
node,1589507896,48.5265376,0.7497045,61290002,Intermarché,Groupement des Mousquetaires,Intermarché
node,1589818151,48.5228319,0.5424152,61400004,Elan,,Elan
node,1594619875,43.3115105,5.4033776,13000001,Intermarché,Groupement des Mousquetaires,Intermarché
node,1594619892,43.3156537,5.4094769,13013003,Esso,Esso,Esso
node,1596035483,48.9857412,1.9689165,78480001,Auchan,,Auchan
node,1599842703,43.6926305,-1.0498444,40100005,Intermarché,,Intermarché Porte Sud
node,1601703268,-21.0764972,165.4046044,,TotalEnergies,Total,Total Ponérihouen
node,1607848939,47.8407082,0.2625528,72220002,Total,Total,Total
node,1610704766,43.6399362,4.7978466,13310001,Super U,,
node,1612197527,15.9967011,-61.7226011,,Vito,,Vito
node,1612459401,47.9182766,7.5279744,68740001,Système U,,Station U
node,1615601320,44.6049991,4.3871427,7200010,Carrefour Market,,Carrefour Market
node,1619076643,48.5655188,-3.3403184,22540003,Elan,Elan,Elan
node,1619925094,49.1674789,5.3871417,55100003,Esso Express,,Esso Express
node,1622646894,50.4706130,3.2479722,59310001,E. Leclerc,,E. Leclerc
node,1623924456,44.3415884,1.2040633,46800002,Carrefour,,
node,1626604454,45.5365373,1.7939635,,Elan,,Elan
node,1627119135,49.7057395,4.9354855,8200007,Intermarché,Groupement des Mousquetaires,Intermarché
node,1627197104,45.5985244,1.9256217,19170001,TotalEnergies,Total,Total
node,1628924155,49.6974714,4.8713381,8350002,Carrefour,,
node,1632845216,43.7238857,7.2557788,6100006,Eni,,Eni
node,1633608918,43.6875595,7.1973665,6200027,Total Access,,Relais Sainte-Marguerite
node,1633688458,48.8960978,2.7169219,77400008,Intermarché,Groupement des Mousquetaires,Intermarché
node,1634539848,43.2642836,1.1940130,31310004,Total,,Total Contact
node,1634593979,43.3031533,1.2207318,31390004,Auchan,Auchan,Auchan
node,1634602364,43.3455112,1.2641327,31410008,Super U,,Super U
node,1635823030,43.2214382,5.5435950,13260002,TotalEnergies,,Relais Sainte-Croix
node,1636361283,49.1877800,-0.2980559,14460002,Super U,,Super U
node,1636368190,44.8086623,3.2826139,48200004,Intermarché,,
node,1637641043,44.4131523,5.3548576,,,,Station essence (automate)
node,1642998267,44.0253016,4.3887117,30700004,Intermarché,,Intermarché
node,1643004257,43.9898992,4.4289490,30700001,Carrefour,,Station Essence
node,1645395474,48.7933726,3.0976516,,,,
node,1647515257,49.0568993,-1.4314607,50200012,TotalEnergies,,Total
node,1647850612,43.7623352,7.4576063,6190011,Eni,,Eni
node,1648783289,50.5688484,2.4643610,62190005,TotalEnergies,Total Access,Total energies
node,1651599005,43.8080991,4.3169073,,,,Station ASA
node,1654623715,44.8383606,0.2179878,,,,Station-service Letellier
node,1655111679,50.1845918,3.2539457,59161001,Auchan,Auchan,Auchan
node,1655111714,50.1670297,3.2382651,59400007,TotalEnergies,Total,Total
node,1655111722,50.1936228,3.2128010,59554002,Intermarché,,Intermarché
node,1655111751,50.1621037,3.2082071,,,,
node,1655690828,48.6874412,5.3208997,55500002,Total,,Total
node,1655691878,48.6777066,5.3251044,55500001,Carrefour Market,,Carrefour Market
node,1655704919,47.2800771,-2.2282150,44600002,Super U,,La Station U
node,1655868466,48.9097362,6.0406244,54700006,Intermarché,,Intermarché
node,1660002678,43.6906901,4.6373157,13200016,TotalEnergies,,Total Access
node,1660834998,45.5582432,-0.4016944,17520002,Total,La mécanique Jarnacaise,TotalEnergies
node,1662243813,50.7442302,2.2601052,62500005,Total Access,Total,Total Access
node,1662243816,50.7443032,2.2592710,62500003,Esso Express,,Esso Express
node,1664555254,48.4177767,1.4658084,28600003,Total,,
node,1664988100,49.0826611,2.3147605,95560003,Esso,,Esso
node,1665591563,48.4332591,1.4769848,,Elan,,Elan
node,1666586724,48.1611591,-0.9682797,53410001,Système U,,Station U
node,1666996046,50.5981083,2.9940350,59320005,Intermarché,,Intermarché
node,1667689924,48.1809324,-0.1232454,72140001,Super U,Super U,
node,1667689925,48.1797788,-0.1206947,,Elan,Elan,Elan
node,1669469285,49.3510501,6.1598779,57100008,Total,Total,Total
node,1669829852,47.3221056,5.0526932,21000006,Avia,,Avia
node,1670639935,46.5464528,-0.3141089,79310001,Total,SARL MARTIN SERVICE AUTO,Total
node,1671175750,50.0569765,3.1307382,59231002,Intermarché,,Intermarché
node,1671227428,4.7882130,-52.3525359,,Total,Total,Total
node,1671605888,47.8805802,0.8086686,41360005,,,Coccinelle
node,1672320015,49.1899295,2.4626871,60500010,Esso Express,,esso express
node,1672320019,49.1779158,2.4557528,60500002,Esso Express,,Esso express
node,1672333875,49.2037821,2.4610904,60500011,TotalEnergies,,Total Access
node,1673437301,48.7310765,4.5890159,51300013,Total Access,,Relais des Marvis
node,1673941684,50.4834679,2.4024950,62550002,Carrefour,,Carrefour
node,1674575803,48.7139121,4.5892431,51300006,Super U,Super U,Super U
node,1674812026,43.6702855,4.6215273,13200015,Total,Total,Relais Total du pont Van Gogh
node,1674990210,43.6781474,7.2194909,62000015,Eni,,Eni
node,1676123466,48.8441869,2.5290949,93160006,Intermarché,,Intermarché
node,1676655666,46.1861323,5.5272616,1460002,Total,,TotalEnergies Contact
node,1676705323,45.6633686,6.3916912,73200002,Carrefour,,Station Carrefour Market
node,1678302180,43.7419600,5.0849613,13560004,Auchan,,Auchan
node,1678619111,43.5889520,6.9366791,6550002,Intermarché,,
node,1678619143,43.5757390,6.9515704,6550001,Agip,,Station service de la Siagne
node,1678949114,48.8217615,2.6240257,,,,
node,1678955958,48.8133230,2.3888709,94200009,BP,,BP
node,1681218591,45.1847849,5.7785875,38240001,AS 24,,AS 24
node,1683885815,45.6472517,5.8950806,73420002,Intermarché,,Intermarché
node,1684506513,43.7372742,4.2179455,30310001,Système U,,Station U
node,1684840299,14.6723444,-61.0407784,,Vito,,Vito
node,1685712461,42.5331479,2.8397730,66160004,TotalEnergies,,TotalEnergies
node,1686133889,46.6140019,0.3154888,86440001,Total,,Total
node,1686999587,48.5319297,0.5116682,61400005,TotalEnergies,Total,Total
node,1688560023,48.9626626,4.3668491,51000006,Esso,Esso,Esso
node,1688925438,45.9791749,4.7178474,69400005,Esso Express,Esso,Esso Express
node,1689378546,49.1747393,6.9179112,57600003,Esso,,Esso
node,1690232969,45.8522617,4.6830475,69380014,TotalEnergies,Total,Total
node,1690268656,48.8267868,1.9482670,78370001,Auchan,,Auchan
node,1692221681,43.8497053,6.5086206,4120004,Avia,,Avia
node,1692499992,50.3047737,3.4028794,59282001,Intermarché,,Intermarché
node,1693195765,47.4767329,-1.7613308,44130002,TotalEnergies,,Total
node,1693297161,47.4730567,-1.7469809,44130001,Super U,Super U,Super U
node,1694564999,43.0443759,-0.6003341,,Dyneff,,Dyneff
node,1694646525,45.7789481,4.7508309,69260012,Eni,ENI,Eni
node,1694657050,43.3131485,1.9656002,11400002,Dyneff,,
node,1694898787,44.9948509,-0.4402466,33240007,,Groupement des Mousquetaires,
node,1698187413,48.4054593,-0.8067525,53120001,Système U,,Station U
node,1699534387,49.0786146,1.6911172,,,,
node,1699534399,49.0792964,1.6918906,,,,
node,1700186269,47.0472210,-1.6398421,44310001,Station U,Super U,Super U
node,1701169756,44.1545822,1.5301763,82300005,Intermarché,,Intermarché
node,1702514331,48.8398280,-1.0419580,,Elan,,Elan
node,1704081720,48.7871990,5.1376080,55000005,Intermarché,Intermarché,Intermarché
node,1704423050,47.5144915,-2.3765258,,,,
node,1704517357,48.4004666,-0.1054079,53370001,Total,Eurl Olivier,Total
node,1705069017,44.5150260,3.4761348,48000001,Système U,,Station U
node,1705822635,48.0494574,7.1136675,68140002,Total,Total,Total
node,1706901807,47.8695901,-3.8950197,29900004,Intermarché,,
node,1707559526,44.3282088,3.5922191,48400003,Avia,AVIA,
node,1708078168,44.1931845,-1.2295279,40200001,Carrefour,,
node,1708634189,43.3679254,5.6415993,13390002,Intermarché,Intermarché,
node,1708984746,45.1970323,0.1298072,24410003,Carrefour Contact,,Carrefour Contact
node,1710620550,47.0970458,-1.1251711,49230002,Carrefour,,Carrefour Contact
node,1711336308,46.0354191,4.2911366,69240002,Intermarché,Groupement des Mousquetaires,Intermarché Super
node,1711913073,48.4865122,6.0935676,54330001,,,G20
node,1713994988,45.1970417,6.6235904,73500006,Shell,Shell,Shell
node,1715105312,43.3721622,3.4223065,34550002,Intermarché,Groupement des Mousquetaires,Intermarché
node,1715572047,49.2555690,3.0803290,2600006,Carrefour,,Carrefour Market
node,1715913305,47.9755204,2.1814881,,,Elan,
node,1717492074,48.7291295,-1.4240857,,,,
node,1717494205,48.7505545,-1.4637563,50530002,Super U,,Super U
node,1719376078,50.0167105,4.0389296,59610004,TotalEnergies,Total,Total Access
node,1719393682,48.4133992,3.2443054,77480002,Carrefour,Carrefour,Carrefour
node,1719393731,48.4137073,3.2327532,77480001,Avia,,Avia
node,1719529089,49.0228980,-0.0189963,14170001,TotalEnergies,Total,TotalEnergies
node,1721048937,44.1034504,3.8883186,,,,Station Service du Planet
node,1721875423,45.3159127,1.7705339,19460002,Total Access,,Total Access
node,1723241387,43.8473638,-1.3589142,40660004,,Garage Montier,Garage Montier
node,1724253850,44.3410582,1.5422971,46230004,Total,,Total
node,1725155424,48.5584599,-2.2905377,,Brétéché,Brétéché,Brétéché
node,1725856793,43.3232675,5.4476220,13013011,,,Les Olives
node,1726198328,44.1537804,4.6136509,30200004,Intermarché,Groupement des Mousquetaires,Intermarché
node,1726229443,44.1718008,4.6202799,30200003,TotalEnergies,,TotalEnergies
node,1726229517,44.1528971,4.6172182,30330001,Carrefour Market,Carrefour Market,Carrefour Market
node,1728242227,47.0324342,-0.9336910,49300017,Avia,,Avia
node,1729419491,48.1658923,-1.8668366,35590004,Shell,Shell,Shell
node,1730186355,48.1933812,6.9496008,88650001,Système U,,Station U
node,1730826159,47.1287929,-0.1514587,49260001,Système U,Super U,Station U
node,1731522573,45.3328696,3.8442070,43500002,Super U,Super U,Super U
node,1733123925,44.0171934,6.2123044,,TotalEnergies,,TotalEnergies
node,1735182554,45.8475470,3.5306254,63300003,Elan,,Elan
node,1735879934,47.9715555,2.7182963,45700002,Intermarché,Groupement des Mousquetaires,Intermarché
node,1736081673,47.1279991,-0.6379309,49690001,TotalEnergies,Garage Claude Poireau,Total
node,1737152395,48.0926521,2.8022142,45210005,Carrefour Market,Carrefour Market,Carrefour Market
node,1738011673,49.4986618,3.4514814,2320001,Carrefour,,Carrefour
node,1739261158,47.9547536,5.7514743,52400001,Carrefour Market,,
node,1740123898,45.0366007,4.0536696,,,,
node,1740127412,45.0364794,4.0574837,,Esso,,Esso
node,1740388238,49.2544879,5.9466820,54150002,Système U,,Station U
node,1747138950,48.8559039,2.3836511,,,,Essence
node,1749624132,42.7213928,2.9329790,66430002,Super U,,Super U
node,1749770752,48.7487688,-0.0106191,61200003,Total,,Total
node,1752226366,47.1918954,5.3907343,,Elan,,Elan
node,1752226372,47.1895549,5.3868158,21130004,Intermarché,Groupement des Mousquetaires,Intermarché
node,1752226376,47.1915201,5.3914457,21130013,Netto,Netto,Netto
node,1753806176,50.4004666,2.8309805,62210002,Auchan,,Auchan
node,1754711889,50.7699233,3.1245941,59250002,Intermarché,,Intermarché
node,1754968945,43.7845490,7.5201815,6500008,Total,,Total
node,1755280816,48.4675664,1.5065194,,TotalEnergies,,TotalEnergies
node,1755343492,48.8820594,2.3381834,,Elan,,ELAN - relais Pigalle 2
node,1755351182,48.2546877,2.7017323,,Esso,,Esso
node,1755353314,50.8068590,1.7245747,62720002,Carrefour,,Carrefour
node,1755353385,50.8238704,1.7086453,62250007,Intermarché,,Intermarché
node,1757047226,48.0655699,-0.9341404,53320002,Système U,,Station U
node,1759913543,45.6571220,4.7515190,69390007,Eni,Eni,Eni
node,1760378192,50.3414421,3.1043206,59450001,Auchan,Auchan,Auchan
node,1761160168,45.3245410,1.2201508,,,ESAT Clairvivre,Relais Service de Born
node,1761487606,43.4541855,5.8563794,83470003,Avia,,
node,1761487679,43.7256271,5.8107056,83560003,,,Garage Dervogne
node,1761487682,43.7266866,5.8114522,83560006,BP,,BP
node,1762580938,48.9361019,2.8765356,77100016,E.Leclerc,,E. Leclerc
node,1763709046,45.6462899,-1.0516214,17640002,Intermarché,Groupement des Mousquetaires,Intermarché
node,1764503387,48.7871481,1.6053752,78550007,Carrefour Market,Carrefour,Carrefour Market
node,1764528902,46.5779094,4.2444567,71420002,Avia,,Avia Xpress
node,1765592737,45.6023175,-0.9117230,17120005,Total Contact,,Total Contact
node,1765978332,45.6350395,4.3809446,42140003,Intermarché,,Station-service Intermarché
node,1766209371,47.5260924,-2.6460829,56370005,Carrefour,,Carrefour Contact
node,1767557335,43.3997127,5.0617483,13500014,Esso,,Esso
node,1768496467,47.2180955,0.0521606,,Total,,Total
node,1768662897,47.9967229,0.1786246,72100002,Carrefour,,Carrefour
node,1769323878,47.0506788,-1.5089163,44140006,Total,,
node,1769536879,45.1387529,-0.4424691,33920003,Intermarché,,Intermarché
node,1769552409,46.7819871,4.8472028,71100008,Esso Express,,Esso Express
node,1770329811,43.2276189,6.0698711,83390001,Total,Total,Total
node,1770329819,43.2330495,6.0702583,83390002,Casino,,
node,1770459745,50.3108438,3.4064658,59121002,TotalEnergies,,Total Access
node,1770704310,50.6257854,3.0355011,59000016,Total,,Total Relai Esquermes
node,1772631166,43.9981472,0.7565860,32340001,,SA Val Fleuri de Miradoux,
node,1773483591,47.2911307,5.1004561,21800007,Système U,,Station U
node,1773950459,49.8570487,4.7642554,8120001,Intermarché,,Intermarché
node,1773954097,49.9275863,4.5257459,8230001,Carrefour Market,,Carrefour Market
node,1773955141,49.9898234,4.6949381,8170001,Carrefour,Carrefour Market,Station service Carrefour Market
node,1773959968,49.9946689,4.6971358,8170005,TotalEnergies,Total,Total
node,1775012955,43.3295042,-0.3819810,64140007,Auchan,,Auchan
node,1775014833,48.9924796,1.7440763,78520004,Total,,
node,1775862870,48.7608655,2.5020732,,AS24,AS24,AS24
node,1775940620,48.1476768,3.3072048,89100014,TotalEnergies,,TotalEnergies
node,1776578380,46.0331682,4.3171172,,,,
node,1777267118,45.0223192,1.5206829,46600003,Total,Total,Total
node,1777376832,47.8265542,0.4900584,,Elan,Elan,
node,1778152859,46.5580985,4.9158123,71700002,Auchan,,Auchan
node,1778371569,47.9398303,0.3560715,72250001,Super U,Super U,Super U
node,1778418186,45.9787826,4.7323585,69651001,TotalEnergies,,Total
node,1779120334,48.9605022,1.8446586,78410004,Total,,Total Aubergenville
node,1779220486,43.5416275,1.4909278,,,,
node,1779578029,46.0066282,5.0354310,1330002,Super U,,Super U
node,1780091261,49.5825643,3.6442481,2000009,Intermarché,Groupement des Mousquetaires,Intermarché
node,1780095540,49.5697217,3.6224712,2000007,Esso Express,,
node,1780107280,49.5642436,3.6473010,2000014,Carrefour,Carrefour,Supeco
node,1780108202,49.5481312,3.6161599,2000002,Carrefour,,
node,1780492405,48.1036076,0.0318258,,Elan,TotalEnergies,
node,1780499369,48.1188448,-0.0078251,,Elan,Elan,Elan
node,1780522387,43.8440279,6.2147507,4360001,Total Contact,,Total Contact
node,1782356049,48.3518083,0.2584390,,Elan,Elan,
node,1783417638,48.1119242,-1.2123600,35500001,Système U,,Station U
node,1783434657,-20.9094082,167.2551155,,,,Station Mobil
node,1783960487,44.3109716,5.8225710,5300005,Esso Express,,Esso Express
node,1784742478,47.3344243,-0.2320621,49350001,Super U,,Super U
node,1785270601,44.4442278,3.1086547,12560001,,,Station La Vallée du Lot
node,1785297483,50.8664576,2.3380539,59470002,Total,,Total
node,1785302852,48.6035301,5.6664235,55140001,Intermarché,Groupement des Mousquetaires,Intermarché
node,1785321057,42.6995375,3.0221480,66140003,Intermarché,,Intermarché
node,1785714713,45.0561883,1.6687903,19500002,Système U,,Station U
node,1786072398,49.3177351,6.1140248,57190001,Carrefour Market,,Carrefour Market
node,1786231038,43.7071154,1.4663774,31140004,Carrefour Market,Carrefour Market,
node,1786290055,45.0757128,-0.4986609,33710003,Intermarché,,Intermarché
node,1786355316,49.2721455,4.0262142,51100029,Carrefour Market,,Carrefour Market
node,1786554581,43.7619550,-0.0320681,32110001,Carrefour Market,,Carrefour Market
node,1786606000,46.7630992,5.5986534,39210003,TotalEnergies,,TotalEnergies
node,1787007942,48.8817926,2.1402324,78290001,,Carrefour,
node,1787189226,45.8182105,3.1538897,63360002,Total,,
node,1787190833,45.8492695,3.0827290,63119001,TotalEnergies,Garage Chateaugay Autos,TotalEnergies Contact
node,1788397865,48.8529946,2.4688196,94120011,Total,,Total
node,1788899429,43.9319714,5.8899899,4700003,Carrefour,,Station Carrefour Market
node,1789119999,48.3146428,2.0797735,,,,
node,1789602613,45.7601071,4.9014049,69100032,Eni,,Eni Villeurbanne Blum
node,1790158009,48.0119953,2.7220083,45120009,Intermarché,,
node,1791352231,50.2662316,3.1595600,59265001,Carrefour,,Carrefour
node,1791519503,-20.9205154,167.2770217,,Total,,Total Lifou
node,1791537808,50.6740577,3.1744783,59100012,Total,Total,Total
node,1792701518,45.1437678,4.1166692,43200005,,Groupement des Mousquetaires,
node,1792927753,43.5759670,4.9955413,13140010,Total Access,,Relais du Mas Neuf
node,1793218978,45.1461853,4.1092129,43200004,Station U,Super U,
node,1793321147,43.5765008,4.9981667,13140001,Carrefour,,
node,1795372107,49.9548173,3.4283882,2230002,Carrefour Market,Carrefour Market,Carrefour Market
node,1795378115,46.0410128,4.0545243,42300012,TotalEnergies,,TotalEnergies
node,1796454751,45.7177133,4.8730632,69200001,Carrefour,Carrefour,Carrefour
node,1797974172,48.6174851,-1.2792631,50220002,Carrefour,,
node,1799260505,44.3815137,0.5324516,47110002,Elan,,Elan
node,1799639754,44.5121752,2.0265602,12260002,Total,,
node,1800615149,46.6534961,-1.4444823,85000004,TotalEnergies,Total,TotalEnergies
node,1800924094,49.4820675,2.0420743,60112002,Total,GARAGE CHAPRON,TotalEnergies
node,1801154559,48.4022093,-4.4787680,29200018,Super U,,Super U
node,1802468642,-17.5270791,-149.7758690,,Mobil,Mobil,Mobil
node,1802641421,45.1405704,4.4321635,,BP,,BP
node,1803997127,48.5875578,1.5714619,28130001,Carrefour,,Carrefour Market
node,1804214628,46.7998017,5.1885002,,Avia,,Avia
node,1806438425,49.0724492,2.6708163,77280001,Intermarché,Groupement des Mousquetaires,Intermarché
node,1806931181,50.1183797,3.7036350,59550002,Total,,Total
node,1808268453,44.9813771,4.2272853,,,,
node,1808483038,50.2503432,3.6447180,59530001,Esso Express,,Esso Express
node,1808602580,42.7684789,1.5005847,9220001,Spar,,Spar
node,1809023172,45.9715071,4.7992156,,Libreco,,
node,1809945170,47.0779024,-1.2398882,44190004,TotalEnergies,Total,Total
node,1810561455,47.8373370,0.2635569,72220001,Super U,Super U,Super U
node,1811379111,43.7569507,4.5117951,30127001,Carrefour Market,,Carrefour Market
node,1812326362,46.1384929,-1.1445470,17440003,,Carrefour,
node,1813195464,43.5284716,5.2582330,13880002,Intermarché,Intermarché,Station service
node,1815023971,44.0419697,2.9088433,12490002,Avia,,
node,1815028210,43.8835185,2.4683790,81250006,TotalEnergies,,TotalEnergies
node,1815029264,43.8442072,2.5664828,,,,Station Service de Montfranc
node,1816630781,46.8262508,-0.6622818,79140001,Système U,,Station U
node,1817770335,49.1560098,-0.4501188,14790002,TotalEnergies,,TotalEnergies
node,1817937112,47.6104506,1.9129520,,,,Carrosserie Mosnier
node,1818897950,49.4316929,5.6159011,54260003,Esso,,Esso
node,1818993041,47.5697052,-0.3597691,49140001,Super U,,Super U
node,1819165123,47.9622671,3.5047990,89400001,Avia,,Avia
node,1819165299,47.8644327,3.5388220,,AS24,,
node,1819912898,44.6331538,-0.3352017,33720005,Elan,,
node,1820529489,45.7842273,4.7496307,69260011,Eni,Eni,Eni Charbonnières Est
node,1823640407,49.1138589,7.0740278,57200002,Esso,,Esso
node,1824341149,43.7561880,5.8871195,4800001,Total,Total,Total
node,1824376907,48.8778230,2.1757065,92500017,Avia,,Avia
node,1824597881,-20.9429257,55.3293468,,Engen,ENGEN,Engen
node,1825178685,44.5477204,4.8017604,26740004,Eni,,Eni
node,1825311333,44.4842629,5.3783667,,Garage combe,Garage combe,Station essence Garage combe
node,1827086824,47.7015253,-0.0918124,72200001,Carrefour,,Carrefour
node,1827393308,48.1864413,-2.1764825,35290003,Intermarché,,
node,1827616350,44.9357378,4.3701065,,,,
node,1828384192,45.7924516,5.1299541,38280001,Intermarché,,Intermarché
node,1828596779,49.6443578,0.3733793,76110001,Carrefour,,Carrefour
node,1828919803,47.9072625,3.3578779,,,,
node,1829720529,47.2477225,0.4448291,,Esso,,Esso
node,1829929473,43.8730810,4.5960448,30490002,Intermarché,,Intermarché
node,1830573371,43.5471633,7.0458014,6400004,Esso Express,,
node,1832183683,44.8559929,4.8712413,,BP,,BP
node,1834003115,44.9222943,2.8351358,15130003,Esso,,Esso
node,1834003116,44.9237269,2.8382144,,Elan,,Elan
node,1834116459,48.6497710,1.5379251,28210003,Total,,Total
node,1834556001,42.8454585,1.6004037,9400001,Super U,,Super U
node,1834596941,45.4651675,2.7621416,,Elan,,Elan
node,1834599389,48.0774319,-2.2717927,56430002,TotalEnergies,,TotalEnergies
node,1835167170,44.2859520,-0.2289780,33840003,Eni,Eni,Eni
node,1835183877,43.7210426,-0.2693207,40800007,TotalEnergies,,Total
node,1835420122,48.2817175,3.2149334,89140004,Esso,Esso,Esso
node,1835420318,48.2945512,3.1958302,89140001,Avia,,Avia
node,1835420766,48.3363797,3.0798532,89340001,TotalEnergies,Total,TotalEnergies
node,1837666899,49.3707117,1.3868682,27380004,Carrefour Market,,Carrefour Market
node,1837672754,49.2911898,1.4769730,,,,
node,1837699368,42.9725809,2.0041055,,,,
node,1838709792,46.8369125,3.4653120,58300003,Agip,Garage Edelweiss,Agip
node,1839938667,43.3186581,5.3904667,13014015,Eni,Eni,Eni Marseille Sainte-Marthe
node,1839991529,44.9026352,4.1573420,,,,Michel SARL
node,1840905644,43.8785620,-1.3018597,40550001,Carrefour Market,Carrefour Market,Carrefour Market
node,1841588363,47.0095989,5.1562367,21250001,Avia,,Avia Xpress
node,1841802864,49.4853265,1.7009780,76220009,Total,Total,Total
node,1841827184,45.1076560,2.8630034,15300002,Total,,Total
node,1841850968,45.2798169,2.6648397,15400004,Total,,Total
node,1842040773,44.6717562,4.3650130,,,Vulco,Station de la Volane
node,1842966092,46.2890736,4.3201071,71800002,Intermarché,Groupement des Mousquetaires,Intermarché
node,1842998396,44.6315008,4.3799231,7200008,Total Access,,Total Access
node,1843191864,45.3892719,2.4936065,,Elan,Elan,Elan
node,1843245513,45.2877075,2.6686488,15400003,Carrefour Market,Carrefour,Carrefour Market
node,1843273765,46.6660004,5.0609974,,,,
node,1843770927,49.0109743,-0.8510694,14350002,TotalEnergies,,Garage Renault
node,1843815120,47.6657298,7.4425992,68510001,Hyper U,,
node,1844208094,49.4803604,1.7326368,76220001,Auchan,,Auchan
node,1844475926,49.4034482,3.0074959,60350003,Total Access,,Total Access
node,1844754392,46.6373822,5.2137749,71500005,Avia,,
node,1846378149,49.0797502,0.7675134,27170002,Carrefour,,
node,1846528512,46.3132294,-0.9914092,17230002,Station U,,Super U
node,1848473838,48.3653309,-4.6424457,29290003,Carrefour,Carrefour,Carrefour
node,1849000965,44.5402246,4.4133936,7200014,,,Relais Tabac Presse
node,1849033825,44.5378791,4.4170298,7200009,Elan,,Garage Joseph
node,1849652245,45.8806669,0.7379081,16150003,Super U,,Super U
node,1851336350,43.8318453,2.8727398,12360001,Intermarché,Groupement des Mousquetaires,Intermarché
node,1851336420,43.8307121,2.8725672,,,,Renault
node,1852795338,43.7884449,4.1140301,30250002,Intermarché,Groupement des Mousquetaires,Intermarché
node,1853218017,44.4723524,4.3557277,7120005,Total,,Relais Pradons
node,1853354868,46.7653609,-1.2354256,85140001,Système U,,Station U
node,1853388795,43.5996658,2.6993103,34330001,Elan,Elan,Station Sebe
node,1854019458,43.4464320,5.2432366,13127005,Eni,Eni,Eni
node,1854383697,44.2292135,2.0383595,12270002,Total,,Total Contact
node,1855364451,47.7411600,7.3068013,68200020,Total,,Total
node,1859093778,46.4678086,4.1200161,71600009,Intermarché,,Intermarché
node,1859102316,46.2476167,3.6290292,3120005,,,Lapalisse Essence
node,1859102319,46.2479228,3.6299814,3120001,Eni,,Eni
node,1859113033,43.6163652,6.2195272,83630002,Intermarché,Groupement des Mousquetaires,Intermarché
node,1859128365,49.3545482,0.4991399,27500002,Carrefour Market,,Carrefour Market
node,1860566260,43.6504008,3.5451865,34150003,Intermarché,,Intermarché
node,1861267588,44.2584082,4.6494139,30130010,TotalEnergies,,TotalEnergies
node,1862249069,48.7394370,2.6071345,77150004,Total,,Total
node,1862417800,-20.7809133,165.2331050,,Mobil,,Mobil Touho
node,1863955412,47.1112590,5.2556745,21170001,Intermarché,,Intermarché
node,1865664955,44.6000196,0.8951949,,,Elan,
node,1865681998,46.3528526,2.2150722,23600001,Carrefour Market,,Carrefour Market Essence
node,1866027986,47.1011053,5.2609548,,Independent,,Station d'Avitaillement
node,1866368702,46.7965942,-0.9322677,85510001,Intermarché,,Intermarché
node,1866464063,46.8313362,-0.3580196,,,,Garnier Automobiles
node,1866863926,47.8295258,1.7009643,45130003,TotalEnergies,Total,Le Relais de la Bonne Dame
node,1867293355,44.4189957,-0.4917925,33113002,Intermarché,Groupement des Mousquetaires,Intermarché
node,1867305971,44.7874919,1.1685619,,Elan,,
node,1868038482,48.7967989,-3.0346983,,,,Brétéché
node,1868810230,48.2926612,4.0431490,10300002,Esso,,Station Esso
node,1868853323,45.3852359,-0.2299018,16360002,Intermarché,,Intermarché
node,1868881536,44.2477175,3.9172848,,,,
node,1870102010,43.3040220,5.4012267,13004005,TotalEnergies,,TotalEnergies
node,1870398692,47.7696005,1.6147574,45190001,Total,,Total
node,1870659847,45.8379457,1.9120109,,,,
node,1870908926,46.3276505,2.6085283,3100009,Eni,,Eni
node,1871621075,46.3065214,3.2942648,3500003,TotalEnergies,,TotalEnergies
node,1872576802,44.3613218,3.4095385,,,,
node,1872860825,49.1425808,0.9035292,27110003,Intermarché,,Intermarché
node,1873166209,50.7126432,2.3276799,62120013,Netto,,Netto
node,1873965687,45.7508968,4.8011020,69110004,Esso,,Esso
node,1874354535,49.3464822,0.3565999,27210010,Avia,,Avia
node,1874581863,48.7546556,5.5881169,55200004,Intermarché,Groupement des Mousquetaires,
node,1874582059,48.7593999,5.5898446,55200001,MATCH,,MATCH
node,1874582147,48.7599372,5.6042537,55200002,Match,Match,Match
node,1875014450,49.6234821,5.1816427,8110005,Carrefour,,Carrefour
node,1875103348,48.1648971,7.5558715,67390001,Système U,,Station U
node,1875136361,46.4062056,2.5277293,3410011,TotalEnergies,Total,TotalEnergies
node,1875136383,46.5474322,2.3454519,,ELAN,,Station Essence Elan de Culan
node,1875211906,45.6905323,5.0382022,69720004,Total,,
node,1875211911,45.6905650,5.0371080,69720002,Esso,,
node,1875211955,45.7180463,4.9528084,69800014,Total Access,,Relais Saint-Priest Mi-Plaine
node,1875504073,44.1337830,0.3457280,47600007,TotalEnergies,,TotalEnergies
node,1875662667,45.7931311,3.5251816,,Esso,,Esso
node,1875947584,46.0293369,4.0950682,42120003,Super U,,Super U - Perreux
node,1876191962,45.1711877,0.6888333,24660003,Intermarché,,Intermarché
node,1876744959,48.3086275,-0.6300672,53100001,Carrefour,,Carrefour
node,1876749174,48.3085241,-0.6365581,,,,
node,1877194219,49.8345254,3.4984120,2390002,,,Origny-Sainte-Benoite
node,1877447746,43.1993224,1.7423999,,,Total,
node,1878057454,47.1323234,-0.9427866,49122003,Elan,,Elan
node,1878580996,43.5597551,6.0039789,83670001,,BP,
node,1878581113,43.5659925,6.0120226,83670002,,Intermarché Barjols,
node,1879074685,48.3403763,7.3133829,67220005,TotalEnergies,,Total
node,1880117277,45.0480768,5.6685254,38450002,Dyneff,,Dyneff
node,1881212196,45.9921206,3.9819754,42155001,Intermarché,Intermarché,Intermarché
node,1881388476,49.1562887,0.9082646,,Elan,,Elan
node,1881553005,43.6888022,5.0307101,13430002,Independent,,Station du Sud
node,1882587815,47.2382063,5.2239089,21110003,Esso,Esso,Esso
node,1883776464,45.5151876,1.1978825,87500003,Total,Elan,Total Contact
node,1884484017,46.1873808,-0.2549780,,,,Tabac-Presse - François Cornière
node,1885029136,45.3401679,4.8049941,38150001,Carrefour,Carrefour,Carrefour Station-Service
node,1885173325,48.2060521,-2.9467716,,,,
node,1885338186,45.7779466,5.6896635,1300003,Intermarché,,Intermarché
node,1885952566,44.5008521,1.1426226,46700001,Intermarché,,
node,1885954440,44.7979462,1.4730779,46350002,Total,,Total
node,1886362416,45.5857996,4.3118360,42330003,Auchan,Auchan,Auchan
node,1886461113,42.9241187,1.8381276,9300002,Super U,,Super U
node,1886461756,42.9284265,1.8580997,9300005,Carrefour,,Carrefour Market
node,1886742335,44.2394507,5.1789356,,,,Garage Pascal
node,1888086789,42.1339494,8.5979618,20130002,Total,,Total
node,1888112945,47.7939276,0.9375748,,,,
node,1889326348,43.3219340,0.3724990,,,,Cieutat
node,1889565743,46.1285066,5.5395703,1430004,Avia,Garage Muret et Fils,Avia
node,1889588623,45.9593522,1.7599025,23400001,Carrefour Market,Carrefour Market,Carrefour Market
node,1889667476,44.8778458,1.5702335,,,,Garage Rougié
node,1891153954,45.7068115,2.0467536,,,,Station service communale
node,1891789845,47.3115596,4.7096257,21540001,,,La station U
node,1894425798,45.8414336,2.7594676,63230001,Total,Total,Total
node,1894425896,45.8706347,2.5271013,63380002,,,SARL Fauverteix
node,1894603315,43.5611168,6.2386606,83690002,Intermarché,,
node,1894753278,44.0304658,-0.9243645,40110001,Système U,,Station U
node,1894754463,44.0313481,-0.9104318,40110002,Intermarché,,
node,1895117622,50.0432828,1.4194567,76260004,Esso,,Esso-service
node,1895929756,45.9626569,2.9498970,63410004,Total,,Total
node,1896604910,45.7881725,4.8397466,69300010,Total,,Total
node,1897185074,45.8273599,2.8503605,63230002,Carrefour,,Carrefour
node,1898415599,46.3259487,6.0549143,1170002,Carrefour,Carrefour,Carrefour
node,1898433024,46.3351826,6.0603168,1170005,Avia,Avia,Avia
node,1899021161,47.3333799,1.1874916,41400004,Carrefour,,
node,1900071947,47.6252738,7.2417425,68130002,Système U,,Station U
node,1905935701,49.0079433,7.7888453,67510001,TotalEnergies,,Station du Fleckenstein
node,1906009797,47.9445278,7.2882171,68250004,Total Access,,Relais Total de Rouffach
node,1906661216,45.9070736,5.6769863,1260002,TotalEnergies,,Total
node,1906723579,49.1572550,-0.3686125,14123011,Auchan,,Auchan
node,1906930262,48.7181908,1.8930614,78690002,U,Super U,Super U
node,1908196728,45.7413808,4.7967863,69110005,Intermarché,,
node,1908612038,48.7772756,2.3400636,94240004,Esso,,Esso
node,1909144781,48.2312982,-4.3492251,,,,
node,1911161088,45.6036529,-0.9127149,17120005,Station U,,Station U
node,1911939066,48.6711587,6.9999987,57790001,Intermarché Contact,,
node,1912825961,48.7466863,7.6885102,67170005,Super U,Super U,Super U
node,1913547430,-21.6066405,166.2170916,,,,Shell Thio
node,1913949669,-21.5143775,165.9275205,,Mobil,,Mobil Canala
node,1914197777,50.4854164,1.6147307,62780003,Intermarché,Groupement des Mousquetaires,Intermarché
node,1914312771,47.9704322,-3.2876873,,Elan,Garage Régis Canno,
node,1914395506,42.8919627,1.3410941,,,,Station Service
node,1916800572,-21.2586209,55.4390744,,,,Station service Total
node,1917335766,47.7456587,7.4112522,68170003,Total,Total,Total
node,1917517125,-21.2845928,55.4053433,,Shell,,Shell
node,1917690941,48.7303481,3.5829596,,AS24,AS24,AS24
node,1917691026,48.7309000,3.5826192,,AS24,AS24,AS24
node,1927715097,44.7921151,6.5595979,5120002,Carrefour,,Carrefour
node,1927924497,47.9750612,0.5457045,72440002,Total Contact,,Total Bouloire
node,1928150747,47.1056004,4.7132595,21360003,Esso,Esso,Station Esso de la Forêt
node,1928640685,49.0087165,2.2398876,95320005,Esso,,Esso
node,1930913172,45.6453986,6.3306758,73460002,E.Leclerc,,station service E. Leclerc
node,1931136945,47.4881004,-3.1200130,56170003,Super U,,Super U
node,1931204002,44.7212049,1.3695049,46300013,Carrefour,,Carrefour
node,1931205886,44.7256570,1.3729132,46300004,Intermarché,,Intermarché
node,1932129884,47.9992796,6.8698119,88250001,Total,,Total
node,1932292757,44.0052246,5.0513293,84210003,Dyneff,,Dyneff
node,1932537247,44.4583794,6.0499117,5130004,Système U,,Système U
node,1932570110,47.9964619,0.2275687,72000014,,Groupement des Mousquetaires,
node,1933369203,46.9305821,2.7836369,,,,
node,1933437137,48.8691705,2.6785844,77400007,Intermarché,Groupement des Mousquetaires,Intermarché
node,1933437143,48.8711699,2.6834734,77400015,Esso,,Esso
node,1933467724,48.8658119,2.5626359,93330004,Système U,,Système U
node,1934021983,45.8711463,2.5204321,,Elan,,
node,1934172193,49.5752931,2.9988862,60400003,Intermarché,,Intermarché
node,1934777445,-20.7839505,167.1512281,,,,Chez Alice
node,1934839203,48.8132271,2.2169188,92190003,Total,,Station Relais Total Meudon
node,1934839303,44.9117005,4.4408954,7160001,Système U,,Système U
node,1935202793,46.1614517,1.8732710,23000008,Netto,,
node,1935864132,42.9599761,2.5292868,11390001,Dyneff,,Dyneff
node,1937157672,48.8519985,2.2908966,75015025,Total,Total,Total
node,1937280853,47.9721956,-1.5385067,35150004,Total Access,TotalEnergies,Jouzel
node,1937935001,48.2423179,-3.2949615,22110002,E. Leclerc,,
node,1937963964,46.3170908,1.3695565,87160007,Avia,DROCHON AUTOMOBILES,Avia
node,1938091933,44.6592342,-0.5967531,33650004,Intermarché,,
node,1938544107,43.3659930,1.6227483,31560004,Carrefour Contact,,Carrefour Contact
node,1939900164,48.1876536,6.9543349,88650004,TotalEnergies,Total,Total
node,1941968234,46.3113181,1.3750404,,,,
node,1943232339,43.8414281,1.2394982,82600003,Intermarché,,Intermarché
node,1944040790,45.8701470,2.6731952,63380003,Auchan,,Auchan
node,1944090211,48.4520370,1.7537409,28700005,Avia,,Avia
node,1945782802,44.2715735,5.2668171,26170002,Avia,,Avia
node,1945867713,44.2744613,5.2705689,26170003,Système U,,Système U
node,1946115974,46.6181731,0.3163671,86440004,Netto,,
node,1946169980,49.3078713,3.6674618,51170003,Intermarché,,Intermarché
node,1946786312,43.2820401,-1.1805847,,,,
node,1949206289,43.7247393,3.3234361,34700001,Super U,,
node,1950704580,44.7551487,3.9735702,,,,
node,1950902941,48.7246337,-1.1692936,50370003,,,Station St Christophe
node,1951078963,43.3401388,5.4204405,13013019,Intermarché,,Intermarché
node,1952622028,46.7774162,-56.1762297,,,,S.R.L Hardy
node,1953590652,45.7764017,4.8210749,69004002,Esso Express,,Esso Express
node,1956772235,44.0455364,4.7868925,30150002,Intermarché,Sorodis Roquemaure,Intermarché
node,1958160846,45.5822599,4.7916768,38670002,Shell,,Shell
node,1958570874,43.5727680,7.1016586,6160008,Eni,Agip,Eni
node,1961843376,42.5498810,9.4418061,20290009,Vito,,Vito
node,1962467297,43.1762545,0.2403028,65190002,Carrefour,,Carburant Carrefour
node,1962494127,48.7075770,1.3617800,,,,
node,1962501632,45.8482426,5.7701013,1350003,Intermarché,,
node,1965425686,47.8116549,-3.6319226,29350001,Intermarché,,Intermarché
node,1965551928,47.6962983,-3.2459210,56680001,Intermarché,Groupement des Mousquetaires,Intermarché
node,1968182892,47.7470669,7.3569153,68400001,Super U,Super U,Super U
node,1968359751,50.1035368,1.8273379,80100001,Carrefour,,Carrefour
node,1968705675,44.3592214,2.5698323,12000014,Total,,
node,1972096981,50.7342956,1.6975257,62360001,Total,Total,Total
node,1972837266,42.4829089,9.2806899,,Esso,Esso,Esso
node,1972837276,42.4880873,9.2825300,20235001,TotalEnergies,Total,Total
node,1973837888,44.2408209,1.4769367,,,,Delmas Carburants
node,1974339392,45.9695350,4.6720486,69400007,Eni,Eni,Eni
node,1976658088,47.1406525,4.9489091,21700004,Intermarché,,Intermarché
node,1981161119,49.3563910,0.8154660,27310008,Carrefour Market,,Carrefour Market
node,1982357190,-22.2905358,166.4359670,,,,
node,1983085086,48.8543230,2.5832744,77150002,Carrefour,,Carrefour
node,1983333727,42.9929911,1.1412794,9190002,Intermarché,,Intermarché
node,1984209815,48.1622447,6.3037280,88390003,Intermarché,,Intermarché
node,1987167009,48.8656358,2.2892405,75016011,Elan,,Elan
node,1987497113,48.4078911,-4.4955722,29200002,Super U,,Super U
node,1988387463,44.0525922,4.7795945,30150001,,,Station Servoz
node,1992693923,48.7971587,-1.3981015,50320001,Super U,Super U,Super U
node,1992972791,46.7308900,-0.5792427,79320001,Système U,,Station U
node,1993204876,43.7451240,7.3915155,6320004,,,TNT
node,1993592578,45.9493465,2.1727859,23200001,Carrefour,Carrefour,Carrefour
node,1993695605,44.9453096,3.9914311,,Total,,Total
node,1993714893,45.3315198,3.3662468,,,,
node,1994495269,48.2534063,4.2612052,10270010,Carrefour,,
node,1995017504,44.4701105,3.3460501,48230001,,,Station Daude
node,1995017581,44.5108978,3.2521806,48100006,Elan,,
node,1997748867,48.8786755,2.3549221,,Wins,,Wins
node,1998410566,45.4858403,6.5247927,73200003,Carrefour,,
node,2000103103,43.8165949,4.6169872,30300003,Carrefour,,Carrefour
node,2000634474,48.9569100,2.2838600,95100006,Esso,,Esso
node,2001325972,48.4157056,7.4758515,67140002,Système U,,Système U
node,2001516986,46.7033485,3.2018447,,,,
node,2001517561,47.2707062,2.9781103,,Avia,,
node,2001570455,47.6429059,3.0688819,89170001,Avia,,Avis Express
node,2001755108,48.0598004,-1.1523060,35370002,Intermarché,,Intermarché
node,2001761644,42.6923104,2.6916080,66170002,,Agnel & Fils,Agnel & Fils
node,2001761667,42.6761543,2.6351421,66130002,Station U,Super U,Station U
node,2001967346,48.4611542,7.2103788,67570001,Eni,Garage E. Marques,Eni
node,2002242640,49.7582864,4.7266185,8000002,Match,,Match
node,2004214986,43.5391007,2.2618808,81290001,Dyneff,,Dyneff
node,2004459228,46.1216253,4.9537795,1400001,Carrefour,Carrefour,Carrefour DAC
node,2004723642,46.6387279,5.2119638,71500001,Avia,,Avia Xpress
node,2004877070,45.4766472,6.5274038,73600006,TotalEnergies,,TotalEnergies Access
node,2005456895,47.4805781,6.7775810,25420001,Avia,,Avia
node,2007003133,46.6258705,5.2140894,71500003,TotalEnergies,,TotalEnergies
node,2007252604,47.8052368,1.0719751,41100003,Carrefour,,Carrefour
node,2007779851,44.3942615,2.7070909,,,,
node,2012888290,44.8734359,-0.5061386,33310007,TotalEnergies,Total,Total Access
node,2012888296,44.8737288,-0.5073221,33310008,TotalEnergies,Total,Total
node,2012940793,46.1052821,4.3206866,69470003,Intermarché,,Intermarché
node,2016846287,43.1813512,5.6975619,83270001,TotalEnergies,,
node,2017960915,47.2050033,0.1833075,37420003,Carrefour,,
node,2018422960,43.8128314,1.3159707,82170002,,,KAI carburant
node,2021896773,47.7413250,3.5983821,89290001,Avia,,Avia
node,2021944568,49.7408376,2.1522492,80160004,Elan,,Elan
node,2023134829,44.1160507,5.0166714,84190001,Avia,,Station AVIA
node,2023663086,42.9990742,-0.0960054,65400004,Elan,,Elan
node,2024382496,44.6615543,3.0490588,,,,
node,2025506106,48.8380279,-1.5651579,50400001,TotalEnergies,Total,Total
node,2026821625,43.3145478,2.4694275,11160002,Independent,Commune de Villeneuve-Minervois,
node,2028791895,45.1935857,-0.7493605,33250006,Carrefour,,Carrefour
node,2031761148,47.5110285,-0.4711588,49480001,Système U,,Station U
node,2032542509,44.6966605,3.0025636,,Total,,Total Contact
node,2033809611,46.8060064,1.6746469,36000003,Carrefour Market,Carrefour Market,Carrefour Market
node,2036306392,44.9684240,5.4123220,,,,Combet services
node,2038645456,44.7459485,4.7449326,7250001,TotalEnergies,Garage HAKYOTO,TotalEnergies
node,2040281444,48.8164510,2.3252060,92120004,Esso,,Esso
node,2040329539,47.2130876,-1.5858909,44100004,Avia,,Avia
node,2042210705,47.9819280,-4.0737562,29000016,Casino,,Casino
node,2042971958,45.0219206,0.7096000,24380001,Intermarché,,Intermarché
node,2046747343,50.4422376,3.4256107,59230001,Carrefour,,Carrefour
node,2048042427,50.7189345,1.6093091,62200005,Total,Total,Total
node,2049365056,48.1284030,7.1675660,68370002,Intermarché,,Intermarché
node,2051121658,43.6410711,3.8461052,34000011,Intermarché,,Intermarché
node,2051221321,48.1788015,2.2514164,45300008,Total,,Total
node,2052467317,45.0464916,5.0614086,26100001,Système U,,Station U
node,2053269325,50.2038272,3.8236502,59620002,Auchan,,Auchan
node,2054193286,50.4525583,3.5897570,59163002,TotalEnergies,,Total Excellium
node,2054193539,50.4526191,3.5910414,59163001,Carrefour,,Carrefour
node,2054780816,48.7820474,2.3939783,94400003,Esso Express,Esso,Esso Express
node,2061523179,46.2009536,5.1992689,1000012,Total,,Total
node,2061523189,46.2011911,5.1982818,1000001,Carrefour Market,,Carrefour Market
node,2062147538,47.8865420,6.8577521,,Elan,,Elan
node,2062479244,-9.8057250,-139.0308065,,,,
node,2063611920,47.3401999,-3.1744287,56360004,Super U,,Super U
node,2064597275,-21.2847554,55.5222692,,,,Station Service Total
node,2066421132,45.2316103,2.9342051,,,,
node,2070065948,48.7931696,2.2903332,92260001,Esso,,Esso
node,2071529999,49.1401740,-0.3011000,14540001,Carrefour,,
node,2071656263,48.0139620,-4.2040069,29710002,Intermarché,Groupement des Mousquetaires,Intermarché
node,2071741153,47.9780709,-4.1820564,29700002,Intermarché,Groupement des Mousquetaires,Intermarché
node,2072589576,44.6330152,3.4766190,48700001,,,Delor
node,2073079364,46.7261311,2.5029250,18200002,Total,,Total
node,2074330886,47.9362630,-4.1551308,29700001,Carrefour,,Carrefour
node,2077414546,44.8737392,0.2446120,,,,
node,2077414550,44.8752046,0.2431370,,,,
node,2078547598,43.6395265,1.4296116,31200008,Esso,,Esso
node,2078875033,49.5127063,5.3755289,55600001,Système U,Super U,Station Service
node,2078888423,49.5154380,5.3665746,,,,
node,2081086227,42.8878847,2.7290887,,,,
node,2081097893,43.4703357,2.5772119,81240001,,,OMI
node,2081102491,43.6298052,2.4866299,81260001,Independent,,Station Service
node,2081157427,43.3631458,2.1611156,11310001,,,Carrefour Express Le Carburant
node,2082620105,45.5597155,5.8959656,73160002,Super U,,Super U
node,2084910035,46.1323203,1.3713027,87250001,Intermarché,Groupement des Mousquetaires,Intermarché Bessines-sur-Gartempe
node,2085157177,44.7876693,2.4573189,15130001,Total,,Total
node,2086674553,48.6307290,2.8094679,77390003,Carrefour Market,,Carrefour Market
node,2087251306,43.0881112,2.7043533,11220001,Dyneff,,Dyneff
node,2087556786,45.0718782,4.8342326,26600002,Total,,
node,2088226087,45.7932962,2.2776573,,,,
node,2090223292,43.3701975,5.7839184,,,,
node,2096887362,47.9341731,-1.6668990,35320003,,Utile,La station U
node,2096914645,47.9780608,2.7601704,45200008,Total,,
node,2096914658,48.0079274,2.7403388,45120008,Carrefour,Carrefour,Carrefour
node,2096914663,48.0671683,2.7665337,45210006,TotalEnergies,,TotalEnergies
node,2098288113,46.1298807,1.0528414,87300001,Carrefour,,Carrefour
node,2099801566,48.7579698,-0.2473187,,Elan,,Elan
node,2101230095,49.6272676,-1.6350147,50130001,Esso Express,,Esso Express
node,2101825558,47.2565174,-2.3162459,44380001,Carrefour,,Carrefour
node,2101927572,44.4903847,3.7403999,48190003,Carrefour,,Carrefour Express
node,2102929634,47.2990249,0.8017176,37320001,Auchan,,
node,2103271156,46.4024678,6.6065121,,Independent,,
node,2104247163,42.8911486,-0.0237416,65120002,Independent,Yves Crepel,Station service Yves Crepel
node,2105391183,45.8213114,4.8627350,69270004,TotalEnergies,,TotalEnergies
node,2108018668,46.9965358,2.8177116,18350001,Intermarché,,Intermarché
node,2111475982,47.4009686,-0.7562750,49170002,Station U,,Station U
node,2112876412,50.3542670,2.4870792,62127001,Esso,,Chez Legris
node,2113440450,43.4111377,5.3096874,13170013,Eni,,Eni
node,2114822622,46.3620989,2.5341765,3410010,,,Station Casino Supermarché
node,2117639904,48.8219928,2.4027040,94220004,Total,,Relais Total de Conflans
node,2117751754,46.1500906,1.5104816,23290001,Avia,AVIA,
node,2118040489,44.5381431,4.2925107,7110004,Carrefour,,Station Service Carrefour
node,2119932853,49.4872240,0.0977703,76600021,Total,,Relais du Perrey Avitaillement
node,2120929524,48.7461352,2.3833813,94310004,Total,,Total
node,2122596781,49.6371559,-1.6509481,50100003,Intermarché,,Intermarché
node,2123881953,44.4085231,4.2941989,7120004,Elan,,
node,2125312742,44.6378331,-1.0669988,33470002,Carrefour Market,,Carrefour Market
node,2126091676,45.8234313,4.6062370,69210008,Carrefour Market,,
node,2127377956,45.7769408,-0.0608811,16170001,Super U,Super U,Super U
node,2127444260,45.5847284,5.3002436,38300021,Intermarché,Intermarché,Intermarché
node,2131537613,47.2932067,1.7656309,,,Q8 Oils,
node,2134979731,48.4335509,2.7524903,77870002,Auchan,,Auchan
node,2135230575,43.7020094,7.2945576,6300012,,,Station des Oliviers
node,2135411832,49.1060602,6.1795343,57000009,Esso Express,Esso S.A.F.,Esso Express
node,2135468550,43.4836421,-1.4878131,64100010,Carrefour,,Carrefour Market
node,2136525098,48.9443139,2.6605049,77508002,Carrefour,,Carrefour
node,2136762757,43.6596148,3.9361706,34920001,Carrefour,,Carrefour
node,2137682823,48.7929910,2.3905156,94400005,TotalEnergies,Total,Relais de Vitry
node,2137731314,47.4549623,2.1671014,,,,
node,2138815895,47.6808110,-0.4992507,49330001,Système U,,Station U Châteauneuf-sur-Sarthe
node,2139070042,45.2135130,4.3467796,43220001,Carrefour Market,,Carrefour Market
node,2140024886,43.3856192,3.4770823,34510003,Dyneff,,Dyneff
node,2140220994,47.1218414,-0.9849080,49450006,,Total,
node,2141081444,46.2249687,-0.1303438,,Avia,Avia,Avia
node,2143293450,49.5932462,4.5039118,,Total,,Total
node,2143302998,43.1237767,2.2940451,11250001,TotalEnergies,,Total
node,2144335195,44.8976587,-0.2087396,33502001,Total,,Total
node,2145472843,49.8869417,2.8372011,80200005,Esso,,Esso
node,2147716276,43.1937598,1.9037096,,,,
node,2147978638,46.1395617,-0.2209760,79170001,Intermarché,,
node,2148799702,47.3357499,1.2769079,,,,Relais Val du Cher
node,2149251058,49.7251683,1.4597888,76270003,Système U,,Station U
node,2150515107,46.7152142,6.1957347,25240001,Avia,,Avia XPress
node,2150630787,43.2574847,2.4119152,,TotalEnergies,,TotalEnergies
node,2150847748,42.7490193,2.8947423,66380001,Esso,,Esso
node,2150880930,44.3861778,6.6439152,4400002,Total Access,,Garage de Restefond
node,2151540129,43.9427409,4.8110329,84000007,Avia,,Avia
node,2151717635,47.4222755,2.0531529,41300001,,Carrefour Market,
node,2151717683,47.4290252,2.0596350,41300002,Système U,,Station U
node,2152010731,43.7225223,4.7964887,13520001,Total Access,,
node,2152854708,43.2104055,2.4542615,11800003,Intermarché,,Intermarché
node,2152935002,46.2505913,5.1118721,1310001,Total,,Total
node,2153375440,43.5863785,1.3479898,31170008,Avia,Avia,Avia Xpress
node,2153482680,46.1162926,1.6238068,23210003,Carrefour,Carrefour,Carrefour
node,2156016405,49.8008824,3.4665240,2240001,Intermarché,,Intermarché
node,2160185890,45.1759136,5.6971544,38170004,Total,,Total Access
node,2164357021,45.5032246,6.0672112,73800005,Intermarché,,Intermarché
node,2169041274,43.6859466,7.2260196,6200033,TotalEnergies,,Total Grand Soleil
node,2171028969,46.2926332,-0.2953972,79370002,,Spar,
node,2171718211,48.1190523,-2.9837965,,TotalEnergies,,TotalEnergies
node,2173094388,43.4681048,5.4675508,13120008,TotalEnergies,,TotalEnergies
node,2173906364,46.5080744,3.8143772,,,,Proxy
node,2174856860,43.2849178,5.4377942,13011025,Eni,,Eni
node,2177304344,44.1520513,4.8042667,84100004,,Groupement des Mousquetaires,Station marché
node,2177529828,48.2980665,5.8492734,88170005,Total,,Total
node,2178372508,49.0584986,6.9206158,57510004,DATS 24,,DATS 24
node,2182442713,43.6364799,1.4338298,31000003,Intermarché,,Intermarché
node,2184131937,48.6774826,2.1974298,91940008,Total Access,,Station-service Total Access
node,2184436808,43.7814151,4.2008006,30420001,Total,,Total
node,2184780606,-21.2800646,55.3658219,,Engen,,
node,2185615674,46.2980180,-0.4270326,79230003,TotalEnergies,Total,TotalEnergies
node,2186302538,48.4826589,-2.1709822,,,,
node,2186826033,44.5462848,6.4803453,5200004,Intermarché,,Intermarché
node,2193033339,44.4584895,2.4702311,12330003,,Groupement des Mousquetaires,Station Intermarché Salles-la-Source
node,2193364882,43.5624142,6.9666784,6110009,Total,,
node,2193440616,49.2244009,6.0008690,54310001,Intermarché,Groupement des Mousquetaires,Intermarché
node,2194263108,48.7728731,2.6766193,77330002,Total,Avia,Relais Ozoir la Ferrière
node,2202282635,46.8068101,0.5296519,86100005,Total,,Total
node,2203148394,43.2952805,5.4002894,13005013,TotalEnergies,Total,TotalEnergies
node,2204518688,46.7753733,-0.8445808,85700002,Système U,Système U,Station U
node,2206464387,48.9749367,7.0642866,67260010,Shell,,Shell
node,2206764620,49.4907511,-1.3923136,50310002,Intermarché,Groupement des Mousquetaires,Intermarché
node,2209939371,47.8258027,-3.2525030,56650001,Independent,Carrefour Market,Station Service
node,2213461713,48.5028521,-1.9021580,,,,
node,2214912338,48.9920237,1.9142469,78130011,TotalEnergies,,TotalEnergies Access
node,2216999639,47.9577924,6.8277294,88310002,Dats 24,,Dats 24
node,2218653746,46.4371163,4.2679635,71120002,Intermarché,Groupement des Mousquetaires,Intermarché
node,2226156948,45.8316375,1.4993933,87400006,Carrefour Market,,Carrefour Market
node,2228707253,45.8606735,1.5150890,87400004,Total,,Total Contact
node,2238066775,44.6065019,2.0240455,46100007,Carrefour Market,,Carrefour Market
node,2238471741,47.8981013,1.8958385,45000007,Total,,TotalEnergies
node,2239101290,46.1343785,5.2888853,1250004,Avia,Avia,Avia
node,2239785249,46.4408653,4.3060828,71120001,Avia,SARL Ribeiro,Avia
node,2242495011,47.4705467,0.6950912,37390003,Super U,Super U,Super U
node,2242793599,46.2013372,5.2411055,1000008,TotalEnergies,,Total
node,2244516871,48.6992095,7.8892633,67760001,Super U,,Super U
node,2244542521,44.6065346,2.0136844,46100005,Intermarché,,
node,2244546475,45.0211962,0.5385704,,,,
node,2247103017,48.9407544,2.2970750,,ENGIE,GDF Suez,ENGIE
node,2251194888,44.9313636,4.9281525,,,,CNG
node,2253185579,46.5674919,0.6182698,86800003,E.Leclerc,,Station Service E.Leclerc
node,2254193423,43.4545043,3.4214131,34120001,Total,,Total
node,2255220426,48.4348133,0.8869047,,,,
node,2255590591,45.5856447,5.2625110,38300026,Eni,,Eni
node,2256008881,46.1970358,5.2567295,,,,CNG
node,2256162397,45.4926764,6.5514935,,Dyneff,Dyneff,Dyneff
node,2259805129,49.2058452,2.3859644,60340001,Carrefour,,
node,2259955265,43.3023142,5.3711780,13002007,Avia,,Masorea Avia
node,2260437096,45.6255462,6.8555531,,Elan,,Elan
node,2262003609,48.7287484,2.4318420,94290003,Intermarché,Groupement des Mousquetaires,Intermarché
node,2262942300,43.8055460,4.0938341,30250003,Carrefour,,Carrefour Market
node,2263331339,44.6180759,2.1028854,,,,Garage Navet
node,2265724741,47.8469662,-2.7252943,56660001,Intermarché,Groupement des Mousquetaires,
node,2265904426,46.3542155,4.2648808,,Total,Total,
node,2267990081,45.2902982,4.9541179,26210001,Super U,Unico,
node,2268022679,43.7021001,7.3251892,6230003,TotalEnergies,,TotalEnergies
node,2268065157,50.7135176,3.1558228,59200003,Esso,,Station Esso de La Marne
node,2269815222,43.2716163,6.5850469,,Total,,
node,2270349808,-22.2772131,166.4362630,,TotalEnergies,Total,TotalEnergies
node,2270728813,45.1202147,0.6612045,,,,
node,2271497011,50.2826704,2.5471329,62810001,Carrefour Market,,Carrefour Market
node,2271627969,44.0880475,6.2218906,4000003,Esso,,Esso
node,2271766426,43.7205134,1.4152975,31150002,Super U,,Super U
node,2271991379,43.7835074,4.3927690,30132003,,Dyneff,
node,2272806352,50.0289097,3.2856760,59142001,Intermarché,Groupement des Mousquetaires,Intermarché
node,2273954383,47.2854874,1.3726684,41140004,,Groupement des Mousquetaires,Ma Station
node,2276886576,44.6533895,-0.3356834,33410003,Intermarché,Groupement des Mousquetaires,
node,2278108747,43.6217433,6.6912773,83440002,TotalEnergies,,Total Contact
node,2278499924,49.3792782,6.1699270,57100001,Carrefour Market,Carrefour Market,Carrefour Market
node,2278543721,48.7050247,-3.0221187,22290002,,,Total Energies
node,2278727310,42.9971933,2.8193385,11360002,Super U,U Express,Super U
node,2280694402,47.5488916,2.4476925,18410002,Système U,,Station U
node,2281766980,46.8861491,3.1528863,58470003,Intermarché,Groupement des Mousquetaires,Intermarché Contact
node,2284410420,48.9000078,2.4411438,93000011,Esso,,Esso
node,2284990170,48.6963817,2.3340047,91420004,Carrefour Market,,
node,2286000830,48.0750327,-0.6951510,53960003,Intermarché,Groupement des Mousquetaires,Intermarché
node,2286691281,43.5178404,5.4641156,13100005,Esso Express,,Esso Express Les Tourelles
node,2286691325,43.5189261,5.4622279,13100014,TotalEnergies,,Total Access - Relais Gambetta
node,2287692908,45.0259364,5.2887516,26190002,Intermarché,,Intermarché
node,2288749603,43.6896056,4.2732558,30600004,Carrefour,,Carrefour
node,2288951741,47.2854520,3.8184442,58140001,Avia,,Avia XPress
node,2289714946,45.0981656,0.4780405,24190001,Intermarché,,Intermarché
node,2290194175,48.9860025,7.0271238,57430001,Super U,,Super U
node,2290194183,48.9866079,7.0279453,57430004,Total,,Total
node,2291849274,45.3511259,5.2818948,38260004,TotalEnergies,Total,TotalEnergies
node,2292596537,48.3099195,-0.6053619,53100007,TotalEnergies,,Total Access
node,2293446324,48.7959106,1.5017221,,,,
node,2293532286,42.9067087,3.0367052,11370001,Carrefour,,Carrefour Contact
node,2294647908,47.3641049,-1.4053341,,,,Garage Bourcier
node,2294939111,49.1895470,-1.4048248,50190001,Carrefour,,Carrefour
node,2295003689,42.8694158,1.2055292,,E.Leclerc,,Station Service
node,2295085410,48.7922983,1.6212450,78550009,TotalEnergies,,Total Access
node,2296070871,47.1692801,-1.2667933,44330001,Super U,,Super U
node,2296387479,46.9057554,3.8403062,,,,
node,2296412775,48.7059317,2.3686672,91200006,BP,,BP
node,2296763080,45.0953638,-0.3871442,33620001,Super U,Super U,Station service SuperU
node,2296931940,45.6353835,4.3789289,42140001,TotalEnergies,,TotalEnergies
node,2297821354,49.2846962,1.7827057,27140006,Total,,Station Total
node,2298112205,43.3460415,2.2815714,,,,
node,2298155314,44.0411227,-0.3223395,,,,
node,2299862968,43.5115504,2.3759626,81200002,Auchan,Auchan,Auchan
node,2300108590,50.6595085,3.1357247,59650012,Total Access,,Total Access
node,2301481663,46.8824766,-1.6967385,85670002,Esso,,Esso
node,2303462649,43.8563943,4.9502997,13440002,Intermarché,,Intermarché
node,2303759369,43.5314237,1.7549319,31460003,Carrefour Contact,,Carrefour Contact
node,2303759372,43.5306248,1.7557802,,,,
node,2303955875,45.2843416,4.1576679,43120002,Intermarché,,Intermarché
node,2304299411,43.4360906,5.5402947,13850001,Intermarché,,Intermarché
node,2304854538,45.9550944,1.3975215,87240001,Super U,Super U,Super U
node,2304854646,45.9605686,1.4061219,,,Julien Faucher,Garage Peugeot
node,2306251410,49.1744126,6.8631395,,,GNVert S.A.,GNVert station
node,2306252875,49.0969453,6.1600100,,,GNVert S.A.,GNVert station
node,2306261963,48.9516176,2.8936369,,,GNVert S.A.,GNVert station
node,2306294936,48.8126444,2.5293204,,,GNVert S.A.,GNVert station
node,2306332420,48.6643658,2.2109821,,,Engie,Engie
node,2306340203,49.4941241,0.1582425,,,GNVert S.A.,GNVert station
node,2306372861,47.3091559,5.0499828,,,GNVert S.A.,GNVert station
node,2306404619,43.5815137,3.8711358,,GNVert S.A.,GNVert S.A.,GNVert station
node,2306412181,44.2077271,0.6337062,,,GNVert S.A.,GNVert station
node,2306427364,45.5767379,5.9092262,,,GNVert S.A.,GNVert station
node,2306428485,45.9064001,6.0924099,,,GNVert S.A.,GNVert station
node,2306434972,44.8326590,-0.5478325,,,Gaz de Bordeaux / GNVert,CNG station
node,2306435605,47.2467885,-1.6165887,,,Engie,GNVert station
node,2306437085,47.0761336,2.3920388,,,GNVert S.A.,GNVert station
node,2306558330,44.4003347,1.1192344,,Elan,,Elan
node,2308064621,45.7544520,4.7803625,69005002,Eni,Eni,Eni
node,2309682022,49.3705484,3.3302331,2200010,Intermarché,,Intermarché
node,2311642178,44.4328123,4.7125563,26290008,Super U,,Super U
node,2313026469,49.8736973,2.2873709,80000012,,Groupement des Mousquetaires,
node,2316142521,49.8705178,0.8017312,,Elan,,Garage de la Veules
node,2322722024,49.0211498,3.1888751,2310003,TotalEnergies,,Total
node,2322922677,48.7960251,2.6434148,77680001,Esso Express,,Esso Express
node,2323336400,42.9622090,0.3794421,65410002,Elan,,Elan
node,2324908647,-16.4563989,-152.2512710,,,,
node,2326806540,44.0643665,3.9714999,30140003,Intermarché,Intermarché,Intermarché
node,2327111308,43.6097114,6.7317958,83440005,Intermarché,Intermarché,
node,2328293181,45.6396023,5.3578115,38890002,Carrefour,,
node,2328455063,44.4387289,-0.2288464,33430005,Intermarché,Groupement des Mousquetaires,Intermarché
node,2329709536,47.7653619,6.1009208,70160001,Carrefour,,Carrefour
node,2329709563,47.7665563,6.0903998,,Avia,,
node,2331099848,47.6341671,6.1582933,70004001,TotalEnergies,ETS DORMOY FRERES 1,Total
node,2331099856,47.8122809,6.2092938,70800003,Carrefour,,Carrefour Express
node,2331617777,46.5957760,-1.3198368,,Avia,,
node,2332393586,44.0530665,2.1598650,81400004,Intermarché,,Station Service Intermarché Super
node,2332712597,43.7155882,7.2899849,6300016,Total Access,,Relais de Séméria
node,2334445547,47.9545960,-0.5602186,53170001,U,U,U La Station
node,2334445871,47.9540279,-0.5610673,,TotalEnergies,,TotalEnergies
node,2334449923,45.0884169,5.5584700,38250002,Intermarché,,Intermarché Villard
node,2334636839,47.8430103,-0.9688437,53400002,Total,Total,Total
node,2337343789,44.6319803,4.4217381,7200016,TotalEnergies,Garage André Chabroulin,TotalEnergies
node,2337343790,44.5374258,4.3466726,7110006,Independent,Carburants Sud Ardèche,Carburants Sud Ardèche
node,2338724225,43.1240796,5.7904409,83110002,Total Access,,
node,2340132256,50.1191142,3.9261806,59440001,Carrefour,,Carrefour
node,2340299303,50.1507067,3.6241441,59222001,Carrefour,,Carrefour
node,2340444445,48.9346240,2.5676864,93410002,Esso,,Esso
node,2341948970,49.1160956,-1.0581152,50000007,,,Bazin Bariteaud
node,2342981798,49.2838381,4.1091924,51420001,Carrefour,Carrefour,Carrefour
node,2343661825,46.9903831,5.1482401,21250010,TotalEnergies,,Total
node,2343661830,46.9909942,5.1479065,21250006,Intermarché,,Intermarché
node,2345446685,46.6649739,-1.4522696,85000002,Carrefour,,Carrefour
node,2345454558,48.4342568,0.0945798,,Elan,,Elan
node,2345998220,48.5681900,2.2315385,91630008,Avia,,Avia
node,2348408673,43.3895146,5.5968967,13112003,Intermarché,,Intermarché
node,2348408678,43.3899124,5.5983989,13112002,Casino,,Casino
node,2348408680,43.4498336,5.6870267,13530003,Auchan,,
node,2348408683,43.4514239,5.6801974,13530001,Carrefour,,Carrefour Station Service
node,2353285572,45.0674729,-0.7945804,33480008,TotalEnergies,,Total
node,2353503530,43.2683121,5.4165683,13010011,TotalEnergies,Total Acces,TotalEnergies
node,2354086719,48.2398348,-2.8899752,,,Elan,
node,2354086730,48.2495181,-2.8767434,,,,
node,2354643467,43.4882283,0.9363125,32130004,Total,Garage Marty,Marty
node,2354765067,43.1396070,6.0144618,83160001,Carrefour,,Carrefour Grand Var
node,2357671884,43.5557727,6.5252735,83830002,Avia,,Avia
node,2357702224,44.0114019,1.2883210,82290002,Carrefour,,Carrefour Express
node,2362238596,49.2943517,0.6591220,27290001,Intermarché,Groupement des Mousquetaires,
node,2362506390,46.7428325,5.9117971,,TotalEnergies,Total,Total Contact
node,2365371845,48.8136681,2.3482413,94250001,Esso Express,esso,
node,2365846493,48.0507502,0.4181546,72450001,Station U,Super U,
node,2369288362,49.3594179,2.7772807,60610002,E. Leclerc,E.Leclerc,E. Leclerc
node,2371032785,46.6532850,5.1912636,,Avia,,Station camions
node,2371751074,48.8466081,-0.8874681,14500008,Carrefour,,Carrefour
node,2374358667,44.0749911,7.5986916,6430001,Avia,,Avia
node,2375471832,48.4774624,-2.0429558,22100004,Intermarché,,Intermarché
node,2375920261,46.6381559,3.0374002,,,,
node,2376147205,44.8834879,6.6268650,,,,
node,2376429301,48.4903072,2.3558469,91590009,Total Access,,Relais Moulin du Gué
node,2377116029,46.4838709,3.9817662,71160003,Intermarché,Groupement des Mousquetaires,Intermarché Super
node,2377154987,45.9838393,4.7555706,1480001,Carrefour Market,Carrefour Market,Carrefour Market
node,2377210236,49.2710584,-0.6998690,14400003,TotalEnergies,Total,TotalEnergies
node,2377881055,48.8936328,2.3152304,75017017,Total Access,TotalEnergies,TotalEnergies
node,2378429998,-20.9961254,55.6786701,,TotalEnergies,TOTAL,Total Bras-Panon
node,2378435272,-20.9841021,55.6564123,,,Engen,Engen Paniandy
node,2380355563,47.2133680,4.0239796,58230002,Independent,,Rousseau carburant
node,2380355777,46.9561637,4.2960576,71400012,Total Access,,Total Access
node,2382062424,43.8243762,2.7533274,,,,
node,2384751631,47.9720625,0.5577228,72440001,Super U,,
node,2385399514,46.9472301,4.6432418,21340002,Total,,Total
node,2385399577,47.0146107,4.8168994,21204001,Total,Total,Total
node,2387545470,46.7149412,4.6966409,71390006,,ELAN,
node,2388312252,46.7385958,4.4746397,71210006,,Groupement des Mousquetaires,
node,2389202995,46.8345303,-0.4839242,79300001,Carrefour,,Station Carrefour
node,2389884935,47.3185922,4.9098158,21370002,Intermarché,,Intermarché
node,2392676532,46.3191797,3.3935673,3150007,,,PowerFuel
node,2392811559,49.1999555,0.7136127,27800001,Carrefour,,Carrefour
node,2393023839,45.4641261,4.4916570,,TotalEnergies,,TotalEnergies
node,2393256951,48.5621611,-2.8117952,22590001,Intermarché,,Intermarché
node,2393810551,49.3855758,-1.0503674,14450001,Carrefour,,Carrefour
node,2394562507,44.9003704,5.9087380,,Elan,,
node,2394567289,43.6861788,5.7129174,13115001,Total,,
node,2394804715,43.9245811,4.2564324,30190003,Casino,,Casino
node,2395971086,47.5808771,-3.0815403,56340004,Intermarché,,Intermarché
node,2396107900,44.8189718,4.5927325,7190002,TotalEnergies,SARL Le Moulinon Auto,TotalEnergies
node,2396115993,44.7363118,4.5982612,,TotalEnergies,Taxi Pontal,TotalEnergies
node,2396426169,48.5984765,-0.8243013,,,,
node,2399062550,43.9607932,5.7852062,4300002,Esso,,Esso
node,2400380855,46.2369347,5.0462934,,,,
node,2400433603,45.8803546,6.7165637,74170001,Elan,,Garage Grandjacques
node,2400552061,44.9115950,4.8724718,,,,
node,2400559670,46.4479301,4.1158056,71600004,Avia,,Avia
node,2400677966,48.7693124,5.1722476,55000010,Total,Total,Total - Relais Poincaré
node,2400699391,48.7897354,5.1374277,55000003,Avia,SAS Génin,Avia
node,2401466679,42.8304106,3.0360545,66420003,Montaner et Fils,,Montaner et Fils
node,2401754554,46.3006266,4.8291687,71000022,Total Access,,
node,2401825325,43.6695000,4.4454237,30800002,Intermarché,,
node,2401935418,46.6322071,4.8748326,71240004,Auchan,,Auchan
node,2402782033,43.7717762,7.2002351,6510001,Total,,Total
node,2402857099,43.7638801,7.1989966,6510003,Intermarché,Intermarché,Intermarché
node,2402857212,43.7654506,7.2013481,6770002,Total Access,,Total Access
node,2403682801,49.3001029,-0.3816214,14440002,Système U,Magasins U,Station U
node,2406083453,43.7799422,-1.2163257,40140001,Elan,,Elan
node,2406487338,46.2904360,4.2993259,71800001,Avia,,Avia
node,2407072802,47.3599902,-1.3182199,44521001,Total,,Total
node,2409683708,48.8191139,2.2957493,92240001,Avia,Avia,Avia
node,2409740680,48.3042029,4.0322680,10600005,Esso,,Esso
node,2410617830,50.6905496,2.8862547,59700003,Carrefour,,Carrefour
node,2411322177,48.6528526,4.9633279,52100010,Total,,Total
node,2411344453,45.1924245,-0.7493317,33250002,TotalEnergies,,Station Total
node,2411832823,44.5241116,2.7645137,12500002,Total,Total,Total
node,2411842837,44.1381111,4.6670178,30200006,Total Access,Total,Total Access
node,2412140295,47.7032594,3.6279213,89290008,Esso,Esso,Station Service Vincelloise
node,2412738217,46.1693179,4.4880223,69430005,Elan,,
node,2413618638,45.3428995,4.4208075,42660001,Avia,,Garage Favier
node,2414078213,46.2855269,4.1766422,,,,
node,2414220358,47.8415742,4.3720700,21330001,Avia,,Avia
node,2414316229,47.8869482,4.4836078,,,,
node,2414587455,43.4941372,0.5949672,32260002,Intermarché,,Intermarché
node,2415333560,48.8447159,2.2101767,92210008,BP,,
node,2416024734,45.9086421,4.1783694,42590001,TotalEnergies,,TotalEnergies
node,2417803279,45.3790794,6.5005282,,,,
node,2419005216,44.5311496,2.7420830,12500004,,Magasin U,La station u
node,2419324514,45.4441354,-1.0552842,,TotalEnergies,,TotalEnergies
node,2420755777,46.6704931,4.6021701,71460004,TotalEnergies,,Total
node,2421500365,45.0191816,6.1244821,38860001,,,Carbel
node,2422516492,48.6403305,4.9719214,52100011,Intermarché,,Intermarché
node,2422520118,48.6364356,4.9792311,52100012,Esso,,Esso Champagne
node,2422616626,48.4880851,-4.2942135,29260005,Avia,Brétéché Ouest,Avia
node,2423508740,48.5601230,3.0180503,77370005,Total,,Total
node,2423792229,43.4040940,-1.6274584,64500003,Carrefour,Carrefour,Carrefour
node,2424117391,46.5770585,5.7538208,39130010,Total,Garage Bouillier,TotalEnergies
node,2424147860,46.5784160,5.7471881,39130008,Carrefour,Carrefour,Carrefour Express
node,2424174447,46.5770682,5.7470140,39130004,TotalEnergies,,TotalEnergies
node,2425209904,49.1170909,-1.0976438,50000005,E.Leclerc,,E. Leclerc
node,2425875289,43.2601388,5.3943293,13008001,Casino,,Casino
node,2426654839,50.1613904,2.3546708,80600003,Total,,Total
node,2426654886,50.1599607,2.3481155,80600002,,,Match
node,2427760830,46.1587705,2.8364890,63700004,Carrefour,,Carrefour Market
node,2427761084,46.1543952,2.8385730,63700007,Total,,Total
node,2428215532,44.5239057,2.7658422,12500003,,,Station d'Olt
node,2429036385,49.0260442,-0.6240624,,Elan,,Elan
node,2429085137,48.5337442,4.1558767,10700002,Carrefour Market,,Carrefour Market
node,2429088538,48.5362858,4.1451130,10700001,Total,,Total
node,2429187620,44.8758891,-1.0789394,33680006,Intermarché,,Intermarché
node,2429422329,44.9761284,5.0282261,26300008,Renault,,Garage Roche
node,2429568659,48.8350042,-1.2189693,50800003,Avia,,Avia
node,2429941113,43.5480986,2.2734678,81290002,Intermarché,Groupement des Mousquetaires,Station service Intermarché
node,2435552771,46.4942621,-1.4240877,85540001,Esso,,Auto Primo - Garage Objois
node,2435863426,49.2665466,0.9416407,,,,
node,2437840618,43.9506812,4.8256780,84000008,Esso Express,,Esso Express Croisière
node,2439481232,43.5750460,1.4560298,31400013,Avia,Avia,Avia
node,2439481234,43.5894951,1.4557131,31400010,TotalEnergies,TotalEnergies,Total Demoiselles
node,2440193382,50.0618334,1.5949237,80210001,Carrefour,,Carrefour
node,2440453306,49.1063713,-0.4950234,14210001,Intermarché,,
node,2440660282,44.2957885,2.8347027,,,,Station Service Ségur
node,2440690224,48.2208808,-3.9784670,29190001,Intermarché,Intermarché,Intermarché
node,2441964681,46.9248386,0.6013299,86220001,Carrefour,,Carrefour Market
node,2443426320,44.3796379,5.1874929,,Avia,,
node,2447874729,45.7388339,1.7389757,87120003,TotalEnergies,,TotalEnergies
node,2455223195,43.6759769,4.6158732,,,,Campus Provence
node,2455745114,47.9635173,0.2010486,72100004,Total,Total,Station service Total
node,2456676471,43.4938933,3.7086750,34770001,Total,Total,Total Automat
node,2457116107,43.1827610,-1.3356719,64430001,Intermarché,,Intermarché
node,2457251392,44.6812221,1.2442416,46340002,,SARL Phica,Phica
node,2459242460,-21.2308322,55.5505141,,Vito,,Vito
node,2459512467,45.3913950,5.2585976,38260005,Casino,Casino,Casino
node,2460576909,48.8233013,2.1278612,78150012,TotalEnergies,Total,Total
node,2461355173,46.5579897,4.9960207,71290003,Netto,,Netto
node,2465429708,49.3523100,2.2387736,60370002,Intermarché,Super U,Intermarché
node,2465933540,43.8252321,4.4959516,30129003,Auchan,,Auchan carburant
node,2467186945,43.2436217,5.3693062,13008014,Avia,,
node,2467654166,43.9250982,5.0628249,84800001,Système U,Système U,Station U
node,2467864963,43.5467816,-1.1128783,40300008,TotalEnergies,Mme Martinez Danielle,TotalEnergies
node,2467909095,46.4223233,-1.5745151,85520001,Super U,,Super U
node,2468052694,49.4691923,2.8618935,60150005,Carrefour,,Carrefour Market
node,2468468517,-12.8062657,45.2087423,,Total Access,,Station-services TotalEnergies Tsoundzou
node,2470151633,44.3564842,2.0245151,12200005,Intermarché,Intermarché,Intermarché
node,2475205162,44.6155597,4.4074778,7200007,Intermarché,Groupement des Mousquetaires,Intermarché
node,2481275748,48.3963202,2.9532302,77130006,Carrefour,,Carrefour essence
node,2481703557,49.0014015,2.4697825,,Elan,,Elan
node,2483787418,43.1731109,0.1031470,,Elan,,Elan
node,2485948676,47.6082635,7.5058915,68730001,E.Leclerc,,Station Service E. Leclerc
node,2487635219,45.7607513,3.0941816,63000026,Total,Total,Total Access
node,2488161838,45.6177773,5.1530611,38090004,Avia,,AVIA
node,2488583533,50.3635818,3.5301502,59300005,Esso Express,,Esso Express
node,2490823848,44.4438078,2.4382745,12330002,TotalEnergies,,TotalEnergies
node,2499903570,49.8651145,4.4372153,8260002,Intermarché,,Intermarché
node,2500714885,43.9300876,4.7867025,84097001,AS24,AS24,
node,2501105369,47.0649766,1.8034767,36150001,Carrefour,Carrefour Market,
node,2504457370,47.6703000,1.5316833,,Elan,,
node,2505106753,47.0237833,4.8635204,,AS 24,AS24,AS 24
node,2505128642,48.6375818,-2.0242959,,,,
node,2509484243,44.9278597,2.9962682,,,,
node,2510022114,45.2303278,4.1384533,,,,
node,2510785673,48.8997961,2.8110567,77450005,Total,,Relais des Archers
node,2511314515,43.5473280,1.1921160,31470006,Carrefour,,Carrefour Contact
node,2514004673,46.4806243,4.4315852,71220002,Station U,Super U,
node,2514022044,44.7803262,3.6286288,48600001,,Gedimat,Gedimat
node,2514428612,44.6721579,6.6177459,5600005,Intermarché,,Intermarché
node,2514428632,44.6614278,6.6183670,5600002,Intermarché,,Intermarché
node,2514823039,45.9026642,5.3458896,1150001,Carrefour,Carrefour,
node,2517308047,43.4223366,2.9369073,34360002,Intermarché,Groupement des Mousquetaires,Intermarché Contact
node,2517622067,43.2925465,3.3712167,,,,
node,2521115205,49.3949161,2.8038053,,,,Motul
node,2524683973,45.7716851,3.0809420,63000019,Agip,,ciao agip
node,2529261272,47.0228569,3.0823892,58600002,Intermarché,Groupement des Mousquetaires,Intermarché Super
node,2532845768,48.4075016,6.8595642,88110002,E.Leclerc,E. Leclerc,Station Service E. Leclerc
node,2533091625,46.0841984,3.2007303,3800009,Carrefour Market,,Carrefour Market
node,2533392555,47.8084226,7.1054684,68880001,,,Match
node,2535129903,46.8488740,4.6304138,71510001,Avia,,Avia
node,2536497796,49.8982920,2.2922329,80000013,Total Access,Total,Relais Amiens Port d'Aval
node,2546214707,-17.7466392,-149.3458120,,,,Station SHELL PAPEARI
node,2551833860,-17.5317000,-149.5710000,,,,Mobil Moana
node,2554053896,48.6840334,5.7346962,,AS 24,,AS 24
node,2558660429,48.5247529,-2.8887337,22170004,Total,Total,Total
node,2562730381,48.5915669,-1.8440217,35111001,Système U,,Station U
node,2562927178,45.0316096,3.1353952,15100010,,,Aire de service du Cantal
node,2564997458,48.4478351,-4.4643386,29850001,Total,,Total
node,2575908932,45.0385055,0.3536718,24400004,Intermarché,,Intermarché
node,2582418715,48.7536987,2.4512475,94190002,Esso Express,,Esso Express
node,2583754950,45.1577396,1.5586986,19100009,Intermarché,,Intermarché
node,2586873676,45.8739476,-0.6763900,17350003,Total,,Total Contact
node,2587103393,46.2129971,4.7606966,71570003,Avia,,Avia Xpress
node,2590381690,44.3279218,4.6358393,,,,
node,2590796846,46.9039765,-1.0478533,85500001,Rompetrol,,Rompetrol
node,2592100389,45.0899640,4.6296727,7410002,,,Station-service de Saint-Félicien
node,2595906628,45.0726118,4.8208798,7300008,Avia,,Avia
node,2597127386,47.8191326,-4.2294608,29740001,Système U,,
node,2598191676,49.8257575,2.7122978,80170001,Intermarché,,Intermarché
node,2598409687,46.4321591,0.2633128,86370001,Super U,,Station U
node,2601056738,50.0110181,2.0948664,80420004,Intermarché,,Intermarché
node,2602221152,49.3086215,2.7323436,60410003,E.Leclerc,Carrefour,Station service Carrefour Contact
node,2604686996,46.1603171,4.6806351,,Elan,,Elan
node,2605973954,44.4026687,2.2988919,12390001,U,Système U,U Express Rignac
node,2611543716,49.2981175,2.7994703,60320001,Carrefour Market,,Carrefour Market
node,2613906872,49.0027994,2.3995161,95400008,TotalEnergies,,Total Access
node,2615141987,48.0634871,0.5074859,72160002,,Carrefour,
node,2616256788,43.2372994,6.3036283,83610002,Independent,,La Treille des Maures
node,2616295946,45.1908928,-0.6003991,33390001,Total,,Total
node,2622278797,48.5215492,-3.7147703,29640001,,,Spar
node,2622784765,48.5084575,-3.8739457,,,,Renault
node,2625668118,46.4954316,-1.5775636,,,,
node,2626131985,43.8639545,1.8177451,81310003,Intermarché,,Intermarché Contact
node,2628644601,42.9075119,9.3510440,,,Spar,
node,2630940915,46.2185429,5.2279970,1000002,Carrefour,,Carrefour Market
node,2633386810,48.8814573,1.4600563,27540001,Intermarché,Groupement des Mousquetaires,Intermarché
node,2633434469,49.0639045,2.5970033,77230004,Intermarché,Groupement des Mousquetaires,Intermarché
node,2635358750,48.9001725,2.3444887,75018013,Total,,
node,2637597453,46.0037137,6.3968957,74130016,TotalEnergies,,Total
node,2638475715,48.4911852,-0.6243370,,Elan,,Elan
node,2640204927,48.5169713,-3.8682982,29410001,Système U,,Station U
node,2645699470,47.0063278,0.0868122,86200001,Esso,Esso,Esso
node,2650163104,48.4055712,1.4914180,28630001,,Groupement des Mousquetaires,
node,2653653930,49.5737937,2.9882905,60400005,Total Access,,Total Access
node,2655943000,48.8711680,2.3244832,,,,Parking du Marché de la Madeleine
node,2659168311,44.6780832,0.1901896,47120003,Carrefour,Carrefour,Carrefour
node,2661554368,44.1494963,1.7484854,82140003,Carrefour Contact,Carrefour,Carrefour Contact
node,2661582611,48.8723096,3.5412562,51210001,Carrefour,,Carrefour
node,2661983274,47.3891267,-1.4557063,,,,Station service Kebabci
node,2664112524,43.0588334,2.2138751,11300003,Esso Express,Esso,Esso Express
node,2666211655,46.5695298,0.6353647,86300001,Super U,,
node,2667529599,49.8568457,2.5251030,80800002,Simply,,
node,2672093974,47.3614607,-1.9560888,44260006,Intermarché,Intermarché,Intermarché
node,2672573395,49.5917330,1.3500870,76750001,Carrefour,,Carrefour
node,2672974998,48.2931121,6.9341388,88100004,E.Leclerc,E. Leclerc,Station Service E. Leclerc
node,2673050121,44.6113272,4.4645490,,,,Station service
node,2673547518,43.7307346,7.2173708,,,,
node,2675747751,43.4481117,3.0561918,34460001,Dyneff,Dyneff,Dyneff
node,2675935243,44.9990290,5.0012112,26300005,Esso Express,,Esso Express
node,2677682330,48.8508513,2.2041412,92380007,Esso,,ESSO Garches Porte Jaune
node,2680936707,47.6574674,6.3279918,,Avia,,Avia
node,2682054473,49.8707074,2.2613434,80480002,E.Leclerc,E. Leclerc,Leclerc
node,2682308040,43.3357298,-0.5838774,64360000,,Intermarché,
node,2685466900,46.4045883,4.0302980,71600005,Total,,Total
node,2686084763,-20.7788832,167.2394172,,,,
node,2687160828,46.9710483,-1.4353406,44116001,Intermarché,,Intermarché
node,2687558383,45.7788535,4.8283396,69004016,Eni,Agip,Eni
node,2689777667,46.5469870,5.3248744,71480006,TotalEnergies,,Total
node,2691999697,49.2494515,1.4379604,27700004,Intermarché,,Intermarché
node,2692712199,48.7746685,2.2797905,92330002,Esso,,Esso
node,2696104510,50.9460701,1.8904939,62100016,Intermarché,,Intermarché
node,2697606429,44.6160805,-1.1141622,33260011,E.Leclerc,,Station Service E. Leclerc
node,2697824155,45.4244797,0.9281229,24800004,Intermarché,,Intermarché
node,2698028454,45.9972751,4.7153131,69400006,Esso Express,Esso,Esso Express
node,2698612192,45.8517094,5.0598459,1120004,Super U,,Station U
node,2700104174,46.9861723,1.1667261,36700002,Intermarché,Groupement des Mousquetaires,Intermarché Super
node,2703462226,46.1976178,-0.6689749,79210001,Intermarché,Intermarché,Intermarché
node,2703785334,46.2027265,-1.1749240,17137002,Système U,,Station U
node,2704223076,47.5462908,-2.8961593,56640002,,Intermarché,
node,2706750933,43.3874044,3.1104280,34370001,Carrefour,,Carrefour Market
node,2707134575,43.1317641,6.0702996,83260003,Avia,,Avia
node,2708490480,46.1983476,-1.1588060,17137001,Total,,Total
node,2714889060,45.4218019,-0.6378432,,Igol,,
node,2714889203,45.4239271,-0.6434015,,Garage Vergnaud,,
node,2714889683,45.4539067,-0.6874147,,Avia,,Avia
node,2717140929,49.6621370,-1.8360936,50440002,Système U,,Station U
node,2718091124,46.3133467,-0.4773215,79000012,Esso Express,,Esso Express
node,2719983859,46.7636128,-1.4943368,85170006,E. Leclerc,,
node,2721536518,47.7245272,7.3198338,68350001,Station U,,Super U
node,2733820958,47.2709491,-2.2507731,44600009,Total Access,Total,Total Access
node,2736298992,44.8287253,2.2341839,,,,Garage Fau
node,2739048143,47.5873280,7.2579775,68560001,E.Leclerc,,E. Leclerc
node,2741802894,47.4114580,0.8039132,37210005,Auchan,,Auchan
node,2743380897,47.1339433,0.9816749,37600001,Système U,Super U,Système U
node,2751053961,45.8316485,-1.1237370,17320004,E.Leclerc,,Station Service E. Leclerc
node,2753029783,45.8790440,-1.2196686,17480003,E.Leclerc,,Station Service E. Leclerc
node,2756008870,48.2017755,5.9419676,88800001,TotalEnergies,,TotalEnergies
node,2757073464,48.1977341,5.9408322,88800002,Carrefour,,Carrefour
node,2764549120,48.9057412,2.6185685,77181002,TotalEnergies,,TotalEnergies Access
node,2766969896,47.1799527,5.1581874,21110001,Avia,,Avia
node,2772488700,49.3987462,3.9030491,,,,Station à Carburant de Berry-au-Bac
node,2776827696,44.6457298,-0.4336834,33720010,Shell,Shell,Shell
node,2776827699,47.4496945,-2.1274749,44160006,Total,,Total Contact
node,2776827700,47.9180759,-2.3639589,56800006,TotalEnergies,total access,Total
node,2778213102,42.6667590,2.8953131,66000021,Total,,Total
node,2778898820,48.2905887,-2.1529458,22350004,Intermarché,,Intermarché
node,2783229150,48.9163791,2.4436700,93700004,Total,,Relais de Drancy
node,2786509181,48.7333457,-0.5764383,61100008,E.Leclerc,,Station Service E. Leclerc
node,2787684839,49.6888793,4.8399443,,,,Station d'Avitaillement Pont-à-Bar Services
node,2790417683,45.9343348,-1.2988430,17310003,Total,,Total
node,2794467856,42.9417360,2.2479510,,,,
node,2794490416,47.2681373,-1.3392635,44450002,Système U,,Station U
node,2794735415,48.0280624,-3.4822861,,Armorine,Armorine,Armorine
node,2801375079,43.1311010,0.9336128,31360002,Intermarché,Intermarché,Netto
node,2811632454,47.4137468,0.8497935,37210002,Système U,Super U,Système U
node,2820542599,49.1163446,6.1504083,57000005,TotalEnergies,Total,Relais Saint-Symphorien
node,2820929353,46.9277497,2.4050054,,,,
node,2821192883,45.1185490,5.6923120,38640001,Carrefour,Carrefour,
node,2823289904,43.0060560,1.1257882,9190004,SARL Inter Club,,Station Service Inter Club
node,2825274729,48.5434439,2.5149871,77310009,Total Access,Total,Total Access
node,2830327158,44.1272871,4.8174902,,,,
node,2831289432,43.4611748,3.6911135,34540001,Carrefour,,Carrefour
node,2831564030,50.0035538,2.3137746,80260001,Carrefour,,Carrefour
node,2836193939,44.6470445,6.1821710,5260001,Total,Ranguis J.P.,Total Chabottes
node,2839520692,44.9197725,4.8614761,7500002,Intermarché,Intermarché,Intermarché
node,2840097580,47.3109743,5.4098823,21270001,Avia,,Avia
node,2840283444,48.2591965,-0.3704772,53160002,Carrefour,,Carrefour
node,2846112792,50.6001254,3.0841654,59790001,Total,,Total
node,2846928114,44.2855119,0.7603016,47340001,Carrefour,,Carrefour Contact
node,2850247528,45.5676392,5.4251615,38110004,Intermarché,,Station Service Intermarché
node,2850706145,48.4747961,1.3226711,28190002,Intermarché,,Intermarché
node,2850707781,48.5699706,1.0241152,28250001,Intermarché,,Intermarché
node,2851162638,45.4900689,5.3886302,,Elan,,Elan
node,2857594319,50.1603528,2.3383992,80600005,Intermarché,,Intermarché
node,2857905842,45.9891688,0.6155412,16500006,Esso,Esso,Esso
node,2858731534,43.3367119,2.8186536,,Avia,Avia,Station du Minervois
node,2864767285,49.5052591,0.1008725,76620002,Carrefour,,Carrefour
node,2866756998,49.2360864,1.6091990,,Total,,Total Energie
node,2875203843,50.2114852,1.7789319,80100003,Carrefour Contact,,Carrefour Contact
node,2876781033,44.7289864,-0.5303630,33140010,Esso,,Esso - Station de la plaine
node,2878703847,49.3971835,1.1778617,76520001,Super U,Super U,Super U
node,2880317334,48.0069594,2.7219907,45120002,Super U,,
node,2880498901,46.9032392,6.0424571,,,,
node,2883094172,43.1630238,2.9859836,,AS 24,,AS 24
node,2887376576,46.6836743,4.3495293,71300015,Total,,Total
node,2888590567,47.7384490,3.2888275,89130001,Avia,,Avia XPress
node,2893314868,46.4462898,4.1180795,71600001,Total,,Total
node,2893426133,46.3777334,4.6064469,71250006,Total,,Total
node,2896439884,-20.3543635,164.4463224,,,,Pasific
node,2898807460,47.6877611,6.0539648,,Elan,,Elan
node,2899170248,44.8900515,-0.5160042,33560004,Total,,Total
node,2901086618,48.8101425,2.5721936,94420005,Esso,,Esso
node,2905302105,41.9333854,8.7551715,20090002,TotalEnergies,,Total Access
node,2907718957,47.4985387,2.4418269,18700003,Intermarché,,Intermarché
node,2908894458,44.0579114,4.8350516,84230001,Super U,La Station U,Super U
node,2909773173,47.6814635,-2.7373761,56890004,Intermarché,,Intermarché
node,2912400766,45.8207912,4.1787811,42510001,Carrefour Market,,Carrefour Market
node,2914900012,45.9288478,4.9553865,1390013,Carrefour,,Carrefour
node,2915840386,48.6051288,-1.9003033,35350004,,,Halle de Bonaban
node,2916349117,47.3864612,-1.0335195,44370003,Total,,Total
node,2917278235,43.8311702,5.7787975,4100009,Independent,Ets Garcin Frères,Station des Glycines
node,2919223611,49.1173306,6.8842840,57450001,Eni,,Eni
node,2920271197,42.7770941,2.9514661,66530002,Esso,,Esso
node,2921465031,45.3416751,5.0652644,38270006,Intermarché,,Intermarché
node,2924907905,45.9982056,4.9061685,,Mobil,,
node,2924908007,45.9988289,4.8988094,1330003,Total,,Total
node,2925911432,50.7907469,1.9444743,62850001,Carrefour Contact,Carrefour Contact,Carrefour Contact
node,2928288443,48.3002068,2.6998612,,,,
node,2929804375,47.0908711,-1.6114106,44118003,Carrefour,,Station Carrefour Contact
node,2931671510,46.1197050,3.0952083,3450001,Cheze SAS (carburant discount),Cheze SAS,C.M.N
node,2931788253,48.8839109,2.3897638,75019015,Total,,Total
node,2932420501,45.1869985,1.5079823,19600001,Carrefour Contact,,Carrefour Contact
node,2933986578,45.8476769,5.6538064,1510002,,Avia,
node,2935660410,45.3247489,4.8084502,38150005,Intermarché,Groupement des Mousquetaires,Intermarché Chanas
node,2937245411,14.7576612,-60.9220328,,Vito,,Vito
node,2942534996,43.3120186,0.3599011,65220002,Intermarché,,Intermarché
node,2944188191,48.5301942,-1.8514341,35540009,Système U,,Station U
node,2944407752,48.1810783,2.8745893,77620001,G 20,,
node,2948525534,50.0283619,2.0669697,80420003,Super U,,Super U
node,2949227447,44.3061441,4.4316502,,,,
node,2951221671,47.8225737,-1.8094685,35480003,,Carva SNC,
node,2951855363,15.9906659,-61.7218573,,GALP,,CAP
node,2952674496,43.7401980,5.0973608,13560003,,,Station Auto Relax
node,2952674497,43.7918134,5.0336747,13660002,Independent,,Campus
node,2952674498,43.7438239,5.0758862,13560005,Total,,Total Contact - Station les Cèdres
node,2957566556,45.6463370,4.2898416,42210002,TotalEnergies,,TotalEnergies
node,2959607912,45.1433505,0.5267759,,,,
node,2959854784,50.5077608,1.6279252,62780001,Total,Total,Total
node,2964836263,47.8554448,7.0548387,68690001,Total,,Total Contact
node,2964836837,47.8900019,6.9908765,68470002,Total,,Total Contact
node,2968044811,48.7674841,7.2518882,57370001,Esso Express,,Esso Express
node,2969216660,43.4351395,5.4640255,13120005,E.Leclerc,,Station service de Biver
node,2971578698,45.6389950,5.8915497,73420004,E.Leclerc,,Station Service E. Leclerc
node,2974325086,43.2962420,5.4256583,13012016,Intermarché,,
node,2974916654,48.9371569,-1.0332858,14380002,TotalEnergies,,Total
node,2976454578,44.7236038,1.9165891,46420001,Intermarché,,Intermarché
node,2979534390,48.2559235,-1.4163201,35140002,Elan,,
node,2980854485,46.3381515,2.5641538,3410007,Esso Express,,Esso Express
node,2982478816,45.4019629,3.1297969,,,,
node,2986116899,45.4591124,3.2532407,63340001,Super U,,Super U
node,2987541803,49.2501582,3.0957564,,,,
node,2987802366,49.2456739,3.0958351,2600005,Total,Total,Station Service Total
node,2987802367,49.2554964,3.0830049,2600007,Total,Garage de la Forêt,Total
node,2989389899,44.6285237,2.6318734,,,,
node,2991412272,45.7469750,4.8503166,,TotalEnergies,TotalEnergies,Relais Garibaldi
node,2992392198,43.3856498,-0.6112694,64150008,Carrefour,,Carrefour Market
node,2993034345,48.2758025,2.1015513,45480003,TotalEnergies,Sarl Jd Auto,Total
node,2995003205,47.3420917,1.1777901,41400006,Esso,,Station Esso Express
node,2995438463,42.9817879,-0.4226472,64440003,TotalEnergies,,Total
node,2995506005,45.7987240,1.2258271,,Elan,Elan,Elan Isle
node,2995645120,48.1917287,2.7250722,77460001,Total,,Total
node,2996237084,48.0317097,4.9131176,52120002,Intermarché,Groupement des Mousquetaires,
node,2999483553,49.4116632,5.9496400,57710001,Intermarché,Intermarché,Station Service Intermarché
node,2999513472,47.8459747,-3.6873869,29340002,Carrefour Market,,Carrefour Market
node,2999681506,47.8449486,-3.6889104,29340001,Total,Total,Total Contact
node,2999734770,45.0241118,5.4435592,26420001,Comptoir Énergie,Communauté des communes du Vercors,Comptoir Énergie
node,3002636017,43.5039586,5.5097983,13590003,Total,,
node,3006967733,48.4126966,-1.7432280,35720001,Total,,Total
node,3008794501,46.1860947,2.4302410,23170001,,Intermarché,
node,3012925558,47.9782980,0.8931333,,,,
node,3013092884,46.7914730,0.5257622,86102001,Total Access,Total,Total Access
node,3013919198,45.8954319,3.2116622,63720003,Intermarché,Groupement des Mousquetaires,Intermarché
node,3014304918,45.4185600,2.7236062,,,,
node,3016767004,47.4801876,6.7385881,25550003,DATS 24,,DATS 24
node,3018149476,45.9054421,-1.2592248,17550001,Intermarché,Groupement des Mousquetaires,Intermarché Hyper
node,3019501329,47.4810297,6.7475462,25550002,,,Méca Shop
node,3024466695,43.1864499,-0.2397997,64800007,Super U,Super U,Super U
node,3028386135,44.5473078,6.2696296,5230003,Intermarché,,Intermarché
node,3029754752,48.3227091,-1.8299176,35190004,Avia,,
node,3030687540,45.4669547,2.1433984,,,,
node,3030891072,45.2519141,2.5391737,,,,
node,3031766458,48.0637769,-3.2068708,56160001,Intermarché,,
node,3032478074,49.1331185,6.1626177,57050002,Auchan,,Auchan
node,3034103734,45.6446394,4.2451899,,TotalEnergies,,Garage Décultieux
node,3039259791,48.6171199,4.9112330,52100003,Total,SARL BRIVOT ET CHEVALIER,
node,3039604641,47.3458963,0.5322902,,Elan,,
node,3040213518,46.7431637,5.1209741,,Avia,,Avia
node,3040773138,47.8578736,-3.7494447,,,Avia,
node,3040773140,47.8580212,-3.7494313,,,Avia,
node,3040775435,47.8584206,-3.7507974,29930002,Intermarché,Intermarché Contact,Intermarché
node,3042096988,47.0628510,0.0164652,86120001,TotalEnergies,Total,TotalEnergies
node,3046172614,48.8624303,2.2163009,92150008,BP,BP,Esso
node,3048779884,44.8646569,6.6019120,,,,
node,3049417725,44.4199997,1.4388709,46000001,Carrefour,,Carrefour
node,3049755208,45.9912062,5.1687294,1320001,Elan,Elan,Elan
node,3049755209,45.9129993,5.1927687,1800003,Intermarché,,Intermarché
node,3050040574,47.4980524,3.8966350,89200006,Esso,Ets Guillemeau,Esso
node,3052413799,44.6458039,4.3274383,7380001,Elan,,
node,3052601442,14.4360494,-60.8302978,,Vito,Vito,Station du Cap
node,3053395489,46.9967179,0.0920286,86200004,,E.Leclerc,
node,3055176299,44.3293355,3.0693021,12150007,,,Relais 9
node,3060630799,48.5206634,-1.3389641,50240001,Station U,,Super U
node,3060821783,48.4950302,-2.7762698,,,Elan,Tanguy Fioul
node,3063710263,49.3020795,1.6279427,27150001,Carrefour,,Carrefour Market
node,3063725375,49.3064063,1.6131477,27150003,Super U,,
node,3063987484,49.0140334,1.3855939,,,,
node,3065806051,49.0200318,1.4897195,78270002,Total,,Total
node,3065809584,49.0204715,1.4900038,78270002,Total,,Total
node,3065889634,48.9614396,1.8077280,78970001,Carrefour Market,,Carrefour Market
node,3066713086,43.0518857,0.1574606,65200002,Total,,Total
node,3068623702,43.4820050,-1.4828172,64100013,Esso,,Esso Express
node,3069903554,44.1551332,3.6856861,,,,Auto Primo
node,3070798584,48.9679587,1.4260593,,,,
node,3071923227,44.6642480,1.4808593,,Avia,,
node,3071945767,45.5320455,1.8025337,19260002,Intermarché,,Intermarché
node,3072134225,44.9634876,3.5433940,43170004,Carrefour,,Carrefour Contact
node,3072357901,43.4668842,3.1826174,,Garage Grilhot,Garage Grilhot,
node,3072473780,48.6443152,6.8059257,54450002,Elan,Masson,Elan
node,3072786282,44.7338104,3.8573676,48300001,Carrefour,Carrefour,Carrefour
node,3073683040,45.0363061,4.0504433,43260002,Intermarché,,Intermarché
node,3073920790,48.5326072,7.4703592,67190004,Système U,,Station U
node,3076931979,48.9486068,2.3855639,93240001,Carrefour,,Carrefour
node,3080040687,44.0485940,2.7552053,,,Commune Le Truel,Station-service des Raspes du Tarn
node,3080294348,48.8443848,-1.5835859,50350003,Netto,,Netto
node,3080651658,45.9894701,4.7093367,69400009,Auchan,,
node,3081075040,45.9348755,4.9627297,1390002,Total,,Total
node,3081443487,45.9974001,6.2393090,,,,
node,3081648090,48.7821236,3.2955042,77320003,Super U,Super U,Super U
node,3084951648,45.0507250,4.8313041,7300005,E.Leclerc,,E. Leclerc
node,3085136803,43.2935493,0.5155589,65230002,Intermarché,,
node,3086283212,44.4612521,2.2221309,12220001,Système U,,U Express
node,3086562674,43.4355890,3.1468284,,ABM,ABM,
node,3088063568,44.7475495,5.3821991,26150002,TotalEnergies,,Combet
node,3093863839,49.3243372,5.9318183,,Elan,Elan,Elan
node,3098720646,43.7890935,4.6451989,30300005,Eni,,Eni
node,3100755985,45.6898371,4.8913048,69200009,Total,,Total
node,3104475802,43.4755574,3.4893592,34530001,Tabac Station Service Lopez,Tabac Station Service Lopez,Tabac Station Service Lopez
node,3109717333,44.8564276,3.0065030,15110001,Total,Garage Fabre,Total
node,3111215281,48.4686604,1.0093769,28240006,Netto,Groupement des Mousquetaires,Netto
node,3111227624,48.4629936,1.0059794,,,,
node,3114665746,46.8906687,1.4273763,36500002,Elan,,Elan
node,3114938184,46.3350529,5.1263863,1340005,,Carrefour,Market
node,3114938185,45.0305276,3.0931473,15100013,Total,Total,Station Service des Orgues
node,3114938186,45.0338161,3.1052698,15100011,,Orceyre,Station Service Orceyre
node,3114938188,45.0821468,2.9348906,15300007,,,La Planèze
node,3114938190,46.1905089,5.2110829,1960006,Eni,,Eni
node,3114938191,46.2383684,5.2285484,1440001,TotalEnergies,,Total
node,3114938192,46.2785960,5.1651589,1340004,Dyneff,,
node,3114938193,46.3220675,5.1381614,1340002,Total,,
node,3115276418,47.9021156,0.9159369,41360003,Total,,Total Contact
node,3115623169,48.1708072,3.0286092,,,,
node,3117365447,47.0347676,0.0963875,,,,
node,3118660119,45.8429252,4.8347918,69270002,Intermarché,,Intermarché
node,3118660121,45.8493147,5.1056264,1360002,Total,,Total Energies
node,3118660122,45.8724073,4.8392226,69250009,TotalEnergies,,TotalEnergies
node,3118660123,46.0257725,4.7021105,69400016,Dyneff,,Dyneff
node,3118660124,46.0439615,4.6734625,69460006,,,Automobiles Germain Calvignac
node,3118660125,46.2993050,4.8803359,1750001,Intermarché,,Intermarché
node,3120020256,45.9139380,6.7183823,74190005,Avia,,Avia
node,3120332446,47.4497436,-2.3144587,44410001,E. Leclerc,Leclerc,Station Leclerc Herbignac
node,3121854915,43.3281883,5.1497794,13620002,Independent,,Abel
node,3122293506,43.1955551,5.8038978,83330001,,,Augier
node,3126633193,44.4372785,5.0189204,,Elan,,Total
node,3128082005,45.2493238,4.2169208,43600003,Intermarché,,
node,3129410737,48.2806942,-2.8393518,22460003,Carrefour,,
node,3132109771,46.0071657,1.1683807,87140002,Super U,,Super U
node,3133368136,47.9282243,6.4827369,88340001,Intermarché,,Intermarché
node,3133942957,46.7484962,4.8459445,71100022,E.Leclerc,E. Leclerc,Station Service E.Leclerc
node,3133971462,46.6905871,4.3553860,71300013,Intermarché,,Intermarché
node,3133975104,46.7066307,4.3895542,71450001,Avia,,Avia XPress
node,3134003929,46.8331936,4.7224539,71640002,Avia,,Avia
node,3134050585,47.2806017,5.0625721,21600006,Total,,Total
node,3134050586,47.2854401,5.0459487,21600008,Avia,,Avia
node,3135011426,50.4465621,2.7400236,62160003,Esso,,Esso
node,3135200562,47.3017940,5.0684838,21000017,Avia,Avia,Avia
node,3135242210,45.7805346,4.8121738,69004020,Eni,,Eni
node,3135242211,46.3110516,4.7917487,71850002,TotalEnergies,,Total
node,3135242212,46.3308088,4.8858430,1570001,Intermarché,,Intermarché
node,3135242220,46.4727022,4.8096234,71260004,Total,,Total
node,3135247241,45.7011150,4.9189442,69800015,Total,,Relais Saint-Priest les Brigoudes
node,3135247243,45.7623454,4.8028535,69009008,Total Access,,Total Access
node,3135778489,43.1423840,6.3462973,83230007,Intermarché,,Intermarché
node,3137325684,50.7639340,3.1568717,,AS 24,,AS24
node,3137377330,46.5012116,5.0671412,71470002,Avia,Avia,
node,3137988679,45.8203536,3.1072586,,Elan,,Elan
node,3138180898,49.0456793,-0.9895071,50160001,Carrefour,Carrefour Market,Carrefour
node,3138622963,47.2675819,1.8832805,41320002,Super U,,Utile
node,3139932409,49.6338278,2.2884796,60120004,Total,Total,Total
node,3140256005,47.9221290,6.6603623,88360002,Intermarché,,
node,3141881029,48.1988315,6.7270031,,Independent,E. Leclerc,
node,3141881052,48.1996355,6.7270353,88600002,E.Leclerc,E. Leclerc,E. Leclerc
node,3143510157,44.9073153,4.8859383,26000005,TotalEnergies,,TotalEnergies
node,3145306494,48.8011069,2.0267846,78390006,TotalEnergies,Total,Total Access
node,3148824161,47.4936578,3.9036766,89200009,Intermarché,,Intermarché
node,3149395128,48.8681864,2.1906573,92500013,TotalEnergies,,TotalEnergies
node,3149432972,49.2029374,6.2987103,,,,Proxi
node,3151297439,47.3921629,-2.9573776,,,,
node,3152493814,44.0865082,4.8818019,,,,Gazole Fuel Gaz
node,3152594398,46.3783067,2.5854195,3410009,E. Leclerc,E. Leclerc,Station service Poids-Lourds
node,3154080396,46.3175223,3.3978290,3150005,Carrefour Market,,Carrefour Market
node,3157804137,47.1822127,5.9084195,25320001,Carrefour Contact,,Carrefour Contact
node,3157884781,46.3400644,2.5840202,3100010,Intermarché,,Intermarché
node,3166476975,43.0033145,6.2010037,,,,
node,3167074162,48.1837971,-3.8261410,,,,
node,3167074361,48.1841579,-3.8255828,,Elan,,
node,3168105877,49.3644623,3.3041500,2200008,Esso Express,,Esso Express
node,3169026000,49.1562496,1.3527090,27600006,Total,,Total
node,3169211175,49.3104196,1.1576550,27460002,Total,Total,Total
node,3174415052,44.3981071,2.5986177,,TotalEnergies,,Total Energies
node,3179452515,48.3913135,6.9722863,88210003,DATS 24,,Dats 24
node,3184387898,49.5549533,2.5329822,60420001,Carrefour Market,,Carrefour Market
node,3187576955,47.1431952,1.5733230,36600001,Total,,Total
node,3191105461,-20.9502213,164.6888777,,,Total,
node,3191447623,44.0111901,3.1479837,12230003,Servifioul,Servifioul,OMI
node,3191949484,48.8637415,7.1859833,67320001,Intermarché,Intermarché,Intermarché
node,3192011803,48.7988456,7.7803224,67500009,E.Leclerc,E. Leclerc,Station Service E. Leclerc
node,3192014062,48.9296325,7.0978219,67260004,E.Leclerc,E. Leclerc,Station Service E.Leclerc
node,3192014070,48.9384346,7.1892672,67430002,Super U,Super U,Super U
node,3195452835,44.2372224,2.0336003,12270001,Intermarché,Intermarché Contact,Intermarché
node,3195678904,43.1176390,5.9297030,83000011,,,station d'avitaillement
node,3196945395,43.1187833,5.9791974,83100005,Eni,,Eni
node,3200026841,48.4088697,-2.3238679,22270001,Carrefour Express,,Carrefour Express
node,3204578697,44.5521759,2.4110558,,,,Station Service Communale de la Citarelle
node,3207461904,48.8563289,6.0886964,54700010,Total,Total,Total
node,3214484724,45.0206382,4.9345922,,TotalEnergies,,Total
node,3218890211,50.7250077,2.5356967,59190005,Elan,,Elan
node,3219135482,48.4070491,-3.4338161,22160003,Intermarché,Groupement des Mousquetaires,Intermarché
node,3221260947,44.7097794,4.8011109,26270006,E.Leclerc,E. Leclerc,Station Service E.Leclerc
node,3222284835,45.2472893,4.2252205,,,Total,
node,3222284859,45.2484687,4.2386108,43600002,Carrefour,,
node,3223565219,47.6877503,6.0510426,70170003,Netto,Netto,Netto
node,3223607629,47.7371349,5.7811802,70120003,Total,,Total
node,3223631590,47.7845660,5.6146523,52500001,Avia,,Avia
node,3224606227,46.2676540,4.8914142,,,,
node,3228114101,50.9348549,1.8174873,62100025,Total,,Total
node,3228392162,50.3679527,3.1887458,59182001,Intermarché,,Intermarché
node,3234024577,47.8951058,3.7582554,89144002,Carrefour,,Carrefour
node,3235254531,49.1429637,6.6886720,,AS 24,,AS 24
node,3239278508,47.0491907,-1.9616592,44580002,Independent,,
node,3240835095,48.8816209,2.2803057,92200006,Esso,,Esso
node,3240943839,44.3770822,5.1692277,,Total Contact,,Station service
node,3242022729,46.3039954,6.4369094,74550001,Elan,,Elan
node,3242417678,47.7367719,-3.2266115,56700006,Intermarché,Groupement des Mousquetaires,
node,3245169453,48.7806346,1.9669850,78990008,TotalEnergies,,TotalEnergies
node,3246035961,48.7698574,2.0002447,,,,
node,3247087077,49.2301577,2.9057508,60800008,E.Leclerc,,E. Leclerc Station Service
node,3250081870,47.5171130,-1.3007362,44390004,Carrefour,,Carrefour Contact
node,3255426638,46.9698905,4.3029987,71400011,E.Leclerc,,Station service E. Leclerc
node,3255486355,47.0417750,5.4174977,39500001,Système U,,Station U
node,3255554772,47.0487412,5.4292218,39500007,Shell,,Shell
node,3255554801,47.0469854,5.4272035,39500004,TotalEnergies,,Total
node,3255638560,47.0886129,5.4813181,39100008,,,Petrolperret
node,3255689175,46.9809839,5.6082114,39380002,Avia,,Avia
node,3255721256,46.7754805,5.5229397,39140006,Eni,ENI France SARL,Eni
node,3255756379,46.7552078,5.6124820,39210001,AVIA,AVIA,AVIA Xpress
node,3255766501,46.6706707,5.5701895,39000004,Avia,Avia,Avia
node,3256632843,46.6645793,4.2865795,71410001,Agip,,Agip
node,3256679774,46.8666871,4.5799637,71490007,Carrefour,,Carrefour
node,3256755657,45.6680513,6.3738032,73200001,Carrefour,,
node,3256827450,45.8980926,6.1166417,74000021,Eni,Eni,Eni
node,3256828950,45.8943123,6.1068046,74960013,Eni,,Eni
node,3256832992,45.8927954,6.0902350,74960005,E.Leclerc,,E. Leclerc
node,3256909536,45.9234458,6.4132327,74450001,TotalEnergies,,TotalEnergies Contact
node,3256926541,45.9061071,6.4225554,74220002,TotalEnergies,Garage du Rocher,Total
node,3256977628,46.3704371,6.4887414,74200017,Avia,,Avia
node,3257216811,46.0691652,6.3076768,74800001,TotalEnergies,,Total Contact
node,3257318769,46.0298801,6.1057418,74350006,Avia,,Avia
node,3257327819,45.9984057,6.1658114,74570011,Avia,,Avia
node,3257327820,46.0003209,6.1679134,74570012,Avia,,Avia
node,3257440746,48.8420810,2.2025353,92210003,Esso,,Esso
node,3257925316,47.5179174,3.2596238,89520003,Avia,Avia,Avia
node,3258144476,43.6073899,7.1239860,6600012,TotalEnergies,,TotalEnergies
node,3259031688,43.6924830,7.2499181,6000007,Avia,Avia,Avia
node,3259390310,45.5439113,5.7632644,73610002,Avia,Avia,Avia
node,3260554887,45.2998830,4.5815610,42220004,TotalEnergies,,Total Contact
node,3265403038,48.6416600,4.9074212,52100008,Esso,Esso,Station Esso Express
node,3268117238,48.1441036,-1.8891780,,,,
node,3270074461,47.8166994,7.5405228,68490002,Intermarché,,Intermarché
node,3271282838,49.2298834,-1.1374162,,Elan,,
node,3274104805,46.1181206,5.4909356,1430003,Eni,Eni,Eni
node,3274572017,45.7163855,4.8605012,69200008,E.Leclerc,E. Leclerc,Leclerc Vénissieux
node,3274581767,45.7678134,4.9354517,69120012,,,Garibaldi Automobiles
node,3274581768,45.7715347,4.9695985,69150001,Esso Express,,Esso Express
node,3275080915,46.2460408,3.6106152,,AS24,,AS24
node,3275258210,47.9489203,1.8439416,45770003,Shell,,Shell
node,3277137384,49.2520468,3.0585245,2600008,Avia,,Avia
node,3277327271,50.0583544,4.0870127,59132001,Intermarché,Groupement des Mousquetaires,Intermarché
node,3278387319,46.3218970,3.3916877,3150001,TotalEnergies,,TotalEnergies
node,3283604964,48.7532901,-0.5877683,,,,
node,3284968873,48.8116116,6.7152138,57260001,Independent,,Match
node,3286282646,48.8380176,2.3314224,75014008,Avia,,Avia
node,3286282647,48.8449642,2.2715165,75016029,TotalEnergies,,Total
node,3286282648,48.8472162,2.2587646,75016023,Esso,,Esso
node,3286282651,48.8720375,2.2998901,75008009,TotalEnergies,,TotalEnergies
node,3286282652,48.8736793,2.2914256,75016026,Eni,,ENI
node,3286282653,48.8751861,2.3096416,75008006,Avia,SARL Gala,Avia
node,3286368394,48.8531679,2.3079869,75007003,Avia,,Avia
node,3286386321,48.8951406,2.3724201,75019016,TotalEnergies,,TotalEnergies
node,3286430496,48.8679452,2.4057911,75020007,Indépendant,,
node,3286430497,48.8711283,2.4085012,75020014,Total,,Total Mortier
node,3286543311,48.8565016,2.3790564,75011003,Elan,,Elan
node,3286567614,48.8457849,2.4008634,75012021,TotalEnergies,,Total Relais du Bel Air
node,3287787819,50.3500155,2.5816856,62690001,Carrefour Market,,Carrefour Market
node,3296277766,43.1175435,3.1046911,11430002,Intermarché,,Intermarché
node,3296277767,43.1715917,3.1814227,11560002,Total,,Total Contact
node,3296411300,43.1746659,2.9924542,11100013,TotalEnergies,,
node,3296413607,43.2566212,2.9474571,11590002,BP,,BP
node,3296413609,43.2659181,2.9489980,11590004,Auchan,,Auchan
node,3298402712,48.7665593,2.4902577,94380003,E.Leclerc,E. Leclerc,Station Service E. Leclerc
node,3302649690,49.2516719,4.0472232,51100001,Carrefour,,Carrefour
node,3303361961,45.7746482,4.7941088,69009007,TotalEnergies,,Total
node,3304836565,47.9101499,1.8816691,45140007,TotalEnergies,,Total Access
node,3305320869,48.9152051,2.5894835,93470002,Intermarché,,Intermarché
node,3306190440,48.8596652,3.7640841,,Avia,,
node,3306599561,48.8916418,-0.1783549,14700005,Elan,Elan,Elan
node,3308050052,47.3177082,5.0031020,21000024,Intermarché,Intermarché,Intermarché
node,3310611586,44.6112256,4.4094868,7200015,Intermarché,,Netto
node,3318798806,44.4640955,2.4174449,12330004,Netto,,Netto
node,3319243869,50.4463406,2.7975436,62750002,Intermarché,,Intermarché
node,3319489241,48.8390324,0.9334532,,Elan,Total,
node,3329080574,47.2793737,5.5668989,70140004,,,Pesmes Énergie
node,3330751897,47.4381295,5.6056665,70100006,,,GME
node,3330751898,47.4446162,5.5979634,70100003,TotalEnergies,,TotalEnergies
node,3330751899,48.9144445,2.2834777,92600007,Esso,,Esso
node,3330769591,43.5598565,5.4614570,13100006,Esso Express,,Esso Express
node,3334057677,48.2245443,1.9511842,28310012,TotalEnergies,,Total
node,3336659287,50.7384004,2.7256070,59270001,Esso Express,,Esso Express
node,3336875296,48.9083599,2.3438704,93400010,TotalEnergies,,TotalEnergies
node,3336875297,48.9352402,2.3678856,93200008,BP,,BP
node,3336875298,48.9484958,2.3785316,93240007,Total,,Total
node,3336879784,48.9195083,2.3941556,93300003,Esso,,Esso
node,3337646100,48.9144739,2.4407328,93000010,Total Access,,Total Access
node,3340189376,45.6956188,4.9459385,,Independent,,
node,3341982425,43.7984835,7.4881218,6500005,Intermarché,,Intermarché
node,3344235190,44.8864097,1.4841121,,Avia,,Avia
node,3347263144,43.7243742,0.3787947,,TotalEnergies,,Total
node,3347922585,47.0014678,-0.8907384,49300010,Avia,,Avia
node,3347922588,47.0631811,-0.8662685,49300015,TotalEnergies,,Relais Bois Greleau
node,3348610471,48.8270093,2.3590302,,E.Leclerc,,Station Service Choisy
node,3349577721,44.8355489,0.7285752,24150003,Avia,,Avia
node,3352378692,43.5327817,3.9192520,34250003,Total,Total,Total Access
node,3356562996,48.1357064,-2.4610427,,Elan,,
node,3357371152,47.7899168,-3.4215221,56530001,E.Leclerc,,E. Leclerc
node,3359868999,50.4543481,2.9046630,62440001,Auchan,,Auchan
node,3362115026,44.3610709,2.0405291,12200001,TotalEnergies,,Total
node,3362115028,44.3598777,2.0395046,12200003,Esso,,Esso
node,3362999719,45.8410591,6.5825111,74120004,Intermarché,,
node,3363533506,47.9878280,-0.1631785,72540002,Système U,,Station U
node,3366225032,43.1896932,5.6260621,13600015,TotalEnergies,,TotalEnergies
node,3367580086,45.5301100,5.6906692,73330001,Super U,Système U,Hyper U
node,3371947897,48.0808826,-2.9491030,56300010,Total Contact,Total,Total Pontivy Nord
node,3375160141,43.9195074,2.1764746,81000011,Fina,Fina,
node,3375176693,46.3793230,6.4904389,74200006,Esso Express,,Esso Express
node,3377883714,47.1242513,0.0498283,,,,
node,3377923957,44.6671193,4.1630229,7330001,Total,,Station Total
node,3379810729,44.6732155,4.2590654,,Independent,,Agence Moulin
node,3382948924,46.0839444,-1.0738275,17220002,Intermarché,,Intermarché
node,3385161743,47.7508736,6.5697366,70270001,Avia,,Avia
node,3385368760,45.6346758,-0.9756454,17600004,E.Leclerc,,
node,3385666039,45.8972150,0.9201857,87200001,U,Système U,Station Hyper U
node,3386026719,48.2810755,-2.7012749,22150004,,Intermarché,
node,3387709962,44.7336700,-0.2586906,33760001,TotalEnergies,Total,TotalEnergies
node,3387709963,44.7356835,-0.2670073,33760002,Carrefour,Carrefour,Carrefour
node,3388075625,46.1164943,4.9489446,1400006,Intermarché,,
node,3388431405,46.0737913,4.8994956,,Diffus'Agri,,
node,3391697396,46.2296397,5.2572508,1440002,Total,,SVI Viriat
node,3391922741,48.6939765,-3.7876615,29630002,Casino,,Casino
node,3392253612,48.8635232,2.3703357,,,,
node,3392585939,50.4094137,1.6469983,62180004,Carrefour,Carrefour,Carrefour
node,3395274347,44.5056037,3.6669830,,,,
node,3396442116,45.8652646,1.2383688,87270004,Esso Express,,Esso Express
node,3397120633,42.7145995,9.4550349,20200019,Vito,Station Salducci,Vito
node,3407549811,45.7912477,1.1365047,87700004,Intermarché,Groupement des Mousquetaires,Intermarché
node,3408046854,46.1581778,5.6031430,1130003,TotalEnergies,,Relais Résidences
node,3409061357,48.5110843,3.8983550,10170001,Intermarché,Groupement des Mousquetaires,Intermarché Contact
node,3409793415,45.5360559,3.2515204,63500006,Total,,
node,3409829171,45.5535160,3.2494043,63500007,TotalEnergies,,Total Access
node,3411912844,49.2024965,2.4616085,60500008,Carrefour Market,Carrefour,Carrefour Market
node,3412082736,47.8345529,2.8410809,45230002,Système U,,Station U
node,3415621088,50.2148690,3.0661316,62860002,Super U,,La Station U
node,3417090931,46.0141870,4.0931137,42120006,Carrefour,,Station Service Carrefour Market
node,3417203958,50.1078506,1.8317711,80100011,Total,Total,Total
node,3417373907,46.4038886,5.2413798,,Elan,,Elan
node,3418227953,50.9759716,2.2187612,,AS 24,As24,AS 24
node,3419527392,48.7577667,7.5739230,67270002,E.Leclerc,E. Leclerc,Station Service E.Leclerc
node,3421518355,44.4148317,2.2771412,,,,
node,3422160693,44.1005803,1.0904764,,,,
node,3426354938,43.8775905,-0.5059023,40280005,E.Leclerc,,Station Service E.Leclerc
node,3426362854,43.8765747,-0.5059807,40280008,Total,,Total
node,3434516519,45.3907094,5.7392036,38380002,Dyneff,,
node,3436106389,48.4451489,-2.7508668,22960001,Carrefour,,Station Carrefour
node,3439696989,48.9583711,1.2185730,,,,
node,3439768861,48.2107380,6.4514003,,,,
node,3447289409,49.6456583,-1.6234891,,,,
node,3451448018,44.1005157,5.1021556,84330005,Carrefour,cavaille Etienne,Carrefour
node,3451639705,46.9088321,-1.1377141,,,,
node,3451668636,46.9404802,-1.0678248,85130006,Système U,,La Station U
node,3454126391,44.7772722,4.8474259,26250001,Eni,,Eni
node,3456857373,49.0959146,1.6093448,27620002,Intermarché,Groupement des Mousquetaires,Intermarché Super
node,3457302451,47.1956758,-1.6372032,,,AS24,
node,3458718425,49.0441816,1.1290145,27000007,Intermarché,Groupement des Mousquetaires,Intermarché Super
node,3458949358,42.8962345,0.0623289,,Elan,Elan,Elan
node,3465915964,47.3867178,0.7441430,,AS 24,AS24,AS24
node,3466070578,50.8907082,2.4632194,59470004,Total Access,,Total Access
node,3466098638,50.9552393,2.4333864,59380005,Total Access,Total,Total Access
node,3468227805,49.4555398,2.0994494,60005001,TotalEnergies,,Total Energies
node,3468409142,49.0726686,5.4346741,,Elan,,Elan
node,3471683644,48.6865324,-1.3641232,50300004,E.Leclerc,Carrefour,Station Service
node,3473269517,48.6572338,-1.3534722,,,,
node,3474677776,43.1799839,-0.6134993,64400005,Intermarché,,Intermarché
node,3475054390,47.2827133,4.2288874,21210005,Total,,Total
node,3475056778,42.7994245,0.4103906,65510001,Avia,,Avia
node,3476359645,49.2841855,2.4916787,60870003,TotalEnergies,,Relais de la Brêche
node,3476804838,49.2643398,2.4555330,,AS 24,,AS 24
node,3476804855,49.2631804,2.4559964,,AS 24,,AS 24
node,3478041852,49.0208078,3.0315558,77440002,Carrefour,,Carrefour Market
node,3479388184,49.0267909,2.3687786,95440001,Super U,,Super U
node,3482421429,47.3280598,0.9871132,37150002,Carrefour Market,,Carrefour Market
node,3489531057,48.0608708,-2.6899325,56580001,U,,U Express 24/24
node,3490147855,49.1305790,6.1574795,57050001,,,Match
node,3491124364,44.7983921,2.0783911,,Elan,,Elan
node,3491751157,47.1376277,4.9568108,21700007,DATS 24,,DATS 24
node,3493142446,49.3468795,0.3374320,27210013,Carrefour Market,,Carrefour Market
node,3494414904,47.6741458,-3.1719559,56550001,Super U,Super U,Super U
node,3494760607,46.6685807,0.4044467,86130006,Super U,,Super U
node,3498041180,47.0807355,1.3463569,49460001,Intermarché,Groupement des Mousquetaires,Intermarché Contact
node,3498279089,46.1505045,4.5941974,69430002,Carrefour,,Carrefour
node,3498282417,45.8256584,3.3676375,63190009,Sas Larzat et Meyronne Lezoux,Sas Larzat et Meyronne Lezoux,Larzat et Meyronne
node,3498295745,45.7877987,3.2683438,63430002,Total,TOTAL,Total
node,3499213533,44.5228606,3.4982345,48000008,Avia,,Avia
node,3501388396,48.7983076,2.0483718,78180002,TotalEnergies,SA SOVEDA,TotalEnergies - SA SOVEDA
node,3502002951,45.6368052,-1.0636119,17640003,Système U,,U Express
node,3502924635,48.0425512,3.0678602,45320001,Avia,,Avia
node,3508840396,46.8884168,5.2620517,71270002,Eurl Comparet Fils,Eurl Comparet Fils,
node,3509187422,47.0006194,0.0676329,86200003,Système U,Super U,Système U
node,3510520073,14.6353035,-61.0080648,,,,Station Service Total Long Pré
node,3510697118,49.4214114,1.9787251,60650004,,Groupement des Mousquetaires,
node,3510916267,46.2837368,4.0413666,71110003,Avia,Garage Christophe Janin,Avia
node,3512247380,46.5669940,0.8594415,86310002,Intermarché,Groupement des Mousquetaires,Intermarché Contact
node,3512301632,50.5386601,2.6307418,62400004,Total,,Total
node,3512654157,43.6730104,6.9940542,6650004,,,Station Essence Intermarché
node,3514442987,49.0393283,2.1159168,95310008,Esso,,
node,3514442988,49.0396555,2.1153773,95310010,BP,,
node,3515015692,43.3355819,1.3217482,,,,
node,3519769930,46.8893611,2.5689917,18130002,Super U,Groupement des Mousquetaires,Super U
node,3523592120,46.2843007,2.6679475,3310002,Intermarché,,Station Intermarché
node,3523703173,46.5311566,2.6217138,3190006,Carrefour Contact,Carrefour Market,Carrefour Contact
node,3525752204,46.1112933,2.6976195,63330002,Intermarché,Groupement des Mousquetaires,Intermarché Contact
node,3526233097,48.7773429,2.0186182,78180011,Esso Express,Esso Express,Esso Express Montigny le Bretonneux
node,3528147916,47.6776588,2.5944965,45500006,Intermarché,,Intermarché
node,3533818529,48.9931143,2.1981471,95370001,Carrefour,Carrefour,Carrefour
node,3538991113,42.8512734,1.6036339,9400002,Esso,,Esso
node,3539431745,47.7078130,2.6369349,45500007,E.Leclerc,,Station Service E.Leclerc
node,3544344173,47.0829504,2.0461823,36260002,Carrefour,,Carrefour
node,3544879833,45.6273973,5.3053735,38300024,Total,Sarl Garage de Saint-Savin,Total
node,3547102390,49.8819494,2.3279407,80000009,Esso Express,Esso,Esso Express
node,3550415107,46.3428546,6.1414618,1220001,Carrefour,Carrefour,Carrefour
node,3557801617,48.8114897,2.4306533,94700007,Avia,Avia,Avia
node,3557801654,48.8037722,2.4129015,94140004,Total,,Total Port Anglais
node,3558432055,46.0546049,4.0647126,42153003,Intermarché,,Intermarché
node,3558501197,49.1392184,4.3661485,51400003,Avia,,Avia
node,3558559293,48.3811079,-0.9855355,,,,
node,3559182216,49.9174204,2.9336475,80200003,Total,,
node,3560751397,50.1067995,2.8481026,62450005,Total Access,,Total Access
node,3561073308,48.6343581,7.4606569,67310004,TotalEnergies,Total,Total Access
node,3567317270,46.7711247,6.3791788,25370002,Intermarché,,Intermarché
node,3570195985,45.3843197,5.0240065,,,,
node,3572650949,47.4872600,6.7702121,25420005,Avia,,Avia
node,3574553404,43.4059363,4.9810038,13110004,,,Euro Stat
node,3576171306,47.6757278,-3.1966847,56550002,Total,,Total
node,3578221023,48.8723684,2.8714605,77860001,Super U,,Super U
node,3578359145,44.9050658,1.2857060,,,,
node,3578999997,45.8100683,5.4033153,38110006,Carrefour,,Carrefour
node,3581431303,46.4027388,5.7937600,39170001,,,Station
node,3585560999,47.1966569,-0.2754786,49700002,Total,Total,Total
node,3588353957,46.9853394,-0.4536484,79150002,Carrefour,,
node,3591073014,46.8266222,5.5732994,39230003,Avia,,Avia
node,3594734377,49.0032404,2.8449788,,Esso,,
node,3596788807,50.3990116,3.5412568,59860003,,Système U,
node,3604574905,47.4524461,-0.2655701,49630004,Super U,,Super U
node,3605056350,47.4429298,0.3239091,37340001,Station U,Super U,
node,3606691242,50.7100434,2.1273371,62380001,Total,Hanse Sarl,
node,3607435462,47.4187112,0.6647008,37540005,Total,,Total
node,3607501803,44.9688425,-0.3765830,33240014,TotalEnergies,TotalEnergies,TotalEnergies
node,3608639886,48.5528606,2.5480266,77240003,TotalEnergies,,Total
node,3609377262,45.3486378,5.5952916,38430003,Carrefour Market,Carrefour,Carrefour Market
node,3609416689,45.3596039,5.6002019,38500003,,,LIDL Carburants
node,3611096792,46.7457513,5.9190632,39300006,E.Leclerc,,Station Service E. Leclerc
node,3611097044,46.7486438,5.9048983,39300008,Netto,,Netto
node,3613729562,48.9432286,2.1290701,78600004,Total Access,,Total Access
node,3615259769,46.5909136,4.0661370,71130002,Système U,,Station U
node,3615286731,46.6043058,4.0710374,71130004,Intermarché,Groupement des Mousquetaires,Intermarché Super
node,3616195626,50.0604209,1.4106763,80350001,Auchan,Auchan,C. C. Auchan
node,3616240296,45.1927947,1.4520457,19240002,Carrefour Contact,,Carrefour Contact
node,3616829727,49.1377060,2.2731057,95260002,Intermarché,Groupement des Mousquetaires,Intermarché Super
node,3619696128,48.0674624,7.3439477,68000013,Avia,,Avia
node,3619917069,46.1919278,3.2648170,3110003,Avia,,
node,3623386531,43.5186199,5.2004932,13130006,TotalEnergies,,Total Access Les Chasseurs
node,3627575084,43.4092201,5.3209584,13170011,Total,,Relais Mirabeau
node,3631769421,46.8829710,5.2476746,71270005,Intermarché,,Intermarché
node,3632718528,46.7102137,-1.4310169,85000012,AS 24,AS24,AS 24
node,3632880760,45.1470390,4.1278418,43200002,Avia,,Avia
node,3635354029,45.9904629,-1.0765861,17450001,Station U,,Station U
node,3638357672,48.9296550,2.2267355,,,,SMG
node,3641029911,49.0487224,6.5927826,57380002,Super U,Super U,Super U
node,3654966919,46.7461614,5.4569197,39140001,TotalEnergies,Jonathan Rateau,TotalEnergies
node,3656691711,45.6724738,5.4732303,38510004,Avia,,Avia
node,3656698951,44.4973242,-1.0558438,40460002,Intermarché,Intermarché,Station Service Intermarché
node,3657014317,46.5618529,2.2002664,,,,Station essence
node,3657421435,45.0972329,4.0588976,43200003,Total,Total,Total Contact
node,3658736611,-22.2774888,166.4688441,,,,Station Service Total Rocade
node,3662060313,45.5847980,5.2855049,38300022,Fuel For Planet,,
node,3662133553,45.5822157,1.7205058,,,,
node,3662206527,48.7056204,2.3430401,91410004,E.Leclerc,,Leclerc Carburants
node,3662667795,43.8444734,0.6616087,32500002,Total,,Total
node,3662680107,43.8421862,0.6607601,32500003,Avia,,
node,3664272530,47.7407373,7.1476936,68520004,Station U,Système U,Station U
node,3664363853,47.5573977,2.8429143,45420001,Avia,,Avia
node,3664784490,45.4903320,4.5515901,42152007,Eni,,Eni
node,3664804311,44.3232531,0.7826876,,,,
node,3666738972,45.0494624,3.8886548,43000002,Station U,Super U,
node,3667222705,47.4814639,1.1885000,,,,
node,3668378633,46.1024168,3.9676045,42640001,TotalEnergies,,Total Contact
node,3668827688,45.1508265,3.5467858,43230001,Total,Total,Total
node,3668827689,45.1086469,3.7463787,,,,
node,3668827690,45.1188410,3.7297962,43320003,Total,,Total Contact
node,3669273755,44.7818368,2.3539447,,Elan,,Elan
node,3669560833,18.0621679,-63.0914692,,,,Cadisco
node,3671745526,42.6990848,2.0970481,,TotalEnergies,,TotalEnergies
node,3675092654,47.3271228,6.0143356,25870002,Station U,Super U,Super U
node,3676443601,46.2552529,5.0594973,1310005,Netto,,Netto
node,3677681428,43.6496393,-1.4308249,40130001,Total,,Total
node,3677767044,44.6363948,-0.3225080,33410001,Total,,Total
node,3677767045,44.6458660,-0.3242282,33410006,E.Leclerc,,E. Leclerc
node,3677767046,44.6472824,-0.3512353,33720006,Avia,,GlassAuto PODENSAC
node,3677767047,44.6877937,-0.4166808,33640002,Total,,Total
node,3677767080,44.7336689,-0.5990759,33850002,Système U,,Station U
node,3677767081,44.7985881,-0.6634412,33600006,Esso Express,,Esso Express
node,3677767085,44.8605429,-0.6341613,33200001,Carrefour Market,,Carrefour Market
node,3677767090,44.9023963,-0.5086027,24400001,Super U,,Super U
node,3677767091,44.9205814,-0.4477445,33450005,Total Access,,Total Access
node,3677767092,44.9270956,-0.4905696,33440001,,,Garage Vincent
node,3677767093,44.9536214,-0.5340379,33440004,,,Spar
node,3677767094,44.9894065,-0.4491974,33240011,Total,,Total
node,3677767095,45.1066245,-0.3364277,33620003,Carrefour,,Carrefour
node,3677767096,45.2904697,-0.6062320,33390004,Station U,,Station U
node,3678659328,44.0946503,3.5493070,,,,
node,3678809786,47.8815104,-2.8291818,,Karrgreen,,
node,3680478828,48.5701968,-0.1506392,61320002,TotalEnergies,,TotalEnergies
node,3680732087,43.5326615,6.4123550,83780002,Avia,,Garage Cotton JM
node,3682141606,43.6393068,3.9262209,34170006,Casino,,Casino
node,3682823026,47.2330116,4.9830818,21220003,Super U,Super U,Super U
node,3683019554,44.8501311,0.5322421,,Intermarché,Intermarché,Intermarché
node,3685913295,48.4770300,-1.0316582,,,Mairie de Landivy,Station-service communale
node,3686495377,47.5369037,4.4612175,21150001,Avia,Avia,Avia
node,3688865796,49.8337117,4.6040514,8150003,TotalEnergies,,TotalEnergies
node,3689749584,48.5739390,-4.5342521,29870004,TotalEnergies,Garage du Flescou,TotalEnergies
node,3689837990,48.8649046,2.3755653,,Avia,Avia,Avia République
node,3689965923,48.2745693,-3.5813458,29270003,Intermarché,,Intermarché
node,3692844748,45.4532312,6.9725050,73150003,Avia,,Avia
node,3694984199,44.3852307,3.1128558,12560002,,,Les Rebels
node,3696366191,45.7232819,5.0707432,69125002,Total,Total,Total
node,3696892954,47.5191307,7.0014939,90100004,Avia,Garage du Stade,Avia
node,3697289466,48.5498128,2.6660500,77000005,BP,BP,BP
node,3698622982,49.4789227,4.5765955,8130003,Carrefour,,Carrefour Contact
node,3698665387,47.8644612,-2.4490496,56460003,Total,,
node,3699503938,43.9852295,4.1060446,30350002,,Gonzalez Jean Marc SARL,Carburants 7J/7
node,3699503953,44.2070282,4.0261380,30110004,Netto,,
node,3699503954,44.2107978,4.0334369,30110003,Intermarché,,Intermarché
node,3699503955,44.4367983,3.2005350,48500002,,Raja Sarl,Raja
node,3699503980,45.1314366,3.8138847,43350001,Intermarché,,Intermarché
node,3699513755,45.3027762,4.1150268,43210003,Intermarché,Intermarché,Intermarché
node,3699517620,47.9777499,3.4107564,89300003,TotalEnergies,,Total
node,3699517621,48.0323827,3.3040382,89330002,Esso,,Esso
node,3699517622,48.0878066,3.2971043,89500002,Intermarché,Intermarché,
node,3699542382,47.6925200,3.9967587,89310001,Avia,,Avia
node,3699542383,47.6938914,2.9504772,89220001,Avia,,Avia
node,3699542384,47.7051155,3.6323257,89290002,bi1,,bi1
node,3699542395,47.8160444,3.7930978,89800001,Intermarché,,Intermarché
node,3699542402,47.9023323,3.6105716,89250001,Avia,Avia,Avia
node,3699704050,48.7589374,2.3641260,,Engie,Engie,Station ENGIE Gaz Naturel Véhicule GNC / bioGNC
node,3699786751,48.8588975,2.1456105,78170006,BP,Esso,Esso
node,3700872965,45.1085347,4.2958693,43190003,Carrefour,,Carrefour
node,3701853568,46.1415660,4.1080675,42720001,Esso,,Esso
node,3703714371,48.0123869,2.7399247,45120005,Avia,,Avia
node,3703714387,48.0617229,4.1428934,10210001,,,Station du Chaourçois - Peugeot
node,3703714391,48.2825396,4.0789639,10000005,Esso Express,,Esso Express
node,3703714392,48.3055181,4.0932345,,,,Elephant Bleu
node,3703714406,48.5093530,3.7317041,10100002,Total,,Total
node,3703714407,48.5117994,3.7199309,10100003,Esso Express,,Esso Express
node,3703714408,48.5188306,2.6543268,77190005,Total Access,,Total Access
node,3703714409,48.5226999,2.6539042,77000013,Total Access,,Relais La Rochette Melun
node,3705835966,45.5492225,3.7363001,,Elan,,Elan
node,3707163246,45.3419390,5.4945310,38140009,Netto,,
node,3707171632,45.3850690,5.5775074,38500001,Carrefour,,Carrefour
node,3707995254,49.8465553,1.5648007,76340001,Elan,Total,Elan
node,3707995638,49.8497891,1.5701246,76340003,Intermarché,Groupement des Mousquetaires,Intermarché
node,3708905380,45.4585729,5.6405274,38620002,Carrefour,,
node,3709888065,46.8483276,-1.8722730,85300006,Esso,,Esso
node,3710407322,44.2707531,4.1698880,30410002,,,Station-service Geoffroy
node,3710443536,46.0969153,4.7734545,1090002,Auchan,Groupe Auchan,Auchan
node,3710829283,44.2685305,4.1955538,30500001,Avia,,Avia
node,3713355905,49.7703227,4.3414388,,Elan,Total,Elan
node,3713531350,43.3559716,5.3277581,13016007,TotalEnergies,Total,TotalEnergies
node,3714212470,45.2470559,1.4864880,,Avia,,
node,3714296388,48.7563286,7.8157648,,Esso,,Station Esso Garage Hermann
node,3715137222,49.1942766,0.3576293,,Elan,Total,Elan
node,3717102696,46.4146893,-1.4951280,85560001,,Elan,
node,3717102697,46.4565746,-1.1789047,85400006,Intermarché,,Intermarché
node,3717102698,46.4587419,-0.7879069,85200004,Total Contact,,
node,3717102706,46.5205483,-1.0849288,85210009,TotalEnergies,,TotalÉnergies - Saint-Jean-de-Beugné
node,3717102709,46.5821155,-1.3758612,85310002,Total,,Total Contact
node,3717102712,46.8026684,-1.1325348,85140004,Total,,
node,3717372812,49.5470553,2.7495010,60490001,Carrefour,,
node,3718636324,44.3616905,2.5888922,12000011,Intermarché,Intermarché,Intermarché
node,3720074784,46.5622067,-1.0587482,85210010,Intermarché,Intermarché,Intermarché
node,3720074785,46.6379526,-1.1795639,85480001,Total,,
node,3720074786,46.7237382,-2.3446865,85350001,,,Igol
node,3720074788,46.8577895,-1.0086791,85500003,TotalEnergies,,Total
node,3720074790,46.8789949,-0.9006509,85590001,Intermarché,,Intermarché
node,3720074791,46.9124369,-2.0383226,,,,
node,3720074792,46.9506458,-0.9806696,85130008,TotalEnergies,,TotalEnergies
node,3720074795,47.0002121,-1.3305404,85600001,TotalEnergies,,Total - Saint-Hilaire-de-Loulay
node,3720074796,47.0128400,-1.1926615,85530001,Système U,,Système U
node,3724947916,49.5197672,3.1492994,2300009,Carrefour,,Carrefour
node,3725353415,49.4263501,1.4788542,,Elan,,Garage Harvus
node,3725910149,45.7781217,-0.4222783,,,,
node,3726620032,44.9483119,0.8103623,,,,
node,3728304381,46.0733165,6.4013232,74130017,Elan,,TotalEnergies
node,3729356225,48.7230407,4.5915265,51300014,Total,,Total
node,3729673212,43.9382266,2.1832019,81000003,Total,Total,Total
node,3730550059,45.4230503,4.3158625,42230001,Intermarché,Intermarché,
node,3736480246,43.8352025,5.0442346,84300013,,,Campus
node,3739536772,43.6003090,5.0025316,13140005,Intermarché,,Intermarché
node,3740301408,47.3017827,-1.4876921,44320003,Total,Garage Bois St Lys,Total
node,3743952414,48.3633868,-3.7493419,,TotalEnergies,Garage Berthelem,Total
node,3745715481,43.5048500,-1.4671064,64100014,Total Access,,Total Access
node,3746124697,43.2283647,0.0884931,65000001,Carrefour Market,,Carrefour Market
node,3747883241,43.5349360,3.9074629,34250002,Carrefour,Carrefour,Carrefour
node,3750381017,48.0182203,2.8852981,45210004,TotalEnergies,,TotalEnergies
node,3752361549,45.5207101,5.6847683,,Total,Total,Total
node,3753049425,42.9040530,0.3554989,65240001,Carrefour,,Carrefour Contact
node,3753301727,41.7060901,9.1290263,20170002,Total,Total,Total
node,3755003486,43.4293863,6.7612843,83600010,Avia,,Avia
node,3755003489,43.4303491,6.7576310,83600024,BP,,BP
node,3755003491,43.4310653,6.7549815,83600030,Auchan,,Auchan
node,3755665725,43.4107902,5.3078519,13170010,,,L.R.D.P.
node,3756789159,43.7669329,1.9951306,81300005,Intermarché,,
node,3756911848,46.3050590,0.1827512,86700003,Intermarché,Intermarché,Intermarché Couhé-Verac
node,3758583886,43.4004942,-0.9484955,64390002,E.Leclerc,,E. Leclerc
node,3759187834,45.8682401,4.6988499,69380008,Intermarché,,Intermarché
node,3759250373,46.8071464,5.5813204,39230002,Avia,,Avia
node,3759250562,46.8073171,5.5809154,39230002,Avia,,Avia
node,3759588602,44.9587266,3.5500184,43170001,TotalEnergies,,Total
node,3762699402,43.5185624,4.1310498,30240004,,,La Station du Sud
node,3763074739,44.6001118,0.3591022,47800004,Elan,,Elan
node,3766409928,44.7219842,3.2832452,,,,Garage Gervais
node,3770909491,43.4604852,-1.5475572,64200008,Esso Express,,Esso Express
node,3772055328,49.8589707,2.2746930,80480004,Total,Total,Total
node,3778449536,48.0787000,6.8885275,88400002,Intermarché,,Intermarché
node,3782191140,44.9133808,5.7844671,38350005,TotalEnergies,,TotalEnergies
node,3783448664,49.9134418,2.2357693,80730001,Total,Total,Total
node,3787793807,46.4283498,4.6636619,71250004,Avia,,Avia
node,3788969708,47.3061698,6.5946908,25430001,Avia,,Avia XPress
node,3790435413,49.8687247,2.3615186,80330004,Total,Total,Total
node,3792619383,45.7474310,-0.6396232,17100014,TotalEnergies,,Total
node,3793316609,48.9697955,-1.0590230,50420002,Carrefour Contact,,Carrefour contact
node,3796140657,48.5528594,-4.3091367,29260002,Total,Total,Total
node,3796895198,46.1669433,2.6387496,,,,Station service
node,3797736431,49.3614432,2.5367659,,Elan,,Elan
node,3810216633,47.8809621,6.3062113,70320004,Intermarché,,Intermarché
node,3810535773,48.0055033,6.2744839,88240001,Intermarché,,Intermarché
node,3812680958,48.8873385,2.3222062,,Elan,,Elan
node,3815588183,48.9072392,2.5317108,93390001,E.Leclerc,,E. Leclerc
node,3817874018,43.2155063,2.3545856,11000012,,,Triay Frères
node,3817878136,43.2125346,2.3249403,11000009,Intermarché,,Intermarché
node,3821879009,45.5891560,5.9045326,73000010,E.Leclerc,,Station Service E. Leclerc
node,3827133545,43.4059997,6.0732954,83170003,Esso,,
node,3827924257,-20.9500964,55.3191460,,Total Access,Total,ZAC 2000
node,3831307579,48.5384663,-2.9886756,22170005,Carrefour Market,,Carrefour Market
node,3831809758,45.1687039,4.2338615,,,,
node,3834734865,46.8152205,0.3377442,86140002,Auchan,Auchan,Auchan
node,3834734875,46.8165971,0.3317852,86140001,Total,,Total
node,3835326971,48.6513879,2.3509376,,Elf,Total,S.A.R.L Gad
node,3841765099,49.0755036,2.7880589,,,,
node,3842982353,48.9569551,2.9028431,77100010,Total,,Total Contact
node,3843121828,44.1758092,0.5598694,47310004,Intermarché,,Intermarché
node,3845139405,45.9916509,-0.0874416,,,,
node,3848378853,45.9464797,4.2202258,42470006,TotalEnergies,,TotalEnergies
node,3853116978,46.1066339,-0.7691474,17700004,Intermarché,,Intermarché
node,3853116980,46.1089028,-0.7544136,17700002,Total,,Total Contact
node,3854349210,46.1036948,-0.7540321,17700001,Système U,,Station U
node,3856632536,43.2325283,0.0929256,,Elan,,Elan
node,3856632538,43.2243864,0.1017046,65600002,Elan,,Station Saint-Christophe
node,3856632989,43.2229399,0.1028433,65600001,Total,Total,Total
node,3858963557,44.5013112,-0.7889144,33830001,Système U,Super U,Système U
node,3859291004,44.3835390,2.8223363,12310002,Intermarché,,Intermarché
node,3863997578,46.2968711,0.1796051,86700005,Carrefour,,Carrefour
node,3865715159,46.5875543,0.3638226,86000021,Avia,,Avia
node,3867026420,45.5280466,4.9155458,38780001,Carrefour,,Carrefour Market
node,3867026421,45.5597331,4.8095579,69700002,Total,,Total
node,3867026424,45.6044766,4.7813349,69520001,Intermarché,,Intermarché
node,3867026425,45.6889699,4.8269787,69540001,Carrefour Market,,
node,3867026428,46.7937031,0.7982675,86370005,Super U,,Super U
node,3867583753,44.9326438,5.7825280,38350004,Intermarché,,Intermarché
node,3867584263,45.3208076,5.2067201,38980001,Elan,,Elan
node,3868881410,48.0853223,-0.6433200,53210001,Station U,,U Express
node,3873707607,44.5473430,-0.8744829,33770001,Carrefour,,Carrefour
node,3873707609,44.6125908,-0.9460484,33380006,TotalEnergies,,Total
node,3876747127,45.7729114,3.0963308,63000001,TotalEnergies,,Total Contact
node,3877110594,50.3482076,2.5679043,62690002,Total,,Total
node,3877125713,47.0448815,3.6425852,58110001,Avia,,Avia
node,3877926162,48.2963261,2.3906813,45330002,Carrefour Market,,Carrefour Market
node,3877926164,48.2983363,2.4178814,45330001,TotalEnergies,,Total
node,3878094002,48.3191315,2.5742629,77760002,Total Contact,,Total contact
node,3878094003,48.3229764,2.5783337,77760001,Avia,,Avia XPress
node,3879896447,44.0375869,2.5225548,12170004,Carrefour,,Carrefour Market
node,3886372382,49.7999978,1.1036915,76590002,Intermarché,,Intermarché Contact
node,3888337447,47.0667244,2.4144329,18000014,Carrefour,,Carrefour Market
node,3890798250,44.9226612,2.4347874,15000005,TotalEnergies,,Total
node,3890798251,44.9228204,2.4274097,15000003,TotalEnergies,,Total
node,3890798253,44.9329790,2.4495204,15000014,Total,,Total
node,3893150830,48.6310821,2.4173369,91080001,Esso,,Esso
node,3894109446,49.0473140,2.5108438,95380002,Avia,,Avia
node,3898309853,46.3438409,5.2572903,,,,
node,3902004389,43.3105713,6.6335170,83120002,Carrefour Market,,Sainte-Maxime / Mermoz
node,3904548530,44.6493963,1.5707839,46240001,Station U,,Station U
node,3907010718,45.6113804,4.0673712,42600001,Carrefour Market,Carrefour,Carrefour Market
node,3912940566,43.7726240,2.9456699,,,,
node,3915105058,49.7714274,1.0490940,76590001,,,Relais de Belmesnil
node,3916002774,43.3521301,-1.5499720,64310002,Netto,netto,Netto
node,3921758154,48.8616019,4.4848420,51240002,Intermarché,Groupement des Mousquetaires,Intermarché Contact
node,3923269856,47.4119529,-1.9695003,44750002,Intermarché,,Intermarché
node,3923481284,48.3678995,-2.3949293,22640003,Intermarché,Groupement des Mousquetaires,Intermarché Contact
node,3923716523,43.2915707,5.4445244,13012029,Renault,,Renault
node,3925280113,47.1738964,4.1558014,58230001,,,Rousseau Carburant
node,3925549575,43.9578937,4.8507799,84130012,Système U,,Station U
node,3927007958,49.0735829,5.4270583,55320001,Intermarché,Groupement des Mousquetaires,Intermarché Contact
node,3927313636,43.3816173,5.7026573,83640001,Système U,,Station U
node,3927413952,45.0382919,3.0898444,15100006,Intermarché,,Intermarché
node,3927625229,43.3878245,4.8055842,13230001,Intermarché,Groupement des Mousquetaires,Intermarché
node,3928451957,-21.0722370,165.4031720,,,,Gas Station
node,3933841296,49.6612806,3.3733014,2800004,Carrefour,,Carrefour
node,3935697648,49.8958319,3.6259884,2120005,Total,Total,Total
node,3935997181,49.9011548,3.6300997,2120006,Carrefour,,Carrefour
node,3936025424,43.3947025,6.3330623,83340011,TotalEnergies Access,Total,TotalEnergies Access - RELAIS DU CANNET
node,3943448102,49.6996533,4.4230426,8460001,TotalEnergies,Garage Monjoli,Total
node,3946781444,45.7261098,2.8956055,63210001,Total,,Total Garage Gauthier
node,3948928037,43.8521020,-1.3515363,40660002,Système U,,Station U
node,3949904721,48.9952646,1.0286887,27190003,Intermarché,,Intermarché
node,3950171322,45.2575654,3.1990160,15500006,,,Orceyre Carburants
node,3950505998,46.8552784,3.6438126,58340001,Avia,,Avia
node,3955089590,47.3731772,-1.1843308,44150004,Super U,,Super U
node,3962693883,47.5091854,6.7794877,25200003,Système U,,Station U
node,3964055677,49.2658068,1.5383611,,Total,,Total
node,3964916196,43.6443422,1.4268919,,,,
node,3970003077,47.7353047,-3.3897117,56100003,Total,,
node,3971004738,43.2878955,0.0689702,65460003,TotalEnergies,Total,TotalEnergies
node,3977008797,16.2347770,-61.5322678,,BP,,BP Tissus
node,3979127822,45.6309423,4.4575979,69590002,Avia,,Station Service Avia
node,3982843215,18.0612177,-63.1106264,,Cadisco,,
node,3983713141,45.6799127,4.9582411,,AS 24,Total,AS 24
node,3986043887,49.2306275,4.0659283,,AS 24,,AS24
node,3986221917,48.5099101,3.7147137,10100001,Carrefour,,Carrefour
node,4002014901,-21.2975182,55.4390384,,,,Station service Engen
node,4002523769,49.0483344,3.9625532,51200001,Carrefour,,Carrefour
node,4007241186,43.5491228,3.7818618,34690004,Intermarché,Groupement des Mousquetaires,Intermarché
node,4008352397,43.4446009,5.5529372,13710004,Intermarché,,Intermarché
node,4011271248,-20.9587909,55.3219183,,Total,Total,Total
node,4011274485,-20.9415789,55.3095017,,,,Station Service
node,4012475862,49.2883647,0.1885834,14130007,Total Access,,Total Access
node,4012476695,49.2849824,0.2056441,14130004,Intermarché,,Station-service Intermarché
node,4016235943,50.0304034,3.9237556,59219001,Total,,
node,4020165422,43.7668340,0.3116150,32190003,Intermarché,,Intermarché
node,4030059383,48.4041919,5.6848945,88630003,Avia,,Avia
node,4033647684,43.2998801,3.2485070,34410009,Carrefour Contact,,Carrefour Contact
node,4035100382,48.2915361,6.1298427,88500004,Total,Total,Total Contact
node,4035298741,48.7839893,2.4471249,94000012,Esso,,Esso
node,4036260351,-21.2672130,55.5098028,,Total,Total,Station Total 3 Mares
node,4036260352,-21.2652424,55.5083039,,Vito,,Vito
node,4038104718,-21.2864456,55.4191016,,Total,,Total
node,4051339118,45.5763246,2.8039782,63240001,Total,,Total
node,4058165066,43.7896415,4.8333431,13210003,,,Trinité (24h/24)
node,4059581497,47.3875713,-0.4917971,,Elan,,Elan
node,4063030997,44.2321037,1.7561458,82160002,,,Le Relais du Causse
node,4063676299,43.8300598,1.7375328,81800004,Intermarché,,Station Service Intermarché
node,4063761314,43.8015252,1.5926544,31660001,Système U,,
node,4063802353,43.8985235,1.8861336,81600005,Elan,,Elan
node,4069532389,47.7383333,7.3364830,68100009,Total,,Total
node,4074231718,48.3982284,-0.0994218,,Elan,,Garage Feurprier
node,4078163949,48.8926752,2.3263624,,Elan,,Elan
node,4086291206,48.8788379,2.3024062,,,,
node,4086291207,48.8786148,2.3000583,,,,
node,4086392240,48.3172985,-2.2506362,22250001,Station U,Super U,
node,4090056096,45.7369059,3.0991642,63540002,Total Excellium,,Total Excellium
node,4095600718,45.9219305,5.2692620,,,Elan,
node,4095973193,44.6056339,4.9422897,26450003,,,Natura' Pro Cooperative
node,4096006698,44.8328037,-0.4060573,33370016,Carrefour,,Carrefour Contact
node,4096007357,44.6102984,4.9360110,,TotalEnergies,,Total Energies Contact
node,4103900592,44.1432346,1.4214833,,,,
node,4110017456,45.4462526,4.4068514,42000021,Dyneff,,Dyneff
node,4111993646,45.4334718,4.3328311,42230002,DL LUB S.A.S,DL LUB S.A.S,DL Lub
node,4112024944,42.7305471,1.7992100,9110003,Carrefour,,Carrefour Contact
node,4113608570,43.0742074,1.6439332,9340001,U,,Station Service Super U
node,4113715642,43.9453898,2.1332686,81000002,Total,Total,Total
node,4113802634,44.0322722,2.1572360,,Elan,,Station Service Élan
node,4113821589,44.0475864,2.1580854,81400002,Total,,
node,4115870190,48.9834182,2.5436111,93290005,Total,,Relais Total de la Croix Pigeot
node,4117047948,47.6183528,-0.7214886,49220003,Total,,Total
node,4123018727,43.5855845,3.7711365,34570001,Total,Total,Total
node,4127641764,44.0428742,6.1280832,4510003,Avia,,Avia
node,4127976323,46.2992817,3.2963851,3500007,Intermarché,,Intermarché
node,4133748705,47.7777927,7.1332203,,,,
node,4133796594,-20.9177147,55.5145041,,,,Station Service de la grande montée
node,4136007906,47.7945038,7.1717122,68701001,Total,,Station Total
node,4136890311,47.7888643,7.3874172,68390003,Avia,,Avia
node,4139254799,45.6313628,4.4583020,,Elan,,Elan
node,4139256590,45.6609514,4.5651575,69850001,Total,,Total
node,4139262547,48.7746709,-0.1745017,,,,
node,4139307807,48.7633847,-0.2436064,,,,
node,4142724979,46.2655727,5.5208292,,Elan,,Elan
node,4142756117,49.5764685,3.6560670,,AS 24,,As24
node,4143039017,44.1380586,2.1651825,81190001,TotalEnergies,TotalEnergies,TotalEnergies
node,4144066291,44.1986023,2.3393566,12800002,Intermarché,Intermarché,Intermarché
node,4144067463,44.1878220,2.3609009,12800003,,,Energie
node,4146731682,48.2294265,0.1278632,72170001,Station U,Super U,
node,4146800627,48.2881074,0.0214557,72130001,Système U,,Station U
node,4149639815,47.1066380,3.5117815,58330001,,,Maxi Marché
node,4151919767,43.4503018,2.0644308,81540001,U Express,U Express,Station Service U
node,4157893764,-21.2785188,55.5248567,,Ola,,Ola Energy
node,4160664358,-21.3118804,55.4962879,,,Station Tamoil,Station service Tamoil
node,4162870393,45.5600548,2.6199542,63690002,Total,,Total Tauves
node,4166023660,43.8948454,2.3418250,81430001,Elan,,Station Service Élan
node,4169982353,46.9223837,3.2687368,58160001,Avia,,Avia
node,4169982375,46.9418403,3.2588077,58160003,Intermarché,,Intermarché
node,4173425821,46.4361424,1.2910073,,,,
node,4174577638,-21.0141394,55.2655999,,,,Elf
node,4176406689,45.2832239,2.6600029,15400002,Esso,SARL Jouve,Esso
node,4177935491,47.7825766,4.8527709,,Avia,,Avia
node,4185968547,45.5015942,5.1291630,38440004,Auchan,,Auchan
node,4186887391,49.0750096,6.0962831,57130004,TotalEnergies,,TotalEnergies
node,4188788989,-22.1538667,166.9101968,,,,
node,4193978962,44.9103173,4.8837631,26000007,Esso,,Esso
node,4194081481,47.4832748,6.8351524,25700003,Total,,Relais du Doubs
node,4194081483,47.4862756,6.8439017,25400003,Intermarché,,Intermarché
node,4194082204,48.5245521,7.7836146,67000027,TotalEnergies,,Relais du Rhin
node,4195961147,47.3394738,-3.1597750,,,,
node,4197443840,45.4675794,4.3844951,42270003,Esso,,Esso
node,4197466392,49.6506942,3.2810981,2700001,Total,Total,Relais de Paris
node,4197617198,49.0159699,2.2085424,95150002,Carrefour,,Carrefour
node,4200287203,49.2688809,-0.2579645,14150001,Esso,,Esso
node,4200542678,48.0913213,-1.6798482,35200008,U,,
node,4202349594,47.8810969,1.9524659,45560001,Carrefour,Carrefour,Station Service Carrefour Market
node,4203340162,-12.9344461,45.1542178,,,TotalEnergies,TotalEnergies Chirongui
node,4210742789,44.3407301,6.3783718,4140001,Intermarché,,Intermarché
node,4212356637,43.2963022,3.2561565,34410007,Dyneff,,Dyneff
node,4212619401,47.2778467,-2.4667150,44740002,Avia,,Avia
node,4212661239,46.9895807,3.1868659,58000011,,Total,Station du Petit Canal
node,4212720451,45.6417513,5.1306948,38290005,U,,
node,4213489398,45.0722028,4.9582072,,,Garage Martin,
node,4216021689,45.0682798,5.0505961,26540001,Carrefour,Carrefour,Carrefour
node,4216109190,45.3414688,5.0479231,38270005,Carrefour,,Carrefour Market
node,4221746092,45.7548179,3.1294760,,Total,,Total
node,4221822059,46.9882291,-0.4409603,79510002,Total,,Total Contact
node,4222582295,47.1337767,-1.3533413,,,,
node,4224120190,44.8703815,3.2524799,48200007,Esso,,Esso
node,4225805489,47.6311285,-2.1009080,56350002,Intermarché,Intermarché,Station-service Intermarché
node,4225968310,48.5211712,7.6934355,,,,station GNV
node,4225978908,47.5041322,6.8071533,,,GNVert,station GNVert
node,4225982857,43.6119946,1.4266636,,,GNVert,station GNVert
node,4228728447,48.7949895,2.3371574,,Auchan,Auchan,Auchan Supermarché
node,4228893005,45.7581611,4.8965777,,,GNVert,Station GNC de Villeurbanne
node,4228912807,43.8637438,-0.5129518,,,,station DEFA
node,4228916370,46.0755964,6.3780212,,,Engie,station GNVert
node,4230956690,48.1272958,-3.0568432,56480001,,,Station 24/24
node,4232308612,43.2820414,2.4366683,11600005,Dyneff,,Dyneff
node,4239545695,44.6557996,1.3955176,,,,
node,4241152802,47.6972627,2.6318978,45500008,TotalEnergies,Total,TotalEnergies
node,4243513893,49.9192174,4.0844811,2500004,Total,Total,Total Excellium
node,4245040284,50.0266408,4.0313532,59610002,Carrefour,,Carrefour
node,4245301360,49.1373952,6.1805677,,AS 24,Total,AS 24
node,4247143296,45.3777194,4.7954165,38550001,Intermarché,,Intermarché
node,4252856645,47.6403379,6.8685130,90000002,TotalEnergies,,Total
node,4253402339,45.4380235,4.7693302,38370003,E.Leclerc,S.A.S. Clairdis,Station Service E. Leclerc
node,4254851994,48.5822344,1.9369532,78730001,Auchan,,Auchan
node,4255805288,43.6557659,3.9961762,,AS 24,,AS 24
node,4257020983,49.8423300,4.5368474,8150001,Carrefour,,Carrefour
node,4257458349,49.8693457,4.1884674,,Total,Total,Total
node,4258542720,43.3340578,5.4024188,13014010,Avia,,Avia
node,4259103193,46.5636623,3.3553021,3400003,Avia,,Avia
node,4263022915,46.5637118,0.8702334,86310003,Total,,Total
node,4264759007,46.1761317,3.8715158,42310001,Avia XPress,,Avia XPress
node,4265239940,50.0174379,4.0520674,59610001,Auchan,,Auchan
node,4266300634,49.5315288,3.8559313,2280001,Intermarché,,Intermarché
node,4268355949,48.4025742,-4.2615283,,,,
node,4278450402,48.0438954,-4.4895999,29790002,Super U,,Super U
node,4280668743,45.8210660,5.1992715,1800002,Elan,,Elan
node,4280727509,43.3857696,0.8347685,31230004,Total,,Total
node,4280727510,43.3893331,0.8377529,31230003,Intermarché,,Intermarché
node,4283571689,48.1663337,-2.7513349,22600002,Total,,Total
node,4283973200,48.4109569,-4.0867942,29450001,La Station U,,La Station U
node,4283973202,48.5960918,-3.8148311,,AS 24,,AS 24
node,4287222089,45.7658761,5.0124587,69330001,Carrefour Market,,Carrefour Market
node,4288016161,49.0648680,3.9625780,51200005,E.Leclerc,,E. Leclerc
node,4291107265,48.5809152,-3.8639504,29600004,Total,Total,Total
node,4293513609,47.5558568,5.6783330,70180003,DATS 24,,Dats 24
node,4294221886,47.6125346,6.1581056,70000007,Intermarché,,Intermarché
node,4294507200,45.8839076,0.5819707,16270001,U,,U Express
node,4294514704,48.8963124,2.2871355,92300014,BP,,Station BP Levallois Président Wilson
node,4294610292,-20.8857071,55.4699518,,Total Access,,Butor
node,4296326892,-21.2797872,55.4340058,,,,Station Tamoil
node,4296575083,45.7089656,0.7560848,,,,Dupuy Sarl
node,4296625940,45.7075192,0.7598056,87440001,Casino,,Casino
node,4297644626,44.8112173,4.1884459,,,,
node,4297844816,47.3380786,1.6661143,41200009,TotalEnergies,,TotalEnergies
node,4301767004,43.3349960,5.4538462,13013018,Casino,,Casino Marseille Delprat
node,4308609046,43.4748072,-0.9166920,64270002,Carrefour,,Carrefour
node,4308953984,42.7277512,2.4427723,,Aire des Fenouillèdes,,Aire des Fenouillèdes
node,4311474092,44.8208687,4.0617324,,Elan,,Elan
node,4311645578,45.7509606,5.1902656,38230002,Total,,Total Énergies
node,4311705723,47.5121784,6.9985905,90100003,Intermarché,,Intermarché
node,4312288823,45.4876109,4.8033307,69420002,E. Leclerc,Leclerc,E. Leclerc
node,4314193289,-21.2899181,55.4122886,,,,Station Engen
node,4318427796,44.8979325,4.6485727,7240002,Intermarché,Intermarché,Intermarché
node,4318564019,43.0871748,1.1938273,,,,
node,4318691182,43.6490172,1.4842046,31240002,Elan,TotalEnergies,
node,4320722282,43.6816031,0.1827223,,,,Libreco
node,4324333731,46.6319527,5.2402156,71500007,Avia,,Avia
node,4325320300,45.6858041,5.2863489,38460005,,,Mancipoz
node,4329136824,45.3377894,3.2742099,43360004,Avia,,Avia PL
node,4329603436,47.5106530,0.1133170,49490001,Intermarché,,Intermarché
node,4330645489,50.1643176,4.0268683,59216002,Carrefour,,carrefour contact
node,4332072990,-21.2730563,55.4487205,,,Engen,Station service Engen
node,4332360356,45.6306706,4.8188192,69360018,Avia,Avia,Avia
node,4334285623,47.3851809,-2.2028539,44720005,Carrefour Contact,,Carrefour Contact
node,4340851670,43.9643879,1.2453470,82700002,Intermarché,,Intermarché
node,4340901958,45.4169056,2.5032708,,Avia,,Avia
node,4342471025,47.1113459,1.0050370,37600004,E.Leclerc,E. Leclerc,Station Service E. Leclerc
node,4344876556,46.0600143,4.4895878,69870001,Total Contact,Total,Total Contact
node,4346448791,43.9378549,1.3166309,,,,
node,4347533701,45.3905289,3.9466821,42550001,Intermarché,Intermarché,Intermarché
node,4349046853,45.3549840,3.9509995,43500004,,,Station communale
node,4350241974,48.5323308,5.2662241,,,,
node,4351959074,44.9860729,2.4172912,15250001,Total,,Total Jussac
node,4352483043,43.5926506,2.2545459,81100006,Netto,,
node,4352495145,45.0472931,4.2468153,,,,
node,4352570688,48.1781630,1.3742530,28800004,Carrefour Market,Carrefour,Carrefour Market
node,4355440257,49.2965426,-1.5442915,50250003,Total,,Total
node,4356890573,-20.9622217,55.3263748,,,,
node,4357919162,45.1462705,0.0051180,24490002,Intermarché,,Intermarché
node,4358043145,44.4777131,1.2942125,46140002,Spar,,
node,4362512630,45.1810822,4.3141373,43290002,TotalEnergies,Total,TotalEnergies
node,4370377393,46.3833293,5.8618221,39200007,Avia,Avia,Garage Parisi Claude
node,4373606549,45.5223302,3.9118409,63660001,,,Station Service Intercommunale
node,4374143015,43.3998607,5.2625703,13180001,,,Station Super 2000
node,4374598136,44.5641064,4.5936290,,Elan,,
node,4374809389,43.6763595,4.0777858,,,,Gaz Naturel pour Véhicule Metano
node,4374905589,48.5435887,7.5736368,,Air Liquide,Air Liquide,L/CNG station
node,4374905989,48.7520273,2.3651551,,,,CNG
node,4375548248,44.4186011,0.5568044,,,,Station service
node,4375676021,46.3076261,4.6026812,,,,
node,4375838789,49.4026972,1.1126931,,,GN Drive,Station GNV
node,4376797548,-21.3240323,55.4471579,,Tamoil,,Tamoil
node,4376804626,-21.3620112,55.5312711,,Tamoil,,Tamoil
node,4376812489,-21.3665352,55.5577668,,Tamoil,,Tamoil
node,4378937780,44.4277081,5.7170669,5700001,Système U,,Station U
node,4379526890,43.7368945,2.5843152,,,,
node,4381931171,47.3411201,4.9965739,21240003,Super U,,Super U
node,4382336404,45.9656279,6.4406297,74450002,TotalEnergies,,Total
node,4383889601,48.1412707,-3.6021325,56110002,Intermarché,,
node,4386263703,46.4370265,1.8230668,36140003,TotalEnergies,Tisseron,Total
node,4386263724,46.5763394,1.9605920,36400006,,,Etablissements Aubrun
node,4386263726,46.7465263,1.8280100,36120001,Avia,,Avia
node,4386263728,47.2461700,1.6403918,36210001,Système U,,Station U
node,4386903557,44.9291743,5.0221979,26120004,Intermarché,,Station Intermarché
node,4387467539,45.5844282,4.9144608,38200016,Intermarché,,Intermarché
node,4387467540,45.5849661,5.0036801,38540002,,,AT.PG
node,4387467541,45.6289626,4.8195420,69360010,Système U,,Station U
node,4387467543,45.6362605,4.8700934,69360015,Total Access,,Relais de l'Ozon
node,4387467545,45.6674233,5.1418789,38290006,Avia,,Avia
node,4387467546,45.6697125,4.8504280,69320008,TotalEnergies,,Total
node,4387467547,45.7786366,5.2123306,1980001,Total,,
node,4388475667,45.9427016,5.4329850,1230002,Avia,,Avia
node,4388681435,47.0662332,1.8064303,,,Lesèche et Fils Sarl,Lesèche et Fils
node,4389809153,43.5927617,7.0569548,6220006,E.Leclerc,Leclerc,Station Service E. Leclerc
node,4391554320,48.1945559,5.1402847,52310001,Intermarché,Groupement des Mousquetaires,Intermarché
node,4391851319,49.1719539,-0.3301917,14120002,Total,,Total
node,4391851320,49.1691272,-0.3441823,14000010,Intermarché,,Intermarché
node,4392188483,50.6644840,3.0888953,59700004,Esso,,Esso
node,4392644967,49.5168795,2.9285869,60170003,E.Leclerc,,E. Leclerc
node,4392719383,47.0613747,2.3203567,18570002,Carrefour,,Carrefour
node,4394990287,44.9643159,4.9456219,26320002,Eni,Sarl CMS,Eni
node,4395594489,-22.6593491,167.4481709,,,,Station 3 sapins
node,4397402580,-21.3298412,55.4802255,,Tamoil,Tamoil,Station Tamoil
node,4397402581,-21.3294689,55.4806252,,Vito,Vito,Station Vito
node,4398616166,48.9058151,2.2364594,92250002,Esso Express,,Esso Express
node,4399516293,45.4430381,6.6537162,,Avia,Garage du Grand Bec,Avia
node,4399591785,43.1725378,-1.3508473,,Total,,Total
node,4401100562,50.5967284,2.9539164,59211002,Carrefour,,Carrefour
node,4401100573,50.6827857,2.8825119,59280001,Esso,,Station service Esso
node,4401100574,50.7148083,3.0013023,59890001,Carrefour,,Carrefour
node,4403934602,44.9999821,-1.1993199,33680003,,Shopi,Carrefour contact
node,4404151234,47.8277179,5.9066917,70500001,Carrefour,,Carrefour Market
node,4404977245,49.1261423,6.1785191,57000025,Eni,,Eni
node,4409267963,43.4307066,3.6103787,34140003,Eni,Eni,Eni
node,4410262032,43.9512724,5.0272786,84740002,TotalEnergies,Total Energie,TotalEnergies
node,4410690115,43.2039121,1.2289853,31310002,,carrefour contact,
node,4411257300,43.4252323,3.6012845,34140004,Intermarché,,
node,4413669818,45.5407058,4.1808901,42450002,Super U,Super U,Super U
node,4415015173,50.4336998,2.8354641,62300012,Total,,Total
node,4416156617,51.0626261,2.5217873,59123001,Carrefour,,Carrefour
node,4416156646,50.9951112,2.3672977,59180001,Carrefour,,Carrefour
node,4416156653,51.0336805,2.4019585,59210003,Intermarché,,Intermarché
node,4416174494,50.8053757,2.5831730,59114004,Carrefour,,
node,4416174496,50.8043072,2.5774156,59114003,Super U,,Super U
node,4416216711,50.7317016,2.7452892,59270003,Intermarché,,Intermarché
node,4416232174,50.6806757,2.8602630,59193003,Carrefour,,Carrefour
node,4416273365,50.6659828,3.0439252,59520001,Intermarché,,Intermarché
node,4416314467,50.5812097,3.1113095,59817002,Shell,,Shell
node,4416314473,50.5818288,3.1115643,,AS 24,,AS24
node,4416314483,50.6433890,3.1438178,59650011,BP,,BP
node,4416373666,50.5187902,3.2050651,59242006,Total,,
node,4416387347,50.5278652,3.1077882,59710002,Intermarché,,Intermarché
node,4417698653,50.9819653,2.5840270,59279004,Carrefour,,Carrefour
node,4417799302,50.9445624,2.1193387,62370002,,,G20
node,4417864153,50.9402241,2.1994141,59630002,Carrefour,,Carrefour
node,4417893580,50.8713410,2.0719373,62370001,,,Station-service Carrefour
node,4417938283,50.8480067,1.9960501,62610004,TotalEnergies,,Total
node,4417938537,50.8521903,1.9871485,62610002,Auchan,,Auchan
node,4418451796,50.3464451,3.1482443,59287002,Carrefour,,Carrefour Station
node,4419149247,50.7700555,3.0836573,59166001,Intermarché,,Intermarché
node,4419266429,50.7229802,3.1810146,59200006,Intermarché,,Intermarché
node,4419304044,49.4644249,4.1114885,8190001,Total,Total,Total
node,4421088111,48.5028831,4.9444213,52130003,Avia,,Avia
node,4421805289,48.6779638,-1.0280795,50520001,,,Station-service Municipale
node,4423403990,49.3134324,-0.9057973,14710001,,,Station service Communale
node,4423748979,43.7907224,5.0279433,13660005,Intermarché,,Intermarché
node,4424241432,48.4839538,4.7726971,52220001,Total,Total,Total
node,4425648698,49.4350283,3.9669287,2190007,Carrefour,Carrefour,Carrefour
node,4426152589,49.2482939,3.9949678,51430007,Total,,Total
node,4434732793,48.6567198,2.3841373,91350002,TotalEnergies,,TotalEnergies
node,4435873615,44.4416614,0.6310474,47440001,Total,RIEUCAUD Jérôme,Total
node,4437081526,-20.6673453,164.9341042,,Mobil,,Station Mobil
node,4437416889,50.5300804,2.8048994,59480002,Intermarché,,Intermarché
node,4437507293,50.5206342,2.7943449,62138002,Carrefour,,Carrefour
node,4438241789,50.6257607,2.7727769,62840006,Carrefour Contact,,Carrefour Contact
node,4439166094,42.6893776,2.8784143,66000012,Petrop,,Petror
node,4443777933,45.8979911,1.2945669,87280008,TotalEnergies,,Relais Total Access Limoges Grossereix
node,4444529227,44.1258987,3.3932709,30750001,Dyneff,,Dyneff
node,4446331211,48.4920551,-2.7388588,,Total,,Total
node,4447928863,47.9841111,4.4932355,10250001,Avia,,Avia
node,4452274848,45.8521824,1.2544269,87000024,U,,Station U
node,4453940663,48.3932471,4.5310590,10500005,E.Leclerc,,Station Service E. Leclerc
node,4455724853,48.7725481,-3.0390429,22500001,Carrefour,Carrefour,Carrefour
node,4456803544,47.6829897,5.2936417,,Avia,,Avia
node,4456939033,47.6581642,5.2903107,,Elan,Total,Elan
node,4456978978,47.9478123,5.0103911,,Elan,Total,Elan
node,4460317010,47.8038969,5.4261987,52600001,Avia,,Avia
node,4460317030,47.8043763,5.4344175,52600004,Intermarché,,Intermarché
node,4463250147,44.8626051,1.0398946,24220002,Carrefour Market,,Carrefour Market
node,4464857411,49.6118003,5.0741059,8210001,Esso,,Esso
node,4466354069,43.8113584,1.3594111,31620013,E.Leclerc,,Station Service E.Leclerc
node,4466549897,43.7652884,1.3694646,31620007,FAL Distri,FAL Distri,FAL Distri
node,4468552743,45.1838714,4.3139685,43290001,,,Station Blanchard
node,4468706387,44.2311841,1.2018941,82110002,,,Aire C
node,4470212302,48.8665803,1.4220502,,,,
node,4473431726,44.1103960,3.0820134,12100002,TotalEnergies,,TotalEnergies
node,4473580203,49.5028551,0.2097889,76700004,Elan,,Elan
node,4473617504,49.5034349,0.2077747,76700001,,,Aviva
node,4477993572,50.5110941,1.6221085,62520001,Carrefour,,Carrefour
node,4484036662,48.0899455,5.1455814,52000008,TotalEnergies,Total,Total
node,4489106191,46.2763969,5.6603154,1100004,Avia,,Avia
node,4492927574,43.9424886,4.8160813,84000018,TotalEnergies,Total,Total Semard
node,4496520370,43.0121899,1.4311617,9240004,Carrefour,,Carrefour
node,4496905378,45.1253436,1.7235051,19190001,Carrefour,,Carrefour
node,4497524228,43.2657514,2.7167027,11200007,Système U,,Utile
node,4497524276,43.2519390,2.6514950,11700005,Intermarché,,Intermarché
node,4497661189,44.0581632,5.1169827,84200003,Independent,,Station B. L'Hôte
node,4503854092,44.0456229,4.1457074,30360002,Carrefour,,Carrefour
node,4514404611,48.5503452,-3.1126715,22200006,Total Access,,Total Access
node,4515772179,42.6357956,3.0338085,66750004,TotalEnergies,,TotalEnergies
node,4519111028,47.5795867,6.7649955,70400001,Total,,Total
node,4519163118,47.4594740,6.8662095,25230002,Intermarché,,Intermarché
node,4524086486,47.0701542,5.4133064,39500006,Intermarché,,Intermarché
node,4524959012,-21.3141113,55.4759354,,Engen,Engen,Engen
node,4528465860,48.4313307,-2.2180029,22980002,Intermarché,,
node,4529130717,47.6161985,4.3177463,21500003,TotalEnergies,,TotalEnergies
node,4541211445,48.9775682,2.2913862,95600001,TotalEnergies,,TotalEnergies
node,4541694026,50.6037671,2.1832484,62560002,Elan,,Station Lemaître
node,4542409545,48.9615273,2.2959402,,Elan,,Elan
node,4543614411,47.9085737,4.7142093,,Avia,,
node,4547248183,43.3622731,5.3482941,13463001,Carrefour,,Carrefour
node,4548421032,48.5271443,7.5680418,67120005,E.Leclerc,,E. Leclerc
node,4550712147,47.8029490,7.3365843,68270003,Système U,,Station U
node,4550712152,47.7759264,7.3785327,68390002,Shell,Real Sarl,Shell
node,4550712153,47.7680710,7.3830580,68110006,Total Access,,Total Access
node,4551487021,46.9912175,-2.2497458,85330003,Système U,Super U,Système U
node,4558868512,47.4768048,4.0121692,89420007,Esso,Ets Guillemeau,Esso
node,4560375462,48.6476315,4.8677208,52100016,TotalEnergies,,TotalEnergies
node,4568076206,43.7687313,1.2959506,31330005,Esso,Esso,Teulade
node,4569286110,45.4464290,0.4670578,24340002,Carrefour,,Carrefour Contact
node,4570836310,48.8253920,4.9927587,55800002,Intermarché,,Intermarché
node,4571242703,49.1239002,6.7793489,57470004,E.Leclerc,E. Leclerc,Station Service E. Leclerc
node,4571763709,50.2278320,3.3185819,59141002,Carrefour Contact,,Carrefour Contact
node,4572968753,44.3901541,-0.0486766,33690001,,Total,
node,4574540189,43.1798963,3.0293645,11101001,Carrefour,,Carrefour
node,4574540190,43.1872743,3.0035322,11100009,Esso,,Esso Mistral
node,4574540191,43.1913076,3.0073999,11100002,Dyneff,,Dyneff
node,4574540192,43.1820289,3.0153486,11000013,Intermarché,,Intermarché
node,4574540193,43.1611610,2.9880834,11100010,Esso,,Esso
node,4574540194,43.1626222,2.9897638,11100008,Esso Express,,Esso Express Croix Sud Est
node,4577025170,47.3900442,-2.4317810,44350007,Avia,Avia,Station Essence
node,4577991184,49.9605252,3.2315952,2420001,Total Contact,M. BELOT PASCAL,Total Contact
node,4581757186,43.1602914,2.9823984,11100016,Auchan,,Auchan
node,4581852724,43.1807398,2.9696729,11106001,E. Leclerc,E. Leclerc,Station Service E. Leclerc
node,4583913998,47.7344732,6.8295743,90200003,Total,,Total
node,4584499603,46.7610815,-1.8378089,,,Brétéché,Le Manureva
node,4585661298,49.4919836,3.3348902,2380002,Total Access,,
node,4585855641,46.5246367,6.0215948,39402001,Avia,Morez Automobiles,Avia
node,4585932495,46.3085583,4.8145596,71850004,Avia Xpress,,
node,4585932497,46.3525078,6.6157812,74500003,U,,Station U
node,4585932500,46.2680540,6.2628039,74140006,Avia,,Avia Xpress
node,4586835422,43.1081698,3.0911528,11430001,Dyneff,Dyneff,Dyneff
node,4587763295,47.8817198,6.3963685,70220003,DATS 24,,Dats 24
node,4587763296,47.8746140,6.3904741,70220001,,,Relais du Kirsch
node,4587763297,47.8049139,6.3833175,70300009,Total Contact,SARL BOCHER GUILLOT,Total Contact Saint-Sauveur
node,4587763298,47.8108016,6.3631444,70300012,Intermarché,,Intermarché
node,4587763300,47.7745741,6.3653345,70300006,Avia,,Avia
node,4588186329,46.0695890,6.3184913,74800005,Carrefour,,Carrefour Market
node,4588499328,-20.9172043,55.5297781,,Engen,,
node,4589595752,48.8658017,1.7971849,78770001,G20,,G20
node,4590536345,43.2976466,5.4964877,13011028,Carrefour,,Carrefour Contact
node,4590536872,43.2990395,5.4999305,13011019,,,La Source
node,4590698295,48.8967711,2.8020679,77700002,Carrefour,,Carrefour Market
node,4593353722,46.3253798,5.6716347,1590002,Intermarché,,Intermarché Drive
node,4593693950,49.0878672,6.1561145,57950002,Super U,,Super U
node,4594282301,47.7384416,7.2942060,68200019,Total Access,,Total Access
node,4598277911,47.5836136,1.7776793,,,,
node,4598556219,48.5159692,2.6262604,77190006,TotalEnergies,,Total Access
node,4605338086,43.3168789,5.4043559,13013014,Eni,Eni,Eni Marseille Saint-Just
node,4609712089,42.8803824,2.5546154,,,Mairie de Rouffiac des Corbières,Station service municipale de Rouffiac
node,4611634394,48.9351049,2.4734460,93150009,,Total,
node,4618630479,47.9860829,-4.4241954,29143001,Intermarché,Intermarché,Intermarché
node,4622668991,49.4623719,1.2571834,76116003,Total,,Total
node,4625444993,44.8556834,0.4788119,24100019,Avia,,Avia
node,4625737780,44.9867630,0.6649492,,,,
node,4628187990,50.7283504,2.5427854,59190010,TotalEnergies,SARL ETS TROLLE,TotalEnergies
node,4629028239,45.1709455,5.7242518,38100003,Esso,,Esso
node,4638866990,48.9534005,0.9508451,27190002,,,Station marché
node,4640196489,-20.8978859,55.4916423,,TotalEnergies,,TOTAL
node,4645154952,47.9628960,3.5025167,89400002,Esso Express,,Esso Express
node,4645454892,46.9367369,-1.0571722,85130007,Total,,Total
node,4646999415,44.7381457,5.0045893,26400010,Auchan,,Auchan
node,4647664891,48.8391937,2.3887244,75012020,Total,,Relais de Bercy
node,4650981655,44.5670475,4.7588136,26200004,E.Leclerc,,Station Service E. Leclerc
node,4653682907,50.9380091,1.8820190,62100028,Esso,BP,Esso
node,4653682908,50.9582858,1.8804442,62100014,,Ets Caron,Ets Caron
node,4655841833,50.9648545,1.8878251,62100029,BP,,BP
node,4655902018,50.9469671,1.9101746,62100012,Esso,,Esso
node,4656354404,50.9139865,1.9222064,62137001,Esso,,TotalEnergies Access - STATION DES PRINCES
node,4656553077,50.8301785,2.5800835,59114007,Dyneff,,Dyneff
node,4656572196,50.7977450,2.4940881,59670001,Carrefour,,Carrefour
node,4656656239,50.6389756,3.0206575,59160003,Avia,,Avia
node,4656686233,50.6938412,3.0906404,59910001,Carrefour,,Carrefour
node,4656902696,50.6024985,2.9423317,59320006,Total Access,,Total Access
node,4657025009,50.6119033,2.4762429,62330001,Carrefour,,Carrefour
node,4657025020,50.6166336,2.6864158,62136001,Total,,Total
node,4657071833,50.6295896,2.3906041,62120006,Esso,,Esso
node,4657097313,50.6213446,2.3925553,62120009,Intermarché,,Intermarché
node,4657147359,50.5718893,2.3810272,62120017,Avia,,Avia
node,4657248219,50.5459229,2.6609999,62400003,Carrefour,,Carrefour
node,4658928136,49.6970136,4.9189588,8200004,Esso Express,,Esso Express
node,4659457291,48.6446010,2.5562869,,Q8,,Q8
node,4660244587,50.5843742,3.0842527,59155007,Total Access,Total,Total Access
node,4660244588,50.7838630,3.1402809,59250001,Total Access,,Total Access
node,4660262458,50.5494107,3.0485983,59113006,E.Leclerc,E. Leclerc,E. Leclerc
node,4662970600,50.4700802,2.9972014,62590001,,,Match
node,4662970605,50.4857468,2.9974695,62820003,Total Access,,Total Access
node,4662992417,50.4650107,3.0290719,59162001,Intermarché,,Intermarché
node,4663057338,50.5115607,2.8567314,62138001,Auchan,,Auchan
node,4663388619,50.4219184,2.7737164,62800001,Carrefour,,Carrefour
node,4663410275,50.4564363,2.6821336,62114002,Total,,Total
node,4663434707,50.4847600,2.6586906,62290003,Esso,,Esso
node,4663498300,50.5022416,2.6520979,62131001,Intermarché,,Intermarché
node,4663511110,50.5254145,2.6506596,62400002,Carrefour,,Carrefour
node,4663584588,50.5170918,2.6829059,62660001,Carrefour,,
node,4663717419,50.5117435,2.6854540,62660003,E.Leclerc,,Station Service E. Leclerc
node,4663733128,50.5122852,2.7460420,62149001,Esso Express,,Esso Express
node,4664381500,46.3138609,1.4174388,87160008,Shell,Shell,Station Shell
node,4664999468,50.4529981,2.6056705,62620002,Carrefour,,Carrefour
node,4665045362,50.4606038,2.6165071,62620001,TotalEnergies,,TotalEnergies
node,4665110189,50.4521321,2.6370175,62530001,Intermarché,,Intermarché
node,4665385241,50.4583061,2.9760157,62110004,Total Access,,Total Access
node,4665432436,50.4195717,2.9270506,62640002,TotalEnergies,,Total
node,4665669220,50.3921825,2.9088938,62320001,Carrefour,,Carrefour
node,4665684666,44.6434099,0.5936335,47330001,Intermarché,,Intermarché
node,4665688091,50.2777255,2.8225979,62217007,Total Access,,Total Access
node,4665822188,50.2782317,2.5328267,62810002,,,Total Avesnes
node,4665835497,50.3790331,2.3468587,62130002,,Esso,
node,4665983817,48.8169873,1.3441275,27810001,Carrefour Contact,,Carrefour Contact
node,4666938500,50.4658861,2.5654156,62940001,Carrefour,,Carrefour Market
node,4667004639,50.4682289,2.5022453,62460002,Carrefour,,Carrefour
node,4667256257,50.3735751,2.0474105,62140002,Total,,Total
node,4667304742,50.3998628,2.1023277,62770001,Carrefour,,Carrefour Contact
node,4667382086,50.4215353,1.8897658,62990001,Carrefour,,Carrefour Market
node,4667606089,50.3977477,1.8774730,62870002,Carrefour,,Carrefour
node,4667646726,50.4825827,1.7582962,62170003,E.Leclerc,E. Leclerc,Station Service E.Leclerc
node,4668192107,50.8399415,1.7742085,62250009,Carrefour,,Carrefour
node,4668499989,50.8165009,1.7027850,62250005,Total Access,Total,Relais de Marquise
node,4668563800,50.8124154,1.6987455,62250001,Carrefour,,Carrefour
node,4668781838,50.7354614,1.6214237,62280002,Esso,,Esso
node,4669013132,50.7112223,1.6006445,62230004,Total Access,,Relais d'Outreau
node,4670947313,50.6691632,1.8381956,62240005,Carrefour,,Carrefour
node,4671419985,50.5101717,2.1304451,62310001,Carrefour,,Carrefour
node,4671599363,50.7390999,1.8019761,62142001,Intermarché,Groupement des Mousquetaires,Intermarché Contact
node,4671683769,50.6189703,1.6424300,62152003,Total,,Total
node,4671715534,50.5707754,1.6133922,62176001,Intermarché,,Intermarché
node,4671787730,50.5158814,1.6450562,62630007,Carrefour,Carrefour Market,Carrefour
node,4671902496,50.5093907,1.6281114,62780004,TotalEnergies,,TotalEnergies
node,4672135722,50.4088260,1.5945111,62600005,Total Contact,,TotalEnergies Impératrice
node,4672242746,50.4076939,1.5711605,62600003,Carrefour,,Carrefour
node,4672372024,50.2558742,1.8748250,80150003,Carrefour Contact,Carrefour,Carrefour Contact
node,4672442456,50.1071724,2.8453334,62450006,Carrefour,,Carrefour
node,4672442457,50.2271665,2.1183318,62390001,Intermarché,Groupement des Mousquetaires,Intermarché Super
node,4672480110,50.0997674,2.8533654,62450003,Intermarché,,Intermarché
node,4672552724,50.1058055,2.8697175,62450004,E.Leclerc,,E. Leclerc
node,4675036642,44.7423530,-0.7065102,33610007,Shell,Shell,Shell
node,4676442656,50.4351251,3.0573818,62790001,Carrefour,,Carrefour Market
node,4676464606,50.4147310,3.1366978,59194001,Intermarché,,Intermarché
node,4676984477,50.4284316,3.1803105,59148003,Carrefour,,
node,4676997488,50.4205174,3.1063348,59286002,Carrefour,,
node,4678687229,50.2969633,3.9170735,59750004,Carrefour,,Carrefour Market
node,4678763855,50.2602709,4.0064345,59680001,Carrefour Market,,Carrefour Market
node,4680436882,45.1698223,-0.3343432,17210007,Avia,,Avia
node,4680619370,48.4587025,-5.0971286,,TotalEnergies,,TotalEnergies
node,4682009491,50.1286322,3.9368139,59440002,Esso Express,,Esso Express
node,4682100248,50.7140824,2.1098724,62380003,E.Leclerc,,E. Leclerc
node,4682124036,50.6646656,3.1405444,59650002,Match,,Station Match
node,4682176970,50.4243945,3.5643816,59278003,Intermarché,,Intermarché
node,4682204771,50.3693434,3.5320247,59300015,Total Access,,Total Access
node,4682204772,50.3698600,3.5451900,59880002,Total,,TotalEnergies Contact
node,4682204773,50.3745298,3.5404472,59300013,E.Leclerc,,Station Service E. Leclerc
node,4683043488,50.3539373,3.5350105,59300011,Auchan,,Auchan
node,4683043493,50.3535111,3.5201198,59300016,Total Access,,Total Access
node,4683043500,50.3663606,3.5129199,59300021,Esso,,Esso
node,4683060871,50.3344060,3.5166530,59300025,Carrefour,,Carrefour
node,4683083987,50.3428050,3.5617117,59770003,Total,,Total
node,4683135158,50.3475072,3.5525966,59770002,Carrefour,,Carrefour Market
node,4683143931,50.3970543,3.6417249,59243002,Intermarché,,Intermarché
node,4683150048,50.3407881,3.4683995,59174002,TotalEnergies,Total,TotalEnergies
node,4683181415,50.3265342,3.4890362,59125003,Total,,Total
node,4683222179,50.2176627,3.8495118,59138001,Total,,Total
node,4683235661,50.2105724,3.8308928,59620003,Intermarché,,Intermarché
node,4685566220,50.7089225,2.1158932,62380002,Système U,,Station U
node,4685570477,50.5144183,2.4733485,62260002,Carrefour,,
node,4685595663,50.3763517,2.8066614,62580003,Carrefour,,Carrefour
node,4685615470,50.4261758,2.8198380,62300018,Auchan,,Auchan
node,4685653739,50.3635213,3.0979443,59450002,Esso Express,,Esso Express
node,4686106296,45.2535910,1.4125713,19130002,Carrefour,,Carrefour
node,4687248867,50.3572452,3.2770218,59490001,Carrefour Market,,Carrefour Market
node,4687263615,50.3657238,3.2988271,59179002,Carrefour,,Carrefour
node,4687291526,50.3481941,3.2822727,59490002,Intermarché,,Intermarché
node,4687338163,50.3110668,3.3458648,59156002,Intermarché,,Intermarché
node,4687386752,50.2868375,3.3116527,59111001,Carrefour,,Carrefour
node,4687389514,50.3301507,3.2429286,59580001,TotalEnergies,,TotalEnergies
node,4688584287,50.3245582,3.3880002,59721001,Carrefour,,Carrefour
node,4688611978,50.4162902,2.9766628,62110001,Total,,Total Contact
node,4688931019,50.3323533,3.0033386,62490002,Système U,,Station U
node,4689035111,50.1740168,2.8736638,62128007,Avia,,Avia
node,4689113999,50.2838636,3.0978957,59151002,Carrefour,,Carrefour
node,4689116559,47.5030321,4.0349771,89420008,Avia,,Avia
node,4689146831,50.1693754,3.2321565,59400004,Esso Express,,Esso Express
node,4689219990,-21.0884720,55.2556496,,Tamoil,,Tamoil
node,4690376423,50.2595107,3.4183907,59198002,Total,,TotalEnergies Contact
node,4690404315,50.1920876,3.3846338,59129004,Carrefour,,Carrefour
node,4690417099,50.1626759,3.2488301,59400005,Carrefour Market,,Carrefour Market
node,4690417102,50.1845505,3.2244547,59400008,TotalEnergies,,Total
node,4690417830,50.1381877,3.3947200,59157002,TotalEnergies,,Total Le Jeune Bois
node,4690428440,50.1290012,3.4261545,59541001,E.Leclerc,E. Leclerc,Station Service E. Leclerc
node,4690452087,50.1170556,3.9367003,59197001,,,Match
node,4690807540,49.9728091,3.9202231,2260001,Carrefour,,
node,4690817132,50.0020063,3.6863133,2450003,Carrefour,,Carrefour
node,4690894909,49.9851860,3.4596131,2110001,Total,,Total
node,4690941416,50.1448411,2.7131236,62116001,Carrefour,,Carrefour
node,4691250189,-16.7325684,-151.4395809,,,,Pacific
node,4691813593,47.4244443,0.6824987,37100012,Système U,,Système U
node,4692419412,44.2881865,0.5079683,47360001,,Val Fleuri SARL,Aire C
node,4692915113,47.7939234,1.5257588,41370001,,,Garage Hurault
node,4694142224,46.2026504,5.2962208,1250005,TotalEnergies,Total,Station Total
node,4694200712,47.6523700,-2.7219554,56860003,Intermarché,,Intermarché Super
node,4694560904,45.6120779,5.2107591,38080007,Avia,SARL Karedemir,Avia - Aire de l’Isle d’Abeau
node,4694560905,45.6133321,5.2134282,38080006,Total,Total,Relais L'Isle d'Abeau nord
node,4696519694,-21.0892183,55.2570303,,TotalEnergies,,TotalEnergies
node,4698042464,50.3087838,2.9467363,,Elan,,Elan
node,4698380697,-16.6194315,-151.5458742,,Total,,Total
node,4699069589,45.3372039,1.0554228,24160002,TotalEnergies,,Total Excideuil
node,4699861359,-22.1846779,166.4365143,,Total,,Total Panda
node,4704796856,49.0613216,2.0844167,95520005,Esso,Esso,Esso
node,4706523950,47.4410274,6.7292166,25150006,Fulli,Fulli,Fulli
node,4707127024,47.2779155,-1.7196437,44360007,E.Leclerc,E.Leclerc,Station Service E. Leclerc
node,4711516881,44.2109716,0.6469721,47000009,Netto,,Netto
node,4715474560,43.2343968,-1.2965283,64780001,E. Leclerc,,E. Leclerc
node,4716138884,44.8660977,4.8647363,26800002,Avia,Avia,Station Avia
node,4716445178,44.5151693,4.7803492,26780008,Shell,,Shell A7 - Aire de Montélimar Ouest - Allan
node,4716445179,44.5131581,4.7819277,26780009,Shell,Shell,Shell - A7 - Aire de Montélimar Est - Allan
node,4716445184,44.5164296,4.7850967,,Shell,Shell,Shell
node,4716595578,43.0931609,1.7222304,,Nervol,,
node,4716716729,45.3457706,5.4790705,,TotalEnergies,,TotalEnergies
node,4718834308,43.8751496,4.4486692,30320006,TotalEnergies,Total,TotalEnergies
node,4718869887,43.8687770,4.4392175,30320009,Eni,,Eni
node,4721441689,-21.6321665,166.2081643,,Total,,Total
node,4721814708,44.2297246,0.6767830,47480002,Intermarché,,Intermarché
node,4723794690,49.2555543,4.0467359,51100015,Esso Express,,Esso Express
node,4727315457,43.1011420,-0.1513438,,Elan,,
node,4731934943,45.4266177,5.7563013,38380001,Netto,,Netto
node,4732280345,43.4143291,5.9179600,83170009,Dyneff,Auto Primo,
node,4733812762,45.5926569,5.8838148,73290008,Eni,,Agip
node,4734228346,42.9842826,1.8719086,9600001,Intermarché,Groupement des Mousquetaires,Intermarché
node,4734607991,43.7209810,1.2941538,31330004,Intermarché,,Intermarché
node,4734626927,44.8173702,3.1169357,48310001,,,Rossignol
node,4738032223,49.1071397,7.0887588,,,,
node,4745725975,45.4369753,1.3966537,19210001,Super U,,
node,4747450212,49.1789206,-0.1906398,14670001,Super U,,Station U
node,4750644486,45.3684507,1.7186571,19700001,Super U,,Super U
node,4751488729,45.3591235,5.5948957,38500006,U Carburant,Magasins U,U Carburant
node,4753431287,-21.3598706,55.7660278,,Total,Total,Total
node,4754206331,49.1119028,7.3168815,,Elan,,
node,4754930023,49.2767061,2.4866017,60180001,Auchan,Auchan,Auchan
node,4764500571,-21.3055001,55.4979401,,,,Station Engen
node,4769165131,48.5808102,-0.6404040,61700002,Intermarché,,Station Service Intermarché
node,4769778286,49.6281213,1.1765291,76850001,Carrefour,,Carrefour Market
node,4770026649,48.0273059,-0.7732448,53970001,,U Express,
node,4771134309,43.7270295,5.1601614,13370005,,,Relais de Douneau
node,4779361207,48.4156467,-2.8219571,22940002,Intermarché,,Intermarché
node,4786091302,47.2634993,-1.5087392,,AS24,AS24,AS24 Nantes est
node,4786728458,47.7121420,5.8876267,70120002,Avia,,Avia
node,4786728459,47.8290379,5.8914975,70500002,Intermarché,,Intermarché
node,4786809367,47.8221575,6.3862550,70300004,,,Station Maison du Pneu Mariotte
node,4786809369,47.7910756,6.3918986,70300007,E. Leclerc,,
node,4786809371,47.9940805,7.3795316,68127001,Avia,,Station-service Avia
node,4786809372,47.8766522,7.0193025,68550001,Auchan,,Auchan
node,4786809373,47.5540005,7.3126453,68640001,Intermarché,,Intermarché
node,4786809374,47.6311770,7.1155186,68210001,Total,,Total
node,4787126133,48.9953722,-1.0852141,,,,
node,4792262112,49.7921311,0.6335397,76450001,Carrefour,,Carrefour Market
node,4793084983,47.3927894,4.4276778,,,,
node,4794922462,44.2537199,0.3751086,47130001,Intermarché,Groupement des Mousquetaires,Intermarché Super
node,4795394318,47.5197974,-0.8794909,49370002,Intermarché,Groupement des Mousquetaires,Intermarché Super
node,4798890133,45.2724685,1.6690106,19330001,Avia,,Station essence Avia
node,4805435922,44.6651119,4.7913889,26740003,TotalEnergies,,TotalEnergies
node,4805837327,44.8656933,4.8665330,26800007,TotalEnergies,Total,Relais Total du Valentinois
node,4805837328,44.8664765,4.8664867,,TotalEnergies,Total,TotalEnergies
node,4807208296,47.8523646,3.9854448,89700001,Auchan,Auchan,Auchan
node,4809869953,49.1683951,5.3867459,55430001,Intermarché,,Intermarché
node,4811670355,45.3932187,2.4933105,19110003,TotalEnergies,,Total
node,4815478863,45.3595125,1.9371965,19800005,Shell,Shell,Shell
node,4818063576,43.4710671,4.9075011,13270012,Total Access,,Relais Fos-sur-Mer
node,4818065521,43.4715427,4.9078878,13270011,Total Access,,Relais Fos-sur-Mer
node,4822844643,49.9624505,1.6575333,80140006,BP,,
node,4822844644,49.9641199,1.6573832,80140005,BP,,
node,4822889678,44.0706547,-1.2303025,40170004,Carrefour,Carrefour,Carrefour
node,4825440876,49.4486679,0.9687886,,Elan,,Elan
node,4827354191,48.3046221,6.3882783,88440001,DATS 24,Colruyt Group,DATS 24
node,4827354192,48.2613450,6.4093888,88150005,Super U,,Super U
node,4827354193,48.1919664,6.4394959,88000009,,,Relais des images (Total)
node,4828767421,49.0707281,2.5532759,95470009,Esso,,Esso
node,4829594052,47.5506957,5.8571485,70130001,Avia,,Avia
node,4831590592,44.9963766,-0.1949280,33910001,Intermarché,Intermarché,Intermarché
node,4837029153,49.5707184,0.8342412,,,Alexandre Pascal,
node,4838567503,46.1777267,-1.3721635,17580002,Carrefour,,Carrefour Contact
node,4838588710,46.1618458,-1.2031534,17000010,Esso Express,,Esso Express
node,4841685778,48.8524644,2.4666908,94120005,Avia,,
node,4845200521,-22.1960183,166.9781167,,,,
node,4854284874,48.1891828,5.9024245,88140004,Intermarché,,Intermarché
node,4855580915,48.2199881,6.2234003,88270001,Intermarché,,Intermarché
node,4857214191,47.0196624,5.4945783,39100003,TotalEnergies,,Total
node,4857427134,45.0062003,4.8709348,26600014,Total Access,,Relais Pont De L'Isère RN7
node,4858418232,47.1414447,0.5358960,,Elan,,Relais des Vallées
node,4859581224,44.9684043,4.8856344,26500002,Total Access,,Total Access
node,4867623505,47.3969516,-1.1896127,44150001,Avia,Avia,Station Avia Picoty
node,4867623510,47.5641550,-1.6177046,44170003,Avia,,Avia
node,4867624034,47.5708040,-1.6290289,44170001,U,,
node,4867624039,47.4601189,-1.2801406,,,,
node,4869207758,43.4924559,-1.5323339,64600007,TotalEnergies,,Total Access
node,4870135416,44.5758962,1.8293949,,,,
node,4870593063,46.3807279,5.8336621,39200005,Intermarché,,Intermarché
node,4870640585,45.8191964,4.8913728,69140005,Carrefour,,Carrefour
node,4870640586,45.8107341,4.8787155,69140006,E.Leclerc,,
node,4870640587,46.5270710,5.6076094,39270002,Système U,,Station U
node,4872466454,48.6704112,7.7928498,,,,Q8
node,4872498382,46.0149258,4.0965314,42120004,TotalEnergies,,TotalEnergies
node,4872672644,45.5825443,5.2964227,38300027,Carrefour Market,Super Eco,Super Eco
node,4872672645,45.4571959,4.7563042,69420003,Carrefour,,Carrefour
node,4872672647,45.5264894,4.9040554,38200018,Total Access,,Total Access
node,4872672648,45.5281065,4.8648036,69560001,Système U,,Station U
node,4872672649,45.5266486,4.6089479,42800001,Carrefour Market,,Carrefour Market
node,4872672650,45.9994161,4.0612734,42120005,Intermarché,,Intermarché
node,4872776408,44.1765156,2.5202701,12120002,Carrefour,,Carrefour
node,4872777521,47.7829928,5.6093633,52500003,Intermarché,,Intermarché
node,4872777524,47.3674190,3.5863291,58190002,Système U,,Station U
node,4872777531,47.2737065,3.4925318,58420002,,,Station CC Val de Beuvron
node,4872777534,47.5046230,4.1758086,21460003,Avia,,Avia XPress
node,4872777535,47.3166991,4.7080274,21540002,Netto,,Netto
node,4872777536,47.3089546,4.8576059,21410001,,Intermarché Contact,station-service
node,4872777537,46.9710132,5.3979034,39120003,Avia,,Avia
node,4872777538,46.9569970,5.4036064,39120002,Intermarché,,Intermarché Super
node,4872777539,46.6761964,5.5235883,39570008,Intermarché,Intermarché,Les Mousquetaires
node,4872777540,46.6246276,3.7550909,71140002,Eni,,Eni
node,4872777541,46.6155443,4.2096464,71420003,Système U,,Station U
node,4872777542,46.6435617,4.3708358,71230003,TotalEnergies,Total,Total
node,4872777588,46.1792217,4.8190985,1140001,,,U Express
node,4872777589,46.1852457,4.7524237,71570004,Intermarché,,Intermarché
node,4872777590,46.1133607,4.7332304,69220008,Netto,,Netto
node,4872777592,46.1460729,4.5992427,69430001,Total,,Total
node,4872902182,47.7537062,-2.8438354,56390001,Carrefour,,Carrefour
node,4877278145,45.3217673,3.3711478,43100005,Intermarché,Groupement des Mousquetaires,Intermarché
node,4879729735,49.4058488,3.5139553,2370005,Carrefour Contact,Carrefour,Carrefour contact
node,4879885519,48.0949270,-0.6949518,53960001,Avia,,Avia
node,4881043521,-20.6341017,166.5470283,,,,Lomel 4
node,4883339904,48.8448220,0.9163832,27160001,Carrefour,Carrefour,
node,4884117177,49.7848665,4.7128259,8000007,Intermarché,,Intermarché
node,4884117179,49.2283542,4.0370553,51100046,Total Access,,Total Access
node,4884117180,49.2414135,4.0175869,51100060,Intermarché,,Intermarché
node,4884117181,49.2750149,4.0184551,51100044,Total,,Relais des Belges
node,4884117183,49.0901738,4.9032418,51800001,Système U,,Station U
node,4885250572,43.3018101,6.2361668,83790001,Carrefour,,Carrefour
node,4885265742,48.9578850,2.9589270,77470001,Carrefour Market,Carrefour market - Trilport,Carrefour market - Trilport
node,4885265748,49.0735235,3.6405712,51700001,,Carrefour,
node,4885265749,49.4188339,2.8181755,60200002,,Sarl Max Guerdin,Ets Guerdin
node,4885265750,49.8486302,3.2714067,2100011,TotalEnergies,,Total Énergies
node,4886357831,48.9776739,1.9770192,78480004,TotalEnergies,,TotalEnergies
node,4886357832,49.0043170,2.1274700,95220005,U,,U
node,4886398004,49.1004084,2.5238749,95470006,Total,,Total
node,4886477578,48.5927790,6.5283963,54300007,Intermarché,,Intermarché
node,4886477579,50.1132597,1.8290354,80100010,Total Access,,Total Access
node,4886477581,49.1888761,2.4135927,60270003,Intermarché,,Intermarché
node,4886528693,48.0357331,5.3468208,52800002,Avia,,Avia
node,4886528694,48.0332680,5.3497100,52800001,Système U,,Station U
node,4886528696,47.8091322,6.3834589,70300011,Eni,Eni,Eni
node,4886528697,47.5189986,6.6531374,25750003,DATS 24,,Dats 24
node,4888210384,48.0462848,3.9240195,10130001,Avia,Avia,Avia
node,4888254379,48.8764904,3.5377071,51210005,TotalEnergies,Total,Relais de Montmirail
node,4888387104,48.8124280,6.7150538,57260003,Avia,,Avia
node,4888438933,50.2704034,1.6689628,80120004,Auchan,,Auchan
node,4888438934,49.3981415,4.3784998,8310001,Total,,Total Contact
node,4888438935,49.5181291,4.4943351,8300007,Intermarché,,Intermarché
node,4888438936,49.5036948,4.3606427,8300008,TotalEnergies,,Total Access
node,4888438937,49.5012693,4.3583707,8300006,Intermarché,,
node,4888438938,46.9407956,3.2582417,58160002,TotalEnergies,,Total Contact
node,4888438939,46.9838784,3.2157161,58000012,E.Leclerc,,Station Service E. Leclerc
node,4888438940,48.9025597,5.5119283,55300003,Intermarché,,Intermarché Super
node,4888438941,48.8885654,5.5434144,55300004,Carrefour Market,,Carrefour Market
node,4888438942,48.8884194,5.5398181,55300002,Total,,Total - Garage de l'Abbaye
node,4888438943,49.0741139,6.1850001,57000011,Intermarché,,Intermarché
node,4888438944,49.0864760,6.1508128,57157001,Esso Express,Certas Energy France,Esso de la Base
node,4888438945,49.1646996,5.3798559,55100007,Total,,Total Citadelle
node,4888438947,49.0177583,6.3840805,57580001,Total,Garage Ferry,Total
node,4888949324,45.5464772,4.4885789,,,,Garage Guichard
node,4889276124,47.4633144,3.2600300,58410001,,Commune de Entrains-sur-Nohain,Station du Nohain
node,4889697610,48.0316251,-3.4950926,56320002,Carrefour Market,,Carrefour
node,4889767448,48.0356698,-3.4941773,56320001,Elan,Elan,Elan
node,4893383322,46.1842107,2.9341304,,,,
node,4893628304,44.7317899,4.9238412,,,,
node,4897666018,48.6179756,7.7543179,67800014,Eni,,Eni
node,4897666019,48.5533012,7.7439737,67100002,Esso Express,,Esso Express
node,4897666020,48.5789550,7.7306342,67000005,Avia,,Avia
node,4897671221,48.5731241,7.7169033,67200011,TotalEnergies,Total,Total
node,4897671223,48.4813453,7.7273233,67114001,Système U,,Station U
node,4897671224,48.4850766,7.6737589,67640005,TotalEnergies,,Total Access
node,4897671226,48.4100172,7.4549119,67140003,,,Garage Karrer
node,4897671228,48.5010248,7.4837797,67560002,Auchan,,Auchan
node,4897671232,49.3306045,6.0795444,57700004,E.Leclerc,,Station Service E.Leclerc
node,4897671233,49.3041285,6.1614264,57270002,TotalEnergies,SARL GMS AUTO,TotalEnergies
node,4897671234,49.2979146,6.1647849,57270001,Total,Bordoni,Total
node,4897671235,49.2997968,6.1901634,57310001,Match,,
node,4897671238,49.2358164,6.1089471,57120001,TotalEnergies,,TotalEnergies
node,4897671239,49.2458398,6.1028324,57120005,E.Leclerc,,E. Leclerc
node,4897671240,49.2420464,6.1717956,57525001,Système U,,Station U
node,4897671241,49.2205020,6.1628957,57210001,Total,ALLO EUROPE SERVICES,
node,4897671260,49.0849241,6.0880268,57130001,Match,,
node,4897709331,48.6202698,6.2809664,54210002,Match,,Match
node,4897709332,48.4968047,6.5144630,54830001,,,Station de la Mortagne
node,4897709333,48.5497244,6.7249997,54450004,Total,,Total
node,4897709334,48.5794978,6.9424930,54480001,Carrefour Contact,,Carrefour Contact
node,4897709335,48.4568151,6.7412801,54120002,Total,,Total Contact
node,4897709336,48.2200157,6.9449526,88650005,Intermarché,,Intermarché
node,4897709337,48.1850677,6.9923367,88230001,Total,,Total
node,4897709338,47.7840420,7.5061569,68490001,TotalEnergies,,Total - GARAGE LIEBENGUTH
node,4897709339,47.8653728,7.3467594,68190003,Auchan,,Auchan
node,4897709340,47.8595264,7.3411859,68190001,,Intermarché,
node,4897709341,48.2294792,7.3761634,68590001,Total,,Total Contact
node,4897709342,48.1869286,7.3934047,68970001,,Beysang,Beysang
node,4897709343,48.3258745,7.3340027,67220004,Avia,,Avia
node,4897709345,48.4818303,7.2202727,67130004,Match,,Match
node,4897709346,48.4938003,7.2509434,67130002,Système U,,Station U
node,4897709348,48.8683382,7.6875826,67580001,TotalEnergies,,Total
node,4897709350,48.7307011,7.9029525,67850002,Avia,,Avia
node,4898328992,43.8669892,5.1412966,84660001,,,Panagiotis
node,4899901214,47.6642254,4.7305197,21510001,Avia,,Avia
node,4899903936,48.9413306,2.4458891,93150011,E.Leclerc,,Station Service E.Leclerc
node,4899980196,48.7928450,6.1450330,54670004,Total,,Total Custines
node,4899980198,48.7795685,6.1314250,54340002,Avia,,Avia
node,4899980199,48.7581830,6.1363358,54390002,Esso,,Esso
node,4900028941,49.0120404,6.2038449,57420005,Carrefour Contact,,Carrefour Contact
node,4900028942,48.9779066,6.0271343,54530002,Carrefour Contact,,Carrefour Contact
node,4900046566,50.1817823,1.4944062,80410005,Carrefour Contact,,Carrefour Contact
node,4902830035,45.5217250,1.2094944,87500007,Intermarché,,Intermarché
node,4902830037,44.8070008,-0.5733903,33400005,Intermarché,,Intermarché
node,4905953200,48.5507219,5.0731635,52170001,Intermarché,Groupement des Mousquetaires,Intermarché Super
node,4907825979,42.9734082,1.8670621,9600002,,Labatut et Compagnie SARL,Labatut et Compagnie SARL
node,4915238520,48.7198382,3.5482231,51310001,Intermarché,,Intermarché
node,4916449687,48.3103450,-3.1563809,22480003,Total,,Total
node,4918114259,43.5791947,0.2422757,,,,
node,4918669066,46.7522364,2.1697113,18160001,Carrefour,,Carrefour
node,4919223921,48.8617599,2.5097417,93360002,Elan,,Elan
node,4920214523,47.7968483,5.2268117,,AS 24,,AS 24
node,4921251653,48.5018742,-3.2575323,,,,
node,4922551965,46.3984790,5.1133335,,TotalEnergies,Elan,TotalEnergies
node,4924066389,49.0274674,-1.2822210,,,,
node,4925227182,45.5691423,-0.6809686,,Elan,,Elan
node,4925284621,50.2808109,3.9060105,59750005,Total Access,,Total Access
node,4925604254,43.1199649,1.6110727,9100002,TotalEnergies,,Total
node,4927139776,46.8722162,3.1611270,58470004,Avia,Avia,Avia
node,4927819176,43.1038936,1.6203774,9100003,TotalEnergies,,Total
node,4930789148,43.9268778,3.7209888,34190002,Intermarché,,Intermarché
node,4934321701,45.9998348,5.2848758,,Elan,Elan,Elan
node,4935229130,47.3324920,1.0608888,37150004,Total,,Garage du Chateau de Chenonceaux
node,4936822385,45.3943177,2.5584626,,Elan,,Elan
node,4937583455,43.5410314,-1.4986697,40220002,Dyneff,,Station Service Dyneff
node,4937644554,44.1923034,5.9446039,4200007,,,Station Louis
node,4937644555,45.4266378,4.0642283,42380005,,,Michalon
node,4937644556,45.7215736,4.7906488,69110001,TotalEnergies,,TotalEnergies
node,4937644557,45.7294603,4.7028292,69126001,Renault,Garage Brossard,Renault Express 24h/24
node,4937644559,45.5604512,5.4535722,38110002,Total,,Total
node,4937644560,45.9984820,5.1743704,1320004,Netto,,Netto
node,4937657052,43.2145871,6.6454727,83350001,Total,,Total Contact
node,4938154073,43.4408313,5.3997976,13320010,Système U,,
node,4938154074,43.3160698,5.3847189,13013012,,,Le Relais de Plombières
node,4938483296,43.7660136,7.4871233,6500010,Esso,,Esso
node,4938483301,43.6654045,7.1928973,6700002,Avia,,Avia
node,4938483302,43.5552806,7.0248126,6400001,TotalEnergies,,TotalEnergies
node,4938483303,43.5473256,7.0439440,6400005,Avia,,Avia
node,4938483304,43.5552880,7.0056800,6400010,TotalEnergies,,TotalEnergies
node,4938483305,43.5523423,7.0058011,6400013,Esso Express,Esso,Esso Express
node,4938483306,43.4004520,5.5777727,13124003,E.Leclerc,,E. Leclerc
node,4938886849,49.8302133,1.4035560,76600014,,U express,
node,4938893401,43.5327805,6.4510604,83300008,,,Albro
node,4938914984,43.7011220,4.6420666,13200020,TotalEnergies,,Total Access
node,4941698504,42.6913347,2.9191645,66330002,Intermarché,Intermarché,Intermarché
node,4944279305,43.9772595,0.0078481,40310001,Système U,,Station U
node,4951449782,48.5673329,1.8332618,78120012,TotalEnergies,ARGEDIS,TotalEnergies Access - Relais Sommières
node,4951449784,43.8487237,4.9278835,13670001,,,Garoucha - Relais des MIN
node,4951449785,43.8202580,5.0160711,13750004,TotalEnergies,,Total
node,4951449786,43.8105368,5.0006010,13750005,Total,,Total
node,4951575079,42.9724253,0.3761217,65410001,Total,,Total
node,4955304133,50.4138219,1.5936555,62600004,,,Frambery
node,4956284948,47.1961643,-0.2652238,49700003,Intermarché,,Station Intermarché
node,4958174424,45.8399727,1.2585609,87000023,Esso Express,,Esso Express Carnot Limoges
node,4960400333,46.7061171,-1.7216634,85220002,Système U,,Station U
node,4961648254,43.6094058,1.3965666,31076001,,Carrefour,Station essence Carrefour Purpan
node,4961688467,48.2471954,5.3211580,52700002,Intermarché,Groupement des Mousquetaires,Intermarché Super
node,4961896599,43.2548640,5.3822657,13008019,Eni,,Eni
node,4966675134,49.7885138,1.2220704,76950001,Total Contact,SARL GARAGE DU CENTRE,Total Contact
node,4974091989,44.0599096,5.0704129,84200010,Super U,,Super U Carpentras
node,4977477221,45.6111086,0.0965511,,,,
node,4978050740,44.9217075,-0.3706993,33450009,Intermarché,,Intermarché
node,4978180994,43.8107460,4.3605238,30900023,Auchan,,Auchan
node,4978180995,43.4638465,3.4273931,34120008,Esso,,Esso
node,4978180996,43.4629151,2.0054612,31250007,Netto,,Netto
node,4978180998,43.6090150,1.4890003,31130003,Esso Express,Esso,Esso Express Balma
node,4978181000,43.5180775,1.1830338,31470002,Total,,Total
node,4978181001,43.0874047,0.5756857,31210006,Total,,Total
node,4978181002,43.0871618,0.5759915,31210005,Total,,
node,4979938348,43.7232390,3.3224793,34700002,Avia,,Avia
node,4980167822,49.1095948,6.6845942,57740003,Total Access,,Total Access
node,4980167823,49.1096467,6.6831920,57740007,Avia,,Avia
node,4980167824,49.2022653,6.7084482,57150002,Esso Express,,Esso Express
node,4980167825,49.1958507,6.7069652,57150005,Intermarché,,Intermarché
node,4980167826,49.1480651,6.8102561,57800001,Auchan,,Auchan Supermarché Station Service
node,4980167827,48.9906144,6.7875845,57660001,Total,,Total Contact
node,4980167828,48.8181811,6.7219508,57260005,Intermarché,,Intermarché
node,4980167829,48.9016242,7.6478901,67110006,U,,Station essence Super U
node,4980167832,48.2465799,6.4247025,88150004,Total,,Total Thaon
node,4980167836,48.1880383,6.6872912,88600001,Total,,Total
node,4980167837,47.8816385,6.2948736,70800002,Total,,Total
node,4980167838,48.2422029,6.9542067,88580001,TotalEnergies,,Total
node,4980167839,48.1356882,7.2681176,68240003,Intermarché,,Intermarché
node,4980205914,49.3201993,6.2782726,57940001,Carrefour,,Carrefour Contact
node,4980205915,49.2430811,6.2098901,57300002,Total,SAS Garage Oury,Total
node,4980328095,47.2968399,6.5812533,25430002,Avia,,
node,4980328097,48.0753205,5.7885885,88320001,Carrefour,,Carrefour Express
node,4980328098,48.6146394,6.1038357,54230001,Esso Express,,Esso Express
node,4980328099,48.7557118,6.0978502,54460001,Intermarché,,Intermarché
node,4980328100,48.9463726,5.8752984,54470002,Carrefour,,Carrefour Contact
node,4980328101,49.2170334,5.6438618,55400003,Intermarché,,Intermarché
node,4980328102,49.5072238,5.6319759,54260001,Total,,Total
node,4980328103,49.4749159,5.8279928,54920002,,,3F
node,4980418883,48.1181757,5.1426354,52000005,Esso Express,,Esso Express
node,4980418884,48.5500105,5.4802372,55130002,Station Gigot Junker,Gigot Junker,
node,4980418885,48.7885717,5.5520988,55200003,Total,,Total
node,4980418888,48.3543980,5.6872411,88300004,Avia,,Avia
node,4980418890,47.8407718,5.5495810,52600002,Avia,,Avia
node,4980418891,47.9586126,5.7556201,52400002,Avia,,Avia
node,4980418893,46.5763194,5.4361930,39190006,,,Maximarché
node,4980418898,47.3024846,5.0244865,21000029,Total,,Total
node,4980470907,49.3912730,5.1830663,55110003,,,Station communale de Dun-sur-Meuse
node,4980470908,49.2284620,5.0407880,55270002,Carrefour,,Carrefour Express
node,4980470909,49.0952907,4.9156599,51800010,Intermarché,,Intermarché
node,4980470910,49.1069757,5.0744242,55120001,Intermarché,,Intermarché
node,4980470912,48.6300901,4.9327709,52100014,Intermarché,,Intermarché
node,4980470913,48.1819836,4.9817627,52330002,Avia,,Avia
node,4983301514,-21.2854764,55.5174869,,Tamoil,,Tamoil
node,4983346681,49.0912667,3.7635362,51700006,Intermarché,,
node,4983346682,49.0711230,3.8837674,51480001,Total,,Total Contact
node,4983346683,48.8971946,4.0110775,51130001,Carrefour,,Carrefour Market
node,4983346684,48.5886207,3.8132090,51260005,Carrefour,,Carrefour
node,4983346685,48.0585947,4.1410595,10210002,U,,U Express
node,4983346686,48.4108190,4.1427026,10150003,Shell,Shell,Shell
node,4983346687,48.2366940,4.1091781,10800006,Carrefour,,Carrefour
node,4983346689,47.0452570,4.0288342,58430002,Total,,
node,4983346690,46.6838365,4.1358698,71320001,Avia,,Avia XPress
node,4983346693,47.0455865,4.3777187,71540001,Carrefour,,
node,4983346694,48.4283302,4.4213360,10500001,Total,,
node,4983346695,48.6680006,4.1911734,10230001,Avia,,Avia XPress
node,4983346697,48.6743622,4.1914115,10230002,Total,,Total
node,4983354975,49.6880560,4.0229548,2340001,Carrefour,,Carrefour
node,4983354981,49.6509782,4.6422432,8430001,,,Auto Services Pixien
node,4983354982,49.7354846,4.8500601,8330002,Carrefour,,Carrefour
node,4983354985,49.6460435,5.1503156,8110002,Intermarché,,Intermarché
node,4983366435,49.5689979,3.6457526,2000005,Total,,
node,4983366436,49.5317495,3.6529873,2860001,Total,,
node,4983449684,-21.2880810,55.5148459,,,,Engen
node,4983455005,45.9218622,4.5796556,69260007,Carrefour,,Carrefour Contact
node,4983455006,45.9166581,4.7756120,69650001,TotalEnergies,,Total Contact
node,4983455007,45.9822898,4.3331213,69550001,Carrefour,,Carrefour Market
node,4983455008,46.5231007,3.6800398,3290003,Esso,,Esso
node,4983516006,47.3706947,3.1088109,58220001,Intermarché,,Intermarché
node,4983516007,46.6032426,3.3037221,3000004,Total,,Total Contact
node,4983651206,45.8244728,4.1773450,42510003,TotalEnergies,,Total Contact
node,4983651207,45.5502141,3.3664746,63490002,Carrefour Contact,,Carrefour Contact
node,4983651208,45.9148418,3.8437516,42430001,Carrefour,,Carrefour
node,4983651209,45.9167093,3.3298755,63350001,Auchan,Auchan,Auchan
node,4983651211,47.3246573,2.8240526,18300006,Avia,,Avia
node,4995405347,45.8995261,6.6411893,74920001,Total,,Total Contact
node,4995405350,45.5420857,4.1854183,42450001,TotalEnergies,,TotalEnergies
node,4995405351,45.5065475,4.2458512,42170002,Intermarché,,Intermarché
node,4995405353,45.3957820,4.2910644,42700007,Eni,,Eni
node,4995405354,45.3933625,4.2706650,42440009,TotalEnergies,,TotalEnergies
node,4995405356,45.1066154,2.8647086,15300006,,,Auvergne Carburants
node,4995405357,45.2541762,3.1971176,15500008,Carrefour Contact,,Carrefour Contact
node,4995405358,45.2898489,3.3867869,43100006,Netto,,Netto
node,4995405359,45.2893870,3.3689063,43100002,Total,,Total Contact
node,4995405361,45.7562926,5.6833960,1300002,Auchan,,Auchan
node,4995405363,45.6290244,5.5774505,38630005,Intermarché,,Intermarché
node,4995405364,45.6184948,5.6108798,38490006,TotalEnergies,,TotalEnergies
node,4995405365,45.5922170,5.6081127,38490005,Intermarché,,Intermarché Station
node,4995405366,45.6762599,5.8522009,73370001,,,Garage Miniggio
node,4995405410,45.6707473,3.1720574,63960005,Carrefour,,Carrefour Contact
node,4995405411,45.8100234,4.1958833,42510005,Netto,,Netto
node,4995459740,46.2955420,2.7440741,3600001,Carrefour,,Carrefour
node,4995459741,46.1844550,2.8024287,63700006,Total,,
node,4995459742,46.0308366,2.8211454,63390001,Carrefour Contact,,Carrefour Contact
node,4995459745,45.9226470,3.0627492,63140001,Total,,Total
node,4995459746,45.9187115,3.0730795,63140002,Carrefour Contact,,Carrefour Contact
node,4995526791,43.6817156,4.6112698,13200013,,,Genevez Auto Station
node,4995526792,43.8775525,4.8493187,13160004,Carrefour,,Carrefour
node,4995526794,46.3531523,2.5878868,3100005,E.Leclerc,,E. Leclerc
node,4995526796,48.2913062,2.3986515,45330004,E.Leclerc,,E. Leclerc
node,4997747947,48.0009949,2.5169242,45270002,Avia,,Avia
node,4997747948,43.4975700,3.7118158,34770005,Carrefour,,
node,4997747949,43.4346166,3.7380285,34110003,Intermarché,,Intermarché
node,4997747950,43.4457000,3.7520700,34110005,TotalEnergies,,TotalEnergies
node,4997747951,43.9406167,4.8972407,84310003,,,Doulmet
node,4997747953,43.9190632,4.8094898,84000017,,,La Durance
node,4997768667,48.4074349,2.4678471,91490005,Total Access,,Total Access
node,4997876260,46.6156158,2.8241156,3350002,Carrefour,,Carrefour Contact
node,4997876262,48.5433088,2.6327471,77350005,Total Access,,Total Access
node,4998399535,49.0011740,2.9210522,77910001,Total,,Total
node,4998399536,48.9615832,2.8613837,77124002,Auchan,,Auchan
node,4998399538,48.8535423,3.2359966,77510001,Carrefour,,Carrefour Market
node,4998399539,48.8074062,3.0831722,77120006,Total Access,,Total Access
node,4998399540,47.1441018,1.8480385,18310003,Carrefour,,Carrefour Contact
node,4998399541,47.2155359,2.1021655,18100016,Carrefour,,
node,4998399542,47.5248844,1.8123413,41210000,Carrefour,,Carrefour
node,4998399543,47.4137954,1.6034262,41230001,Elan,,Elan
node,4998399544,47.9186885,1.9825169,45800007,Esso Express,,Esso Express
node,4998399545,47.8656734,2.1253380,45150001,Auchan,,Auchan
node,4998399547,46.4018316,2.6103338,3410004,Eni,,Eni
node,4998399549,46.6434699,2.2838115,18170001,Système U,,Station U
node,4999334838,43.6526030,1.6520321,31590002,Intermarché,,Intermarché
node,5000116958,48.8129552,2.5668098,94420001,Total,,Total
node,5000116973,50.0706736,2.5252644,80560001,Intermarché,,Intermarché
node,5000116974,49.7638871,2.9233650,80190002,Auchan,,
node,5000116975,49.6544785,3.0501068,60640001,Total,Renault,Total
node,5000116976,49.3816664,3.2970607,2200011,Total,,Relais Maupas
node,5000188141,48.0696981,2.0664924,45170001,Super U,Système U,Super U
node,5000188142,49.2025111,3.3654675,2210002,TotalEnergies,,Total
node,5000200656,48.7734731,2.5173156,94370007,Total,,Total
node,5000473123,48.5150305,1.8381602,78660003,Système U,,U Express
node,5000597834,45.6682645,4.7530809,69530002,Carrefour Contact,,Carrefour Contact
node,5000635316,44.5602717,6.4874988,5200007,Avia,,Avia
node,5000635317,44.9720952,6.5195364,5220001,E. Leclerc,,E. Leclerc
node,5000635318,44.9475141,6.5591616,5240004,TotalEnergies,Total,Relais du téléphérique
node,5000635319,44.9389280,6.5744534,5240003,Avia,Avia,Avia
node,5000635320,45.6951749,4.6841205,69510002,Esso,,Esso
node,5001273497,49.1101823,2.2241920,95290003,Total,Total,Total
node,5001273501,48.9684097,2.3157649,95170001,BP,BP,BP
node,5001273502,48.9093638,2.3812639,93300008,Auchan,,Auchan
node,5001273504,48.9573852,2.3824857,93240008,Total Access,,Total Access
node,5001273505,48.9594019,2.3983817,93240009,Esso,,Esso
node,5001273506,48.8850913,2.5036443,93250005,Societe Regionale De Distribution,Societe Regionale De Distribution,Station-service
node,5001273508,48.7491221,2.4544435,94460001,Carrefour,,Carrefour Market
node,5001273509,48.6764677,2.4113966,91210007,TotalEnergies,,TotalEnergies
node,5001293844,49.4789752,2.8680188,60150003,Station U,,Station U
node,5001319851,49.9871728,1.5554681,80220001,Total,Sarl Frederic,Total
node,5001319853,50.1747993,1.6485993,80230006,TotalEnergies,,Total
node,5001319854,50.1287437,1.9397752,80135001,Intermarché,,Intermarché
node,5001319855,50.0787340,1.9959873,80690001,Elan,,Elan
node,5001319856,49.9299194,2.1915986,80470001,BP,,BP
node,5001418345,48.9212575,2.0343628,78300011,Total,,Total
node,5001418346,48.8779465,2.1151804,78560004,Total Access,,Total Access
node,5001418347,48.9396249,2.2333586,95100021,Esso,,Esso
node,5001418348,49.2020493,2.2030982,60540002,Carrefour,,Carrefour
node,5001418349,49.2871347,2.4965627,60870002,Intermarché,,Intermarché
node,5001418350,49.4948322,0.9979119,76150002,Esso,,Esso
node,5001418351,49.4830834,1.0170327,76150004,Total,,Total
node,5001418352,49.4824085,1.0393459,76150003,Système U,U,Station U
node,5001418353,49.5375247,0.9602624,76360003,Elan,Renault,Elan
node,5001418354,49.7204874,0.7857158,76560001,Carrefour,,Carrefour
node,5001418357,49.7893784,0.9975546,76730001,Carrefour,,
node,5001418358,49.7188483,1.0918567,76720004,Carrefour Contact,,Carrefour Contact
node,5001418360,49.9402652,1.1864059,76370002,Total,,
node,5001418362,49.6495163,1.7197230,60220002,Auchan,,Auchan
node,5001418363,49.6520410,1.7278976,60220006,TotalEnergies,,Total Contact
node,5001418364,49.7651891,1.7544916,76390002,Esso,,Esso
node,5001418365,49.7747446,1.9846720,80290007,Total,,Total
node,5001609167,50.6533122,1.6422914,,,,Oka 9
node,5001626330,49.6407777,0.2244977,76280002,Carrefour,,Carrefour Market
node,5001626331,49.6434651,0.2723828,76280003,Intermarché,,Intermarché
node,5001626332,49.5800422,0.4740355,76210004,Intermarché,,
node,5001626333,49.6504266,0.5914306,76640004,Carrefour,,Carrefour
node,5001626334,49.5288954,0.7222668,76490002,Carrefour,,Carrefour
node,5001626337,49.3789841,0.7246017,27350004,Carrefour,,Carrefour Contact
node,5001626338,49.4797799,0.7698902,76940001,Carrefour Market,,Carrefour Market
node,5001626340,49.2967888,0.9107390,27670006,Auchan,,Auchan
node,5001626341,49.3435261,0.9356750,76530004,Total Access,,Total Access
node,5003404252,48.9049693,-1.5092504,50290003,Système U,,Station U
node,5003404254,48.9138109,-1.1939601,50410002,Intermarché,,Intermarché
node,5003404255,49.0409308,-0.9850293,50160003,Elan,,
node,5003404256,49.0590760,-1.0326242,50890001,Système U,,Station U
node,5003404259,49.0492991,-1.5927317,50230001,Système U,,Station U
node,5003404261,49.1650646,-1.1282311,50880001,Total,,Total
node,5003404263,49.1997636,-1.5780478,50710003,,,Station KV
node,5003404264,49.3859151,-1.5364989,50390001,Système U,,Station U
node,5003404265,49.3802067,-1.4177480,50360003,Carrefour,,Carrefour Contact
node,5003404266,49.3802201,-1.4228582,50360002,Esso,,Esso
node,5003404267,49.4735986,-1.6270345,50260004,TotalEnergies,,Total
node,5003404269,49.5113258,-1.4777019,50700001,Carrefour,,Carrefour
node,5003404270,49.5597192,-1.6669913,50690003,Total,,Total
node,5003404271,49.6347134,-1.5870916,50110001,TotalEnergies,,TotalEnergies Access
node,5003404273,49.6673509,-1.3913117,50330002,Esso,,Esso
node,5003404274,49.4048436,-1.3220760,50480002,Système U,,Station U
node,5003404275,49.3100543,-1.2558685,50500004,Carrefour,,Carrefour
node,5003404277,49.3487174,-0.8169558,14520002,Total,,Total Contact
node,5003404280,49.2777183,-0.3177252,14880002,Elan,,
node,5003404286,49.0867116,0.3125399,14100002,Total,,Total
node,5003404287,49.1358974,0.4590911,27230006,Total,,Total
node,5003404288,49.1411809,0.4575785,27230004,Carrefour,,Carrefour Market
node,5003404289,49.2254417,0.4975489,27560001,Carrefour Contact,,Carrefour Contact
node,5003404294,49.2783238,0.4373475,27260001,Total,,Total
node,5003404295,49.5118209,0.1265583,76620003,Esso Express,,Esso Express
node,5003404297,49.4796507,0.2592388,76700007,TotalEnergies,,Total Access
node,5004431360,47.3712317,1.7137844,41200010,E. Leclerc,,
node,5006869421,43.6575431,1.6636737,31590004,TotalEnergies,,TotalEnergies
node,5008203424,47.1655286,6.7294628,25210002,Avia,,Avia
node,5009901058,4.8833532,-52.3363826,,Vito,Vito,Vito
node,5011089268,47.3483363,-2.5015809,44420004,Total,,
node,5011237575,45.3094007,4.7422104,7340001,Total,,Total
node,5012087924,48.8653883,1.0699776,27240001,Carrefour,,Carrefour
node,5012403697,47.4842734,-0.5482210,49000004,TotalEnergies,,TotalEnergies
node,5013085436,48.5085010,-2.7683083,22000010,Total Contact,Total,Total
node,5013101111,48.4683377,-2.5378296,22400003,Total,,Total
node,5013110103,48.4226335,-2.4450185,22640001,TotalEnergies,,Total Contact
node,5015372357,48.2483028,-4.4160010,29160005,Total,,Total
node,5016865318,48.0729818,2.1357290,45170007,Total,,Total
node,5022269927,50.2438944,3.0608048,,,,
node,5029326479,48.7394998,7.3684741,67700013,TotalEnergies,,Total
node,5032587482,49.9245029,1.1122848,76370001,Carrefour,,Carrefour
node,5033365471,-20.3417507,164.4245076,,,,
node,5035628440,45.8926769,4.2394942,42540002,Carrefour,,Carrefour Express
node,5037203621,44.3927533,4.5054396,,,,
node,5037690341,49.3297789,-0.4328093,,TotalEnergies,,TotalEnergies
node,5046708124,-14.9443107,-147.6971465,,,,Station-service Shell
node,5047433235,47.2000587,6.7451930,,,,
node,5047531859,45.0201549,4.8763700,26600011,Avia,Avia,Avia
node,5050599657,44.1471105,-0.7374193,40630004,TotalEnergies,,TotalEnergies
node,5050665676,44.2992810,-0.7757031,40410002,Carrefour,,Carrefour Express
node,5053100169,46.4911125,2.0696884,,Total,,
node,5054279890,46.6260245,-1.8557146,85470002,Super U,,Super U
node,5059968883,44.5945614,2.0620671,46100002,E.Leclerc,E. Leclerc,Station Service E. Leclerc
node,5062009268,41.6720731,8.9089436,20110006,Vito,,Vito
node,5062381174,45.2558389,4.6931637,7340002,E.Leclerc,,Station Service E.Leclerc
node,5062979398,43.0873988,-0.0441543,65100001,Carrefour,,Carrefour
node,5063078397,48.6294394,2.4704204,,Relais d'Étiolles,,
node,5063087607,43.8112523,4.6670652,13150007,Auchan,,Auchan
node,5065371312,43.8123029,4.6304289,30300008,Esso,,Esso Le Mistral
node,5065371320,43.8116148,4.6344555,30300010,TotalEnergies,,Total Access
node,5067460321,44.3977583,0.7287679,47000001,Total,,Total essence
node,5068315237,45.1230486,0.8587347,24330005,Elan,,Elan
node,5071269618,48.2733437,-1.2931356,,Independent,,
node,5073182956,46.9148749,5.7569479,39600002,Système U,Super U,Système U
node,5075160353,46.8720157,3.1610741,58470005,Avia,,Avia
node,5081471782,43.8236189,-0.1548184,84400008,,Val Fleuri SARL,
node,5082648608,45.9079121,1.2925320,87280009,Dyneff,Avia,Dyneff
node,5082648610,45.9140124,1.2929348,87280002,Esso,Esso,Station Esso
node,5084499748,45.5405220,4.6111254,42800004,Avia,Avia,Avia
node,5092868372,45.7777801,4.8596956,69100029,Esso,,Esso
node,5109290726,18.0724917,-63.0325180,,,,Best Buy Gas
node,5121801404,45.1546570,4.1316550,43200006,,,J.V.F
node,5132531014,43.2968580,5.5855861,13400019,TotalEnergies,Sarl Alta Rocca,Total
node,5137512798,48.7474745,-2.9845307,22470001,Total,,Total
node,5138502621,47.8415168,-1.6811293,,Total,SARL Automobiles du Centre,Total
node,5140375294,48.8258974,2.3441324,75013026,Esso,,Esso
node,5141385096,48.3281060,2.6872797,77780003,Total Access,,
node,5143075694,42.5481190,2.9410252,66740003,Carrefour Market,,Carrefour Market
node,5144905887,48.1420504,-3.3926940,56770001,,,Station Service Municipale
node,5150165056,47.6588763,1.6715872,,,,Garage St Cyr
node,5155568792,48.0431947,7.1601784,68140003,Super U,Super U,Super U
node,5155611469,-21.0830610,55.2307548,,Engen,,Engen
node,5160275776,47.8563525,-0.3606395,72300009,Total Access,,Total Access
node,5168780922,44.7693002,2.8826522,,,,
node,5168805721,44.6130361,2.8070907,,Elan,,Elan
node,5168883021,44.8567842,3.0078260,15110003,Élan,,
node,5174934333,45.6610043,0.9869529,87230003,TotalEnergies,,Total Contact
node,5174934334,45.5389604,0.9757895,24450001,Carrefour,,Carrefour
node,5174934335,45.4945828,0.7411185,24470001,Auchan,,U Station
node,5174934336,45.2576688,0.5045082,24350002,Intermarché,,Intermarché
node,5174934338,45.1971721,0.6570791,24430003,Elan,,Elan
node,5174934339,45.2002801,0.6680347,24650001,Intermarché,,Intermarché
node,5174934340,45.2348160,0.8729386,24420001,Total,,Total Contact
node,5174934341,45.3443201,0.8693938,24460002,Elan,,Elan
node,5174934342,45.3644579,0.6532812,24310001,Total Access,,Total Access
node,5174956762,45.7363874,0.3861008,16110005,Esso,,
node,5174956763,45.7457135,0.3861320,16110004,Total,AVIA,Station AVIA
node,5174956764,45.7011506,0.1819181,16430005,Total Access,,Relais Les Chauvauds
node,5174956765,45.6652843,0.0918017,16730001,Avia,,Avia
node,5174956766,45.6553334,0.0844860,16730002,Intermarché,,Intermarché
node,5174961266,45.8251454,1.2277105,87000004,Système U,,Station U
node,5174961267,45.8215472,1.2116529,87000029,Total,Total,Total
node,5175486276,45.1159858,1.5601166,19360002,Elan,,
node,5176347517,43.7060443,1.3771588,31150007,Super U,,
node,5178412543,47.7062645,-1.3848928,44110004,Intermarché,,Intermarché Super
node,5180751621,43.5578181,4.7253351,,,,Station Service Associative Cosmogol
node,5181336973,47.2071552,5.9990756,25720013,Eni,,Eni
node,5181336974,47.2069056,5.9992553,25720002,Avia,Avia,Avia
node,5188586008,43.2695425,5.4216942,13010012,Independent,,Claudel Automobiles
node,5189306996,43.4343113,1.2365495,31600008,Auchan,,Auchan
node,5197250923,-17.5458536,-149.5787390,,Mobil,,Mobil
node,5197820245,46.9908028,-0.9313381,,,Agribiomethane Carburant,Bio GNV
node,5199601798,43.9507013,2.2097674,81160001,Carrefour Market,,Carrefour Market
node,5204613516,48.6799725,2.3419347,91600005,TotalEnergies,,Total
node,5212091396,45.4747607,6.5282218,73600007,Eni,,Eni
node,5218518483,45.2737536,4.8971572,26140003,Intermarché,,Intermarché
node,5219146238,44.8502264,4.8698215,26800005,Intermarché,,Intermarché
node,5219146300,44.9019522,5.0103585,26120005,Auchan,,Auchan
node,5219146484,44.9575854,4.8471700,7130005,Total,,Total Contact
node,5219952390,44.8000645,2.7599435,12420001,,,Garage Citroen
node,5219952391,44.8569128,3.3330184,48140002,Carrefour,,Carrefour
node,5219952392,44.8062216,3.2704885,48200003,Avia,,
node,5224408416,48.7119336,3.7299906,,E.Leclerc,,Station Service E. Leclerc
node,5224775478,43.3171890,5.4397708,13012028,Carrefour,,Carrefour Market
node,5227261910,43.8989083,4.9478893,84510001,Système U,,Super U
node,5227261911,43.9286928,4.9379548,84470001,Esso,,Esso
node,5227261913,43.9054904,4.7671878,13570001,Intermarché,,Intermarché Contact
node,5227261914,43.8968174,4.6926556,30390002,Carrefour Contact,,Carrefour Contact
node,5227261915,43.9745652,4.6845687,30650001,,Georges Pruvost GPF,Station Georges Pruvost
node,5229048183,5.3700144,-52.9494922,,Vito,,Vito
node,5230979300,48.2413224,4.0219803,,Total,,
node,5236202821,44.9098548,5.7939859,38350001,Système U,,Station U
node,5239772923,42.1668585,8.7990533,20160001,Esso,,Esso
node,5246835710,49.3168822,2.6058921,60700005,E.Leclerc,E. Leclerc,Station Service E.Leclerc
node,5247184889,45.1866267,-1.0550164,33990002,Carrefour,Carrefour,Carrefour
node,5250722163,44.6482995,4.4396867,7200011,,,Seb Auto Service
node,5252918264,44.8254036,1.6967989,,Elan,,Elan
node,5260565623,-20.9259015,55.3369165,,Tamoil,,Tamoil
node,5264036730,48.0038694,2.5309291,,,,
node,5275852271,-20.8729776,55.4511057,,Ola Energy,,Ola Energy
node,5277188986,47.6745763,-3.0016494,56400006,Elan,,Elan
node,5284650257,46.3620341,4.4839288,71520001,,Les combustibles 71,Les combustibles
node,5298916460,43.3190644,-0.7708938,64190004,Intermarché,,Intermarché
node,5300798649,43.3383369,5.0513851,,Elan,Garage de la Couronne,Elan
node,5302024376,47.8804062,-2.8277230,,,Karrgreen,
node,5303695823,49.9620179,3.8295603,2620001,Gulf,Clid Express,Gulf
node,5304381322,48.7692834,7.2423289,57370008,Total,,TotalEnergies
node,5308711246,48.8045313,1.8957886,78760004,Total Access,,Total Access
node,5314539234,45.8133030,1.3219590,87220001,Système U,,Station U
node,5319157623,47.8704457,-4.2212975,29120007,Total Access,Total,Total Access
node,5321789122,48.7049487,-3.1029810,,,,
node,5322181615,47.5985824,-0.8340090,49220004,TotalEnergies,,Total
node,5322911021,44.8459144,0.9113983,24480001,Total,Poilleux,Total
node,5324672603,45.3732420,3.2906615,43410001,TotalEnergies,,Total Contact
node,5326698322,-21.4916996,167.8397321,,,,Nengone town
node,5330152386,46.2965763,-0.3781404,79230004,Shell,,Shell
node,5336249573,-20.9059512,55.4840060,,,Ola Energy,Ola Energy
node,5338907530,48.2757588,7.4645485,67600006,Intermarché,,Intermarché
node,5341426454,44.2291070,5.0136873,84110006,Avia,,Avia
node,5341482596,45.8508802,3.4063491,,TotalEnergies,,Station TotalEnergies PL
node,5351582598,47.9750347,0.1730648,,AS24,,
node,5356257157,47.5625913,6.7597312,70400004,Super U,Super U,Super U
node,5365465712,48.1807117,2.7578703,77460005,Auchan,,Auchan
node,5365833968,45.6104610,-0.5979126,17800001,Esso,BP,Esso
node,5366873736,45.6059840,4.8105968,69360008,BP,,BP
node,5371108561,47.8201377,-1.3189292,35640001,Intermarché,Intermarché,Intermarché
node,5386740917,45.7952042,1.1269582,,,TotalEnergies,
node,5395735899,47.6353084,-2.1735366,56350003,Avia,Brétéché,Avia
node,5423493022,-14.2944379,-178.1587264,,,,STATION LEAVA
node,5425601808,47.2865192,5.0429246,,,,AS24
node,5425857424,-14.3095147,-178.1226076,,,,STATION MALAE
node,5440951439,48.1449772,1.6751266,,,,Q8 Oil
node,5454001705,43.2889569,5.4598565,13011027,Carrefour,,Carrefour Contact
node,5454001914,43.2924113,5.4592370,13011018,Intermarché,,Intermarché
node,5454266653,48.9573570,0.9354052,27930001,Carrefour,,Carrefour
node,5464861022,46.3586957,0.1973960,86700004,TotalEnergies,,Total
node,5464861024,45.4302083,-0.1743507,16360001,TotalEnergies,,TotalEnergies
node,5469965088,47.4235752,4.1065103,21530004,Carrefour,,Carrefour
node,5483785814,46.3778517,2.5858155,,E. Leclerc,E. Leclerc,
node,5486373255,43.9862311,1.1942536,82700003,,,Aire-C
node,5516372623,49.5195768,2.7195335,60490009,Total Access,,Relais Ressons Ouest
node,5522071443,48.1980048,3.2656407,89100002,Carrefour,,Carrefour
node,5522460326,44.3233826,-0.5717359,,,,
node,5522719723,43.1852505,5.6087370,13600006,Avia,,
node,5523557604,48.4595648,7.4950372,67210004,TotalEnergies,Total,Relais Total De L'ehn
node,5526068225,48.7687570,-3.0400491,22500006,Avia,,Avia
node,5526068226,48.7710587,-3.0399954,22500003,TotalEnergies,,Total Access
node,5531183504,47.2667532,-1.0248241,49110003,Carrefour,,Carrefour Market
node,5531183505,47.2621635,-1.0382899,49110004,Netto,Netto,Netto
node,5531183507,47.2105529,-0.9840681,49600001,Super U,,Station U
node,5531183508,47.2000513,-0.8735598,49510001,G20,G20,G20
node,5531183509,47.1362442,-0.8265139,49340001,Eni,,Eni
node,5531183511,46.9595424,-0.9999400,85130005,Station U,,Station U
node,5531183512,46.9603604,-0.8865422,85290010,Carrefour Contact,,Carrefour Contact
node,5531183513,46.9680617,-0.8939884,85290004,TotalEnergies,,Total Contact
node,5535816577,43.6263304,1.4760277,31000004,TotalEnergies,,TotalEnergies Access
node,5548438038,44.8148623,5.7508140,38710003,TotalEnergies,,TotalEnergies
node,5548438039,45.0975368,5.6834495,38760004,Eni,Eni,Eni
node,5548438041,45.1694758,5.5361230,38880002,TotalEnergies,,
node,5548489014,44.8778488,-0.6235186,33520005,Esso Express,,Station-service Esso Express
node,5549719956,45.6302380,5.5490836,38630006,DATS 24,,Dats 24
node,5550050441,47.1208161,2.3694110,18230004,E.Leclerc,,
node,5550340373,46.6936058,-1.0544394,85110005,TotalEnergies,,Total
node,5550340379,46.5109194,-1.3450058,85540003,Carrefour,,Carrefour Contact
node,5550340380,46.6495503,-0.7527030,85120005,Intermarché,,Intermarché
node,5550340816,46.7375243,-1.3996545,,Esso,,Esso
node,5551018250,45.8989292,1.3110133,87570002,Carrefour Contact,,
node,5554206808,45.1499335,0.5277796,24110002,E.Leclerc,,E. Leclerc
node,5554206809,45.1379316,0.8074227,24330003,Total Contact,,Total Contact
node,5554206810,45.4012787,1.1430502,24270001,Total,,Total Contact
node,5554206813,44.9741361,1.3144541,24590002,Intermarché,Intermarché,Intermarché
node,5554206814,44.8131481,1.2110455,24250003,TotalEnergies,,TotalEnergies
node,5554206815,44.8579117,0.4820221,24100018,Intermarché,Les Mousquetaires,Intermarché
node,5554206816,44.7719210,1.0106268,24170003,TotalEnergies,,Total Energies
node,5554206818,44.6756360,0.4050028,24500003,Carrefour Contact,,Carrefour Contact
node,5554206819,44.8536860,0.4004189,24130004,Carrefour,,
node,5554206820,44.8491908,0.1026186,24230002,Carrefour,,Carrefour Contact
node,5554207521,45.0333794,0.3210698,24400005,,,Rieupet
node,5554207522,45.3684926,0.4459655,24320002,Avia,,Avia
node,5554207525,45.5993657,-0.0509888,16120004,Carrefour,,Carrefour Contact
node,5554207526,45.4029492,0.1348883,16190001,Système U,,Station U
node,5554207527,45.4754352,-0.1623608,16300004,Intermarché,,Intermarché
node,5554207529,45.6194218,-0.2224812,16130002,Intermarché,,Intermarché
node,5554207530,45.8128995,0.4410759,16260001,Total,,Total
node,5554207531,45.8998684,0.0147709,16140002,Carrefour,,Carrefour
node,5554207533,47.0252789,5.3376112,39410002,Intermarché,Colruyt,Intermarché
node,5554207534,46.3650379,4.8431468,71000023,BP,,BP
node,5554207535,46.4368227,4.8021398,71260007,Intermarché,,Intermarché
node,5554207536,46.9590703,4.9035930,71350002,Intermarché,,Intermarché
node,5554207537,47.4106873,2.8992628,18240004,Avia,Avia,Avia XPress
node,5554207538,47.3172539,2.2586533,18330001,Avia,,
node,5554207539,46.5780636,1.5130287,36200002,Total Access,Total,Total Access
node,5554207541,46.1394773,0.3042416,86400001,Super U,,Super U
node,5554207542,46.4307604,0.8850995,86500001,Super U,,
node,5554207544,46.7191756,0.4204926,86130002,Total,,Total
node,5554207547,46.9482857,0.6076960,86220003,Total,,Total Contact
node,5554207548,46.7785210,0.1870762,86110004,Auchan,,
node,5554207549,46.2047781,-0.0967764,79500003,Avia,,Avia
node,5554207550,46.1238552,-0.1336625,79110002,Avia,,
node,5554207551,46.1846867,-0.4735708,79360001,Intermarché,,Intermarché
node,5554207552,46.3528412,-0.3863356,79180006,Carrefour Contact,,Carrefour Contact
node,5554207553,46.3302345,-0.4408966,79000005,TotalEnergies,,Total
node,5554207554,46.3708669,-0.1184517,79800013,Carrefour Contact,,Carrefour Contact
node,5554207557,46.8176922,-0.6668374,79140002,TotalEnergies,,Total Contact
node,5554207558,46.6356123,-0.5846250,79240003,Carrefour,,Carrefour Contact
node,5555931216,44.3084684,4.6131474,7700003,Intermarché,,Intermarché Contact
node,5555931218,44.9746446,4.5592618,7270001,Système U,,Station U
node,5555931219,45.1601719,4.6328951,7290000,,,3C
node,5555931220,45.0529310,3.9611587,43700002,,,J.V.F.
node,5555942122,45.1066798,4.3020527,43190002,,,3c Carburants
node,5555942123,44.8491846,3.8516944,43340001,,,J.V.F.
node,5555942124,44.9722766,3.5414775,43170002,Independent,Lonjon,Lonjon
node,5555942125,44.9969960,2.4213803,15250004,Carrefour,Carrefour,
node,5555942126,45.0554644,2.4233115,15310001,Elan,,
node,5555942128,45.2225355,2.3407584,15200004,Intermarché,,Intermarché
node,5555942129,45.1328456,2.2197291,15700001,Avia,,Avia
node,5555942131,45.1962304,1.7739420,19490002,Total,,Total Contact
node,5555942132,45.2795332,1.6586566,19330002,Carrefour Contact,,Carrefour Contact
node,5555942133,45.2205952,1.5222609,19270003,Intermarché,,Intermarché Contact
node,5555942134,45.2520338,1.4605862,19240003,Intermarché,,Intermarché
node,5555942135,45.3174956,1.8391237,19800007,TotalEnergies,,Total Contact
node,5555942136,45.3421694,1.9328642,19800004,,,Pro-Tech Auto
node,5555942137,45.4493125,1.4218858,19210002,Système U,,Station U
node,5555942139,45.5571380,2.3020998,19200002,Avia,,Avia
node,5555942140,45.5563811,2.3152667,19200007,Intermarché,,Intermarché
node,5555942141,45.5544166,2.3156369,19200006,TotalEnergies,,Total
node,5555942142,45.2484134,1.4112386,19130004,Intermarché,,Intermarché
node,5555942144,45.2486745,1.3966262,19130001,Huit à 8,,
node,5555942145,45.0522602,1.4960879,19600003,Total Access,,Relais de la Croix Blanche
node,5557747291,48.2823219,-4.4568953,29160002,TotalEnergies,,Total
node,5557747294,47.9987043,-4.0533891,29500003,Carrefour,,Carrefour Market
node,5557747295,47.8650583,-4.2301078,29120004,Netto,,Netto
node,5557747296,47.9925730,-4.0842479,29000011,Total,,
node,5557747297,47.8978480,-4.0174931,29170004,Total,,Total
node,5557747298,48.4445025,-4.2585513,29800001,Total,,Total Contact
node,5557747299,48.6057908,-4.1167429,29440001,Intermarché,,Intermarché
node,5557747300,48.5826528,-4.0487811,29420002,Total,,Total Contact
node,5557747302,48.5792317,-4.0476921,29420003,Carrefour,,Carrefour
node,5557747304,47.8611950,-3.8857245,29900005,TotalEnergies,Relais de Concarneau,TotalEnergies
node,5557747305,47.9652978,-3.8533393,29140002,Système U,,Station U
node,5557747306,47.9579411,-3.8232127,29140003,Total Contact,,Total Contact
node,5557747309,48.5702022,-3.7076390,29610002,Casino,,Casino
node,5557747310,48.6422334,-3.7194195,29620001,Système U,,Station U
node,5557747311,48.0205477,-3.7189338,29390002,E.Leclerc,,E. Leclerc
node,5557747312,48.5375127,-4.6586255,29830003,Super U,,Super U
node,5559240235,47.3297865,1.1499998,41400002,TotalEnergies,,Total
node,5559240236,47.4971791,1.1778559,41150005,Intermarché,,Intermarché
node,5559240237,47.9036922,1.4661893,41240003,Total Contact,Total,Total Contact
node,5559240238,47.7601292,0.8786250,41800002,Intermarché,,
node,5559240239,47.8166776,1.0760969,41100002,Total,SAS BIGOT AUTOMOBILES VENDOME,
node,5559240240,47.9823961,0.9075174,41170002,Super U,,Super U
node,5559240242,47.7117779,1.6037806,41220001,Super U,,La station U (station-service)
node,5559240243,48.1025020,-1.4651845,35530002,Avia,,Avia
node,5559240244,48.1082389,-1.5150780,35330001,Elan,ELAN,Elan
node,5559240246,48.3805844,-1.4930141,35490001,Total,,Total Energies
node,5559240248,48.0684576,-1.1993067,35370004,Intermarché,,Intermarché
node,5559240254,48.3472752,-1.1945071,35300002,Carrefour,,Carrefour
node,5559240255,48.1476970,-1.7680666,35740001,Elan,,Elan
node,5559240256,47.8718219,-4.2425064,29720003,E. Leclerc,,
node,5559240260,48.0162347,-4.5010284,29780001,Carrefour,,Carrefour Market
node,5559240261,48.0290866,-4.6250229,29770003,Intermarché,,Intermarché
node,5559833949,46.1075821,-0.0676318,79110001,Système U,,Station U
node,5559833950,46.7481225,-0.4760975,79430001,Total,,Total Contact
node,5559833952,47.4809087,6.3807969,25680001,Total,,Total
node,5559833953,47.9175097,5.9842859,70500004,Intermarché,,Intermarché
node,5559833954,47.7615982,7.3260583,68200018,TotalEnergies,,TotalEnergies
node,5559833956,49.1616859,4.0806672,51500007,Carrefour,,Carrefour
node,5559833958,49.8299360,3.3061284,2100021,Netto,,Netto
node,5559833960,50.8905589,2.4619192,59470003,Système U,,Station U
node,5559833963,50.6977098,2.3511788,62120015,Carrefour,,Carrefour
node,5559833964,50.9419007,1.9339988,62730003,,,C4T
node,5562610274,47.7596085,-3.1214342,56690002,Intermarché,,Intermarché
node,5562610275,47.5895755,-3.0938208,56720001,Total,,Total Contact
node,5562610276,47.7854837,-3.3316872,56850003,Total,SAS AUVENDIS SAS AUVENDIS,
node,5562610280,47.9803403,-2.7493662,56500004,Intermarché,,Intermarché
node,5562610281,48.0804963,-2.9665044,56300009,Netto,Netto,Netto
node,5562610282,48.1415028,-3.6191824,56110001,,E. Leclerc,
node,5562610283,47.8132491,-2.1304751,56910001,Elan,,Elan
node,5562610285,47.7464668,-3.3878306,56100008,Intermarché,Les Mousquetaires,Intermarché
node,5562610286,47.7615612,-3.3773035,56100013,Total Contact,,Total Contact
node,5562610287,47.7652690,-3.3498417,56600001,E. Leclerc,,
node,5562610288,47.7554739,-3.3897302,56100009,Intermarché,,Intermarché
node,5562610289,47.8041926,-3.2704791,56700009,Esso,,Esso
node,5562610290,47.8308608,-3.1576503,56440002,Intermarché,,Intermarché
node,5562610292,48.3242650,-2.2507931,22250002,Intermarché,,Intermarché
node,5562610293,48.1906366,-2.4041498,22230004,Total,,
node,5562610294,48.1726845,-2.5989613,22210001,Système U,,Station U
node,5562610295,48.1786585,-2.6841778,22600005,Total,M NEVO GWENAEL,Total
node,5562610296,48.3498867,-2.7598268,22150005,Carrefour,,Carrefour
node,5562610297,48.6140196,-2.9645705,22290003,Goëlo Services,,
node,5562610298,48.6414005,-3.1893249,22140003,Total,,Total Contact
node,5562610299,48.6962675,-3.1653687,22260001,Intermarché,,Intermarché
node,5562610300,48.2268151,-3.1757422,22570001,Total,,Total
node,5562610302,48.6091019,-3.4783396,22420003,Carrefour Contact,,Carrefour Contact
node,5562610303,48.7787170,-3.2329148,22220001,,,La Station U
node,5563027101,44.0050561,4.8748364,84700007,Carrefour,,Nano Carrefour
node,5563713231,49.0579053,-0.3132353,14680001,Carrefour,,U Express
node,5563713234,49.0260926,-0.6321108,14260002,Intermarché,,
node,5563713235,49.2894604,0.1938593,14130001,Total,,Total
node,5563713238,49.2110775,-0.3540677,14200002,Esso,,Esso
node,5563713241,48.5818543,-1.0884002,50600002,Carrefour,,Carrefour
node,5563713244,48.5730667,-1.4574292,50170008,TotalEnergies,,Total Contact
node,5563713246,48.5710479,-1.0750267,50600003,Total,,Total Contact
node,5564362442,45.4288837,5.5134603,38850002,Total,,Garage Henri Chaboud
node,5566994788,45.4063476,4.8157890,69340003,Shell,,Shell Roussillon
node,5567034711,45.4726830,4.8289748,38121001,,,Station du Grand Chemin
node,5567701017,45.6949710,4.8589590,69190009,Eni,Eni,Eni
node,5567701628,45.7069604,4.8432416,69190010,BP,,BP Saint-Fons - P. Herriot
node,5568614863,47.5692531,-0.4206307,49140003,Carrefour,,Carrefour Contact
node,5568614864,47.4632144,-0.2903813,49630003,Total,,Total Contact
node,5568614865,47.2915286,0.0301829,49650003,Carrefour,,Carrefour Contact
node,5568614866,47.5389991,-0.1068994,49150002,TotalEnergies,,Total Access
node,5568614868,47.2701080,-0.5037215,49380001,Super U,,Super U
node,5568614870,47.3893994,-0.8628318,49570001,Total,,Total Contact
node,5568614871,47.3459219,-0.7611331,49290002,Intermarché,,Intermarché
node,5568614872,47.3476647,-0.7598953,49290001,Système U,,Station U
node,5568614873,47.4063952,-0.9258556,49123001,Intermarché,,Station Service Intermarché
node,5568614874,47.7429275,-1.1667117,49420001,Super U,Super U,Super U
node,5568614875,47.7426875,-1.1672443,49420002,Total,,Total
node,5568614876,47.3868517,-1.0250920,44370006,Citroën,,
node,5568614877,47.3328605,-1.2618721,49270001,Avia,,Avia
node,5568614878,47.2366878,-1.3502079,44430003,Intermarché,,Intermarché
node,5568614879,47.1590503,-1.6001952,44340004,Elan,,Elan
node,5568614880,47.5634111,-1.6164558,44170002,Total,,Total Contact
node,5568614882,47.6286168,-1.8316618,44290002,TotalEnergies,SARL VIVIEN,Total Contact
node,5568614883,47.3593189,-1.8609354,44260003,Système U,,Station U
node,5568614884,47.2028274,-2.0486632,44320007,U,,
node,5568614885,47.4363564,-2.0768224,44160005,E.Leclerc,,E. Leclerc
node,5568614888,47.2873150,-2.3801520,44500004,Esso,,Esso
node,5568614889,47.3045938,-2.4083381,44350006,Intermarché,,Intermarché
node,5568614890,47.6436867,-2.0921981,35600004,Total,,Total
node,5568614891,48.1740045,-0.7824057,53240001,Carrefour,,Carrefour
node,5568614892,47.9389139,-0.9149793,53230001,Total,,Total
node,5568614893,48.0741865,-1.0156184,53410003,TotalEnergies,,Total Contact
node,5568614896,48.0797007,-0.7922655,53000005,Total,,Total
node,5568614897,48.2989830,-0.8955655,53500003,Total,,Total
node,5569416909,46.7761417,-1.0662854,85640001,Esso,,Esso
node,5572913763,49.1554959,0.6719173,,Total Access,,Total Access
node,5573128641,45.4100221,2.8303662,63850001,,,Orceyre Carburants
node,5573128642,45.8045253,2.4702877,63620001,8 à Huit,,8 à Huit
node,5573128643,45.8269782,1.2588484,23300007,Avia,,
node,5573128645,45.8407660,1.1930010,87100007,Intermarché,,Intermarché
node,5573128646,45.9205612,1.1695611,87510001,,,La Station U
node,5573128647,45.7146745,1.6051714,87130001,Super U,,Super U
node,5573128648,45.5069033,1.2025724,87500001,Système U,,Station U
node,5573128649,46.1358596,1.2675583,87290001,Intermarché,Intermarché contact,Intermarché Contact
node,5573128650,46.2165851,1.0842575,87210003,Intermarché,,Intermarché Contact
node,5573128652,46.2318436,0.8974892,87320001,Avia,,Garage Duplacieux
node,5573128654,45.8204948,0.8256295,87600001,TotalEnergies,,TotalEnergies
node,5573128655,46.0310946,-0.3479469,17470001,Intermarché,,Intermarché
node,5573128656,45.9296977,-0.5271748,17400006,Esso,,Esso
node,5573128658,45.8305430,-0.8768316,17250002,Carrefour,,Carrefour Market
node,5573128660,45.2117479,-0.1760575,17270001,Intermarché,,Intermarché
node,5573128661,45.5585964,-0.9563354,17132001,Station U,,Station U
node,5573128663,45.7422046,-1.1218304,17530003,Carrefour,,Carrefour Contact
node,5573128664,45.7600645,-1.1294473,17390002,Intermarché,,Intermarché
node,5573128665,46.1008540,-0.5010340,17330001,,Sarl Garage Roy,
node,5573128666,46.1356057,-1.0081370,17220001,Intermarché,,Intermarché
node,5573128667,46.1495180,-1.0765237,17220003,Système U,,Station U
node,5573128668,46.1871397,-1.0700244,17139002,,,SARL Garage Brillault
node,5573128669,46.1657142,-1.1779457,17000011,Esso Express,,Esso Express
node,5573128670,46.1683121,-1.2108544,17000007,Avia,,Avia XPress
node,5573128671,48.5023585,0.3602488,61170001,Intermarché,,Intermarché
node,5573128672,48.6733135,-0.5201635,61440001,,,Garage Letallec
node,5573128673,48.5886126,-0.6346643,61700004,TotalEnergies,,Total Contact Domfront
node,5573128674,48.7506555,-0.5561131,61100009,Avia,,
node,5573128676,48.8056587,-0.4995722,61430002,Carrefour,,Carrefour
node,5575266698,43.3801268,3.4193605,34550001,Esso Express,,Esso Express
node,5575266699,43.5061677,3.3077672,34320001,Total,,Total Contact
node,5575266700,43.3215873,3.2905313,34420003,Carrefour Market,,Carrefour Market
node,5575266701,43.3583064,3.2438073,34500032,Eni,,Eni
node,5575266703,43.3379959,3.2028700,34500024,Dyneff,,Dyneff
node,5575266704,43.3771518,3.1777740,34490002,Intermarché,,Intermarché
node,5575266705,43.4685153,3.2088715,34480001,Intermarché,,Intermarché
node,5575266706,43.4209270,3.1613401,34490001,Système U,,Station U
node,5575266708,43.3669723,3.0484888,34620002,Dyneff,,Dyneff
node,5575266712,44.0900305,2.7014213,12430001,Total,,Total Contact
node,5575266713,44.5697349,2.5919607,12580001,,,Station service du Plateau
node,5575266714,44.3208651,3.0740945,12150003,,,Augade
node,5575266715,44.5610268,2.2315443,12110004,Total,,Total
node,5575266716,44.5598279,2.2176385,12110003,Intermarché,,Intermarché
node,5575266717,44.6525033,2.5733811,12140002,Dyneff,,Dyneff
node,5575266718,44.8361068,2.6627894,12600002,Avia,,Avia
node,5575266719,44.8310810,2.6630473,12600001,,,Garage Yerles
node,5575266720,43.8755767,2.7787363,12400007,Avia,,Avia
node,5575269622,44.5345962,3.5027289,48000006,,,Boissonnade Combustibles
node,5575269623,44.8493638,3.6594772,48600002,,,ETS Pignol
node,5575269624,45.0384592,3.0874184,15100003,,,Energies Sanfloraines
node,5575269625,45.0044725,3.2218148,15320001,,,Orceyre Carburants
node,5575956642,45.3770151,5.5810675,38500005,Esso Express,,Esso Express
node,5576018506,43.8422655,1.8463844,81600006,,,Station 8
node,5576018507,43.8495370,1.7961466,81310001,TotalEnergies,,Total
node,5576018508,43.7607579,1.9724080,81300003,Total,,Total Contact
node,5576018510,43.6830837,2.8600019,81320001,,,Servifioul
node,5576018514,43.4386624,3.7429771,34110002,Avia,,Avia
node,5576018516,43.4554189,3.4227535,34120007,,,Pézenas Carburant
node,5576018517,43.5298591,3.4522042,34230002,Carrefour,,Carrefour Contact
node,5576279954,45.1912850,4.8144764,26240004,Esso,,Esso
node,5578636740,44.1407767,4.0898820,30100003,Système U,,Station U
node,5578636741,44.1344071,4.0917415,30100011,Eni,,Eni
node,5578636742,44.1322924,4.0740697,30100019,Netto,,Netto
node,5579184261,45.8500639,4.3435042,42780001,TotalEnergies,,Relais STAR Violay
node,5581375987,46.3128742,4.9407615,1380002,DATS 24,,DATS 24
node,5581758972,45.5360812,4.3730469,42570001,Intermarché,SAS Philae,Intermarché
node,5582282948,45.5361274,4.2859248,,,,
node,5582910920,43.6598975,7.1838511,6700005,,,Boccanera
node,5582971918,43.8370809,4.8367888,13630003,,,Astouin
node,5582972123,43.4995911,4.9855675,13800010,Total,,
node,5582972162,43.3988639,4.7923941,13230002,Netto,,Netto
node,5582972163,43.4523654,4.9397343,13270014,,,Relais des Pins
node,5582972164,43.4388928,5.0358828,13920004,Carrefour,,Carrefour Market
node,5582972165,43.3990375,5.0408932,13500011,TotalEnergies,,Total
node,5582972192,43.3676425,5.3568178,13015016,Eni,,Eni
node,5583203293,45.0024486,5.0925774,26300010,Système U,,Station U
node,5585697421,45.4700600,5.9918877,38530004,Intermarché Contact,,
node,5586847006,45.4953067,6.9279879,73320002,Avia,,Avia
node,5588773471,48.4043169,-3.7419444,,Élan,,
node,5590008234,45.4432730,6.6119285,73120001,Elan,,Garage du Grand Pont
node,5590953721,45.5527520,6.6482527,73160003,E. Leclerc,,E. Leclerc Aime-la-Plagne
node,5592636855,43.2869819,5.6017255,13400015,Total Access,,Station Service des Paluds
node,5592636856,43.0213666,3.0357381,,TotalEnergies,,TotalEnergies
node,5592636857,46.2887550,2.7445487,3600004,TotalEnergies,,Station du Centre
node,5592636860,49.1387613,2.2765417,95260003,TotalEnergies,Relais des ciments,TotalEnergies
node,5592636861,48.9835739,2.3701006,95100029,Auchan,,Auchan
node,5592636862,48.7545980,2.4849148,94450004,Total Access,,Total Access
node,5594514361,45.9064151,6.1130649,74960003,Esso,Esso,Esso Express
node,5594572695,44.6926693,5.1883934,26340000,,,Carburants Services
node,5594572696,44.7295063,5.0172096,26400007,TotalEnergies,,TotalEnergies
node,5594572697,44.6263711,4.9677484,26450002,Système U,,Station U
node,5594572698,44.5406748,4.9338785,26160001,Système U,,U Utile
node,5594572705,44.3731397,4.9811534,84600002,Intermarché,,Intermarché
node,5594572712,44.4203247,4.8930560,26230002,Intermarché,,Intermarché
node,5594573021,44.4751404,4.6881851,7220003,Carrefour,,
node,5594573027,44.5783704,4.7444910,26200009,Avia,,Avia
node,5594630722,44.1099830,4.7922590,84100006,Total,,Total Contact
node,5594630738,44.2732544,4.6280692,30130016,Pont Cassé,,Pont Cassé
node,5595917898,48.4528884,1.2307954,,Elan,,Elan
node,5596195298,42.7953263,2.2268245,11140001,Dyneff,Dyneff,Station Dyneff Automate Axat
node,5596290707,42.8149089,1.9498582,,Dyneff,Dyneff,Dyneff
node,5596633638,48.9370866,-0.8409278,,,,
node,5597445281,43.4557522,4.4315383,13460001,,Sarl les Tamaris,Les Tamaris
node,5597445292,43.9761816,4.2114536,30190002,,Berbon Sarl,Berbon
node,5597445293,43.9448926,4.2290932,30190004,Intermarché,,Intermarché
node,5597445311,43.8212582,4.4685501,30129002,Intermarché,Intermarché,
node,5597445312,43.7260478,4.3294148,30640001,Système U,,Station U
node,5597445313,43.7426791,4.3431207,30510002,Avia,,Avia
node,5597445314,43.8122454,4.3394915,30900018,Total,,Total
node,5597932654,47.0226992,-1.0555726,49710001,Total,,TotalEnergies
node,5598739624,45.4164301,4.6689798,,TotalEnergies,,Ets JULLIEN
node,5598970600,43.6070641,6.7490590,83440006,Agip,,
node,5599011808,42.7791024,2.8999374,66600002,Total Access,,Total Access
node,5599011811,42.6591596,2.9520517,66330001,Total,,Total
node,5599011812,42.6903001,2.8357412,66000006,Total,,Total
node,5599261274,44.5436356,5.8460450,5400004,Carrefour,,Carrefour Market
node,5599498602,43.7039634,-0.2505519,40800002,Carrefour,,
node,5599499646,43.7234853,-0.2687197,40800006,E.Leclerc,,E. Leclerc
node,5599810222,45.2984412,4.1160925,,,,
node,5599813778,43.2547736,2.1677211,11170002,Intermarché,,
node,5605154977,43.9665103,6.5066667,4170002,TotalEnergies,,TotalEnergies
node,5606753176,44.3594445,-0.8505312,40410005,Avia,,Avia
node,5607725056,43.5501344,6.9580697,6150008,Total Access,,Total Access
node,5607891621,43.1077656,3.0993251,,,,Essence pour bateau
node,5610136721,43.4677405,6.5490914,83490002,Esso,,
node,5610486501,47.1873718,-1.4854113,44120007,Système U,,Station U
node,5610859444,43.4881415,6.3511060,83510004,Total,,Total
node,5611735365,43.5593055,6.2532933,83690003,Esso,,Relais Saint-Romain
node,5613247332,43.8376967,5.9868107,4210004,Independent,,Ets Garcin Frères
node,5614341342,43.7845464,-0.9329383,40465002,Intermarché,,Intermarché
node,5614341343,43.7062731,-1.0228563,40180003,Intermarché,,Intermarché
node,5614341345,43.6797246,-1.0927045,40180002,Total Contact,,Total Contact
node,5614341346,43.6835355,-0.9959151,40180001,Total,,Total
node,5614341348,43.4931282,-1.2939053,64240005,Carrefour,,Carrefour Market
node,5614341350,43.3932657,-1.4568137,64480001,Super U,,Super U
node,5614341351,43.4840589,-1.1375154,64520002,Intermarché,,Intermarché
node,5614341352,43.4823997,-1.1434782,64520001,Elan,,Elan
node,5614341354,43.5914428,-0.7520415,40330001,Intermarché,,Intermarché
node,5614341355,43.6264254,-0.8259589,40360003,Carrefour,,Carrefour
node,5614341356,43.6589968,-0.5910082,40700001,Total,,Total énergie
node,5614341357,43.6583182,-0.5859742,40700004,Carrefour Market,,Carrefour Market
node,5614341358,43.4505209,-0.1078698,64350003,Carrefour Contact,,Carrefour Contact
node,5614341359,43.1927031,-0.1239905,64530002,Intermarché,Groupement des Mousquetaires,Intermarché
node,5614341361,43.4006005,-0.3684135,64230008,Netto,,Netto
node,5614341362,43.3977503,-0.5710122,64170005,E.Leclerc,,E. Leclerc
node,5614341363,43.3464782,-0.4787781,64230006,Carrefour Contact,,Carrefour Contact
node,5614654262,43.1726269,2.7301345,,,,
node,5615071916,43.9803285,-0.7427483,40110003,Total,,Total
node,5615097580,44.0282201,-0.3271229,40120001,Carrefour,,Carrefour Contact
node,5615097581,44.0237995,-0.3389439,40120003,E. Leclerc,,Station Service E. Leclerc
node,5615097582,43.8859221,-0.3102327,40190003,Carrefour,,Carrefour Market
node,5615097583,43.7800135,-0.4371040,40270005,Total,,Total
node,5615159486,43.9560820,1.2257701,82700001,Total,,
node,5615159487,43.9127578,1.3683272,82370005,,,Ma station (Ex-Netto)
node,5615159489,43.7379244,1.3729598,31790002,TotalEnergies,,Total
node,5615159490,43.7248770,1.4105109,31150005,Total,,Total
node,5615159491,43.7207708,1.3982096,31150006,E. Leclerc,,
node,5615159498,43.6889451,1.3372005,31840001,Carrefour,,Carrefour Market
node,5615159499,43.6059936,1.4812455,31500008,Total,,Total
node,5615159500,43.5893803,1.5140072,31130011,TotalEnergies,,
node,5615159501,43.5592416,1.4040934,31100004,Carrefour Market,,Carrefour Market
node,5615159502,43.5431193,1.4159048,31120005,Esso Express,,Esso Express
node,5615159503,43.5180150,1.4180125,31120003,TotalEnergies,,Total
node,5615159504,43.4549779,1.4166445,31860001,Total,,Total
node,5615565256,43.3306044,6.0485190,83136005,Total,,Garage ACR
node,5615724151,45.3563854,-1.0611515,33930003,,,Station du Centre
node,5615724152,44.7506467,-1.1804169,33950001,Système U,,Station U
node,5615724153,44.6963670,-0.9793379,33980002,Carrefour Market,,Carrefour Market
node,5615724154,44.5488900,-1.1577747,33260010,Auchan,,Auchan
node,5615724155,44.3272739,-0.9440833,40160004,Total,,Total Contact
node,5615988119,45.0481009,-0.1220829,33230002,Intermarché,,Intermarché
node,5615988120,44.9741011,-0.3865947,33240012,Carrefour,,Carrefour Contact
node,5615989221,44.8580106,-0.3221922,33750004,Carrefour,,Carrefour Contact
node,5615989222,44.6995918,-0.4664334,33640003,Carrefour,,Carrefour
node,5616061857,49.1183490,5.5084473,55160013,Esso,,Esso
node,5617399763,48.9067624,2.4852422,93140004,BP,,
node,5620053104,44.4759921,0.9505666,47500007,Intermarché,,Bricomarché
node,5620053105,47.9170216,0.7510882,72120006,,,Q8 Oils
node,5620107523,45.8465358,5.8370420,73310002,Système U,,Station U
node,5620429283,49.5390450,0.1774103,76290003,Intermarché,,Intermarché
node,5620429284,49.4977128,0.1846218,76600012,TotalEnergies,,Total
node,5620886770,46.2721092,5.2857501,1370003,Intermarché,,Intermarché
node,5620928423,41.8346866,8.7790458,20166002,Total,,Total
node,5620928424,41.9234047,8.8249049,20129001,Vito,,Vito
node,5620928425,41.9683113,8.7793395,20167004,Total,,Total
node,5620931976,45.8790175,3.6929874,63250001,,,Station intercommunale de Chabreloche
node,5622042372,47.3974968,5.1328589,21490005,Carrefour,,Carrefour
node,5622042373,47.1809188,5.4003006,21130008,E.Leclerc,,E. Leclerc
node,5622042374,45.1920560,4.8146376,26240008,Netto,,
node,5622042375,45.5837060,4.3034866,42330002,Intermarché,,Intermarché
node,5631049809,48.2218206,6.4310782,,AS 24,,AS 24
node,5634746026,47.9727627,2.1071715,,,,
node,5634792142,43.3818593,5.3466057,13170008,Independent,,Relais des Cadeneaux
node,5635904977,43.3675441,5.2500406,13740004,Intermarché,,Intermarché
node,5638026356,43.3909390,4.8004648,13230003,Independent,SARL Rodriguez,SARL Rodriguez
node,5639067759,43.4954609,4.9861117,13800009,Avia,SARL Sud Auto 2000,
node,5640353079,43.4906900,5.1725811,13130002,Carrefour Market,,Carrefour Market Berre l'Étang
node,5640373569,47.2302752,0.7681820,37320008,,,G20
node,5640373570,47.5787006,0.8965713,37110004,Total,,Total Access
node,5640373571,47.5905591,0.8986044,37110003,Intermarché,,Intermarché
node,5640373573,47.4048562,0.9858302,37400008,Carrefour Contact,,Carrefour Contact
node,5640373574,47.2567221,0.8419561,37320010,Carrefour,,Carrefour
node,5640373576,47.3089942,0.7137224,37250005,Esso,,Esso
node,5640373578,47.4420402,0.6238952,37390004,Total,SARL SAIDSADAT,Relais Mazagran
node,5640387296,43.5245762,5.2349961,13880001,Intermarché,,Intermarché
node,5640744205,48.0158104,0.3284835,72470004,Total Access,,Total Access
node,5640744206,48.0161845,0.2183747,72000001,Carrefour,,Carrefour
node,5640744219,47.8976664,0.1914909,72230011,Intermarché,,Intermarché
node,5640744331,47.8760481,0.2163711,72220005,Intermarché,,Intermarché
node,5640787464,42.5783639,2.8474780,66300013,Rompetrol,,Rompetrol
node,5641813765,43.8874586,4.8511313,13160005,Super U,,Super U
node,5641813783,43.8594500,4.9521535,13440005,,,Distrifioul Provence
node,5642328354,43.6920332,4.8605557,13890000,Independent,,Station du Vallat
node,5643604700,43.3724629,0.0604087,65500004,TotalEnergies,,Total
node,5643604701,43.3892262,0.1443189,65140003,Carrefour,,Carrefour Contact
node,5643604702,43.7118211,0.6216516,32810003,Total,,Total
node,5643604704,43.6168346,0.5752721,32550001,Total,,Total
node,5643604705,43.6488392,0.5944419,32000008,,,PétrAM.
node,5643604706,43.6367390,0.5897132,32000005,TotalEnergies,,Total
node,5643604707,43.5166846,0.4134437,32300003,TotalEnergies,,TotalEnergies
node,5643604710,43.4427287,0.5774769,32140001,Super U,,Super U
node,5643604711,43.6310812,0.8669637,32200006,Total,,Total Contact
node,5643604712,43.7278729,0.8779083,32120001,Elan,,Elan
node,5643604713,43.8690219,0.3915328,32310004,Carrefour,,Carrefour
node,5643604714,43.6685740,-0.0790742,32400003,Total,,Total
node,5643604715,44.1834206,0.5744152,47310003,Total Access,,TotalEnergies
node,5643604718,44.1235980,0.6583884,47390001,Elan,,Elan
node,5643604719,44.1187853,0.7033101,47220002,,Val fleuri SARL,Aire C
node,5643604720,44.0595497,0.6522247,47220003,Intermarché,,Intermarché
node,5643605533,44.1483063,0.3245741,47600003,Intermarché,,Intermarché
node,5643605534,44.2213017,0.5568943,47450003,Total,,Total Contact
node,5643605536,44.3324593,0.3813672,47320004,TotalEnergies,,Total Contact
node,5643605537,44.3611446,0.3803869,47320002,Total,,Total
node,5643605538,44.4006365,0.2994338,47400004,Total Access,,
node,5643605539,44.4577808,0.6946385,47300004,,,Fina - Relais de Soubirous
node,5643605540,44.5328678,0.6251746,47290002,Total,,Total Contact
node,5643605541,44.5247393,0.7607308,47150003,Auchan,,Auchan
node,5643605542,44.3956442,0.8059649,47140002,Intermarché,,Intermarché
node,5643605544,44.6354406,0.7380608,47210001,Intermarché,,Intermarché
node,5643605545,44.6285949,0.4572576,47410000,,,Aire C
node,5643605546,44.5966127,0.3538665,47800003,Netto,,Netto
node,5643605547,44.6134031,0.3600061,47800002,Intermarché,,Intermarché
node,5643605548,44.5048463,0.2222156,47200011,Elan,,Elan
node,5643605549,44.5083392,0.1906246,47200004,Total,,Total Contact
node,5643605550,44.4640714,0.1394480,47200002,Total,,Total
node,5643605552,44.5077376,0.1461710,47200012,Intermarché,,Intermarché
node,5644317621,42.7735458,2.9976422,66250003,OIL!,,Oil France
node,5644317622,42.6095582,2.9985434,66200005,Auchan,,Auchan
node,5644317623,42.5520331,2.9771474,66690001,Intermarché,,Intermarché
node,5644317627,43.5289148,1.2125828,31470007,Carrefour,,Carrefour
node,5644317629,43.5612802,1.6557384,31570002,Carrefour Contact,,Carrefour Contact
node,5644317630,43.4138149,1.1161758,31370001,Carrefour,,Carrefour
node,5644317631,43.3301160,1.3168493,31410007,Intermarché,,Intermarché
node,5644317632,43.2879807,1.0685505,31430002,Carrefour,,Carrefour Contact
node,5644334327,48.8936776,2.2602358,92400016,Total,,Total
node,5644334328,48.9318798,2.2900459,92230011,Total Access,,Total Access
node,5644334330,46.9927110,-0.2361537,79100009,Eirana,Eirana,Eirana
node,5644368103,48.6940610,2.2819519,91160010,Carrefour Market,,Carrefour Market
node,5644368104,48.6989539,2.3039800,91380009,BP,,ESSO
node,5644616938,50.1175111,1.8292599,80100009,Intermarché,,Intermarché
node,5645325329,43.5410456,1.2386388,31470001,Total,,Total
node,5645669125,44.4785309,1.3050007,46140003,Carrefour Contact,,Carrefour Contact
node,5645669126,44.5014718,1.1936286,46220005,TotalEnergies,,TotalEnergies
node,5645669127,44.5049993,1.1750087,46220002,Carrefour,,Carrefour Market
node,5645669128,44.5544363,1.3383069,46150001,,,Spar
node,5645669129,44.7403998,1.3911325,46300011,Total Contact,,Total Contact
node,5645669130,44.3365495,1.0185501,82150001,Intermarché,,
node,5645669131,43.8921751,1.0115978,82500003,Casino,,Casino
node,5645669133,44.0757441,1.3708784,82130002,Independent,,Gaston
node,5645669134,44.4364379,3.2018717,48500001,Intermarché,,Intermarché
node,5645669135,44.2183217,4.1564155,30960003,,,Relais des Cambons
node,5645669136,43.7826992,4.2032267,30420002,Système U,,Station U
node,5645669137,44.0104759,4.4079798,30700006,Dyneff,,Dyneff
node,5645669138,43.9389549,4.5695472,30210007,Total,,Total
node,5645669139,43.9743135,3.5921125,30120003,Intermarché,,Intermarché
node,5645669141,43.6431456,2.0464276,81220002,Total,,Total Contact
node,5645925412,47.1499706,0.2333012,37500002,Elan,,
node,5645925413,47.1495657,0.2374855,37500001,Station U,,Station U
node,5645925414,47.1238026,0.4320702,37220001,Super U,,Super U
node,5645925415,47.1176611,0.4174429,37220002,Elan,,Elan
node,5645925416,47.1086035,0.5832142,37800004,Total,,Total
node,5645925417,47.0407991,0.8143307,37240001,Auchan,,Auchan
node,5645925419,48.0214995,0.1072575,72650002,Total Contact,Total,SARL Picault
node,5645925420,48.1975445,0.1689282,72170004,Total,,Total
node,5645933121,48.2546974,0.3142034,72260001,Système U,,Station U
node,5645933122,48.2184717,0.1302481,72170005,Total,,
node,5645933123,48.2990348,0.0968680,72130006,Total,,
node,5645933124,47.9926860,-0.1541707,72540003,Carrefour,,Carrefour
node,5645933125,47.9749304,-0.2299485,72350001,Total Contact,,Total Contact
node,5645933126,48.2771534,0.4619099,72110002,Intermarché,,Intermarché
node,5645933127,47.9283346,0.7204950,72120004,Elan,Garage Roquain,Elan
node,5645933129,45.4958841,1.2152499,87500004,Intermarché,,Intermarché
node,5645933130,45.0712968,1.7377120,19190002,Total,,Total
node,5645933131,45.2497509,1.4117485,19130003,Total,,Total
node,5645933132,45.3201963,1.3269853,19350001,Carrefour,,Carrefour Contact
node,5645933135,43.9275033,-0.9209848,40370001,Carrefour,,Carrefour Express
node,5645933136,44.2023318,-0.9276554,40210004,E. Leclerc,,
node,5645933137,43.9762055,-0.2398619,40240008,Carrefour,Carrefour,Carrefour Contact
node,5645933138,43.4055162,-1.4680829,64480005,Total,,Total Contact
node,5645933140,43.4760249,-0.6128083,64370001,Carrefour,,Carrefour Contact
node,5645933141,43.5425145,-0.6828985,64300007,Système U,,Station U
node,5646101018,47.9669869,6.4640486,,Elan,,Elan
node,5646219813,49.7143709,1.0978711,76720002,Vallée,,
node,5646219814,49.7897402,1.2190760,76950002,Carrefour,,Carrefour
node,5646219815,50.0503672,1.4234805,76260005,Total Contact,,Total contact
node,5646219816,49.4728066,1.7256152,76220008,,,JBeauval
node,5646219817,48.4448850,0.0989065,61000008,,,Bayi Carburants
node,5646219818,48.5885417,0.6537428,61190004,Carrefour,,Carrefour
node,5646298926,43.6015876,5.0746330,13450001,U Express,,
node,5646327224,49.8703967,2.5117439,80380001,Total,,Total
node,5646327225,49.9381898,2.7198753,80340004,Carrefour,,Carrefour
node,5646327226,49.8159074,2.8042629,80320004,Carrefour,,Carrefour
node,5646327228,49.7674864,1.8007144,80290009,Total,,Total
node,5646327229,50.0593394,1.8969267,80580001,E.Leclerc,,E. Leclerc
node,5646327230,49.9601995,1.7662641,80140004,Total Access,,Espace Auto
node,5646327231,49.6460908,2.5732094,80500004,Total,,Total
node,5646327232,49.7420486,3.0917655,80400005,Carrefour,,Carrefour
node,5647374779,49.6013837,2.0822536,60360002,E.Leclerc,,Station Service E. Leclerc
node,5647374780,49.3714076,1.9877475,60390004,TotalEnergies,,Total Contact
node,5647374781,48.8288145,1.9850895,78340004,Esso Express,,Esso Express
node,5647374782,48.5709565,1.8319166,78660004,TotalEnergies,ARGEDIS,TotalEnergies Access - Relais Prunay
node,5647374785,47.3930951,4.1596716,21530002,Perreau Carburants,Perreau Carburants,Perreau Carburants
node,5647374787,48.3642490,1.3299334,28120003,Intermarché,,Intermarché
node,5647374788,48.4641627,1.4813331,28000002,Total Contact,,Total Contact
node,5647374789,48.6257892,1.1501688,28170002,,,Libreco
node,5647374790,48.2793053,1.6220967,28150002,Intermarché,,Intermarché
node,5647374792,48.5317534,1.6846519,28320003,Carrefour Market,,Carrefour Market
node,5647374795,48.2604593,0.9138983,28420001,Total,,Total Contact
node,5647374796,48.3330175,0.8066690,28400004,Intermarché,,Intermarché
node,5647374797,48.3063178,0.8082890,28400005,Total,,Total Contact
node,5647374798,49.1940281,0.7149348,27800002,Intermarché,,Intermarché
node,5647416220,43.7946083,4.6944350,13150003,Intermarché,,Intermarché
node,5647426830,43.8022023,4.6639390,13150006,Total Access,,Relais d’Argence
node,5647533254,43.7437688,5.0763346,13560002,Elan,,Garage Semap
node,5649289005,47.8877954,6.9944164,68470003,U Express,,U Express
node,5649289006,49.7335279,3.2450652,2480002,Carrefour,,Carrefour
node,5649289008,50.7582779,2.6023945,59190011,Carrefour,,Carrefour
node,5649289012,47.5266395,-2.3110972,56130001,TotalEnergies,,Total Contact
node,5649289013,47.7172637,-1.9764889,35660004,Total,,Total Contact
node,5649289016,47.4747841,-0.3471825,49630007,Carrefour,,
node,5649289018,46.4049321,-1.3905510,85750002,Intermarché,,Intermarché
node,5649289019,45.4737027,0.0285804,16250001,Carrefour,,Carrefour Contact
node,5649289020,45.7466759,0.3831466,16110003,Casino,,Casino
node,5649289021,44.5569981,-0.2548581,33210011,TotalEnergies,,Total Access
node,5649289022,44.5720985,-0.1834577,33490002,Total,,Total
node,5649289023,44.5852772,-0.0816572,33190005,Total,,Total Contact
node,5649289024,44.6498204,0.0876680,33580002,Carrefour,,Carrefour Contact
node,5649289026,44.4447935,-0.2380595,33430001,Système U,,Station U
node,5649737446,41.7872130,8.9742824,20140001,Vito,,Vito
node,5649737447,41.9003965,9.0974709,20153003,Total,,
node,5649737448,42.2854182,8.6994781,20147001,Total,,
node,5649737455,43.7577135,7.3204578,6340001,Renault,Renault,Renault
node,5649737457,45.9244533,6.0884830,74330002,Total,,Total Contact
node,5649737458,47.0473110,6.4975562,25650002,Sarl Guinchard Jacquin,Sarl Guinchard Jacquin,
node,5661791521,41.6975119,9.0637019,,Eni,,Eni
node,5669996210,48.9762702,5.7010886,55210003,Intermarché,,Intermarché Contact
node,5680003663,49.4991069,0.1912198,,AS 24,,AS 24
node,5692562523,49.0407026,2.6860014,77230009,Carrefour,,Carrefour
node,5723367246,44.0381350,5.7736427,,,,Station service Communale Porte de Lure
node,5734175621,43.2862857,5.3740246,13006003,Avia,Garage Notre-Dame de la Garde,
node,5745251726,44.6997756,-0.5990928,,,,
node,5746776315,45.3376507,3.2739050,43360003,Avia,,Avia
node,5750305820,48.8426905,2.3381680,,,,Zahav
node,5766376369,48.2429435,3.5539000,89190007,Shell,,
node,5766376370,48.2472286,3.5555122,89190008,Shell,,Shell
node,5766376371,48.2373262,3.5526614,89190006,Carrefour Contact,,
node,5777146366,49.6112200,1.5472927,76440008,Carrefour,Carrefour,Carrefour
node,5784046190,49.2249747,6.0141585,54240002,Esso Express,,Esso Express
node,5784436493,43.7213293,5.5420604,84240001,Total,Total,Total
node,5787068253,46.2577076,6.0590235,,,,CERN gas station
node,5789226952,43.9643696,1.8219968,,,,
node,5790220816,45.9075590,1.6050385,,Elan,Elan,Elan
node,5793515640,46.6192988,-0.9131393,,Avia,,
node,5796113125,48.6490009,2.5627458,77380001,Intermarché,,Intermarché
node,5799003234,42.4098113,8.6869989,20245002,,,Energia Suprana
node,5799591041,43.3288846,5.1531010,,,,
node,5799591042,43.3327365,5.1996885,,,,
node,5810547970,47.7319110,3.3098298,89130003,Avia,,
node,5820127395,45.2475833,5.8678761,,Esso,,Esso Truck Fuel
node,5822476542,43.5663859,1.4585048,31400005,Esso Express,,Esso Express
node,5824363871,47.7702339,4.1748529,89160001,bi1,Bi1,bi1
node,5827670417,44.2159549,3.8065103,,,,Chez Thierry
node,5829202341,43.5992315,1.4172933,31300007,TotalEnergies,,Relais Toulouse Grande-Bretagne
node,5838971739,48.8367938,2.1292932,,Esso Express,Esso Express,Esso Express
node,5842299481,45.3807532,0.6453948,24310002,Carrefour,Carrefour,Carrefour
node,5843481685,44.3435064,1.5414890,46230005,Carrefour Contact,Carrefour,Carrefour Contact
node,5856118741,47.2787549,4.2368347,21210001,Avia,,Avia
node,5856119182,45.5071544,1.3103014,,,,
node,5856168802,45.7692461,0.9640581,87310001,,,24/24 Saint-Laurent-sur-Gorre
node,5856277193,48.8201804,7.7785780,67500005,TotalEnergies,Total,Total
node,5856285921,45.6614309,2.2023915,19290002,,Commune de Sornac,Station-service de La Pierre Grosse
node,5858628379,48.7890699,1.9738457,78190011,Auchan,,Auchan
node,5867351487,49.0177729,0.4118370,,Total,,Station Total
node,5868179425,48.1965406,-4.0849198,29150004,Intermarché,Groupement des Mousquetaires,Intermarché
node,5873562881,48.1267762,-3.7169664,,,Océane Auto,
node,5876564885,47.4913647,1.1985982,,,,
node,5877785885,43.5942995,-1.1460370,,,,
node,5880838921,47.2732469,1.8544172,,Elan,,Elan
node,5881179210,43.9547756,2.8907897,12400006,Super U,Super U,Super U
node,5881736067,5.6055745,-53.8205708,,,,
node,5888612950,44.4136470,6.7287076,,,,Le Sans Soucis
node,5891169264,44.5592752,6.0731234,5000018,Total,Total,
node,5891214559,48.0840290,2.4713106,45340005,Avia,Avia,Avia
node,5899248176,45.2745789,5.8872506,38920002,Carrefour Market,,
node,5901657985,49.3841486,-1.5289034,,TotalEnergies,,TotalEnergies
node,5902355940,50.4137254,2.9809166,62950001,Auchan,,Auchan
node,5906854985,-8.9211992,-140.0947090,,Total,,Total
node,5906868914,49.6921433,3.6232831,2270001,Carrefour,,Carrefour
node,5908244198,46.4196492,0.0353432,,,,
node,5908244199,46.5014554,-0.0640301,,,,
node,5908292088,50.6120942,2.4927686,62330002,Netto,,Netto
node,5909607101,49.7036554,2.7783267,80700009,Total Access,,Total Access
node,5909686442,49.6390296,2.2824861,60120002,Carrefour,,Carrefour
node,5913261269,47.6736047,6.9268390,,,,Station Margaine
node,5915961883,44.7144130,2.2026207,15600003,Intermarché,,Intermarché
node,5917810323,50.0145957,1.9954203,80510005,TotalEnergies,,Total
node,5927031763,43.7547348,1.4077759,31790004,Carrefour Contact,Carrefour,
node,5928868318,47.5844163,-0.7625461,,,Joubert,Station-service Joubert essence
node,5928868319,47.5843801,-0.7628190,,,Joubert,Station-service Joubert diesel
node,5933838286,47.6883938,1.1960484,,,,
node,5940254346,48.7327272,2.3656218,,Air Liquide,,
node,5940277588,48.7603587,2.1322875,,Air Liquide,Air Liquide,Air Liquide
node,5946088798,47.7710749,7.5173235,,,,
node,5968420852,43.7110462,6.5066145,83840001,,,Station Service Communale
node,5978136330,45.2885509,4.1670229,43120001,Carrefour,,Carrefour Market
node,6003231164,45.7184322,4.9528491,69800019,Total Access,,Relais Saint-Priest Mi-Plaine 2
node,6005527453,48.7129232,2.2983876,91380011,BP,,BP
node,6009555630,41.9349046,9.1585998,20148001,Esso,,
node,6015920900,47.7894615,2.3780532,45460002,Intermarché,,Intermarché
node,6017168228,47.9619218,-2.5452182,56120006,Super U,,Super U
node,6028806086,-16.7143021,-151.0341740,,Total,,Total
node,6029439651,48.4018619,3.7449951,,Elan,SARL Gaudio,Garage Gaudio
node,6034483546,43.7093735,2.6974624,81230005,Carrefour Contact,,Carrefour Contact
node,6035235485,43.8052742,0.4283594,,,,
node,6036451218,47.2959404,-1.4845052,44470007,TotalEnergies,,TotalEnergies
node,6039813269,43.6017058,1.2622704,31490001,Station U,Super U,Super U
node,6043017585,14.6691315,-61.0208908,,CAP,,CAP
node,6048680734,45.1722637,2.3104067,,Elan,,Elan
node,6052398194,43.9780218,4.9083966,84270002,Carrefour,,Carrefour
node,6053044331,44.7396916,-0.6812482,33610001,Super U,,Super U
node,6053062500,45.2458976,4.3579110,,,,
node,6057950179,44.9901196,3.6784881,,,Mairie de Saint Privat,
node,6058238560,43.9294613,4.7906936,84000023,Carrefour,,Carrefour
node,6058985698,46.9672106,-0.2109651,79100011,TotalEnergies,S.A.R.L APMS,Total
node,6059013483,47.5043833,2.8515152,18240001,Système U,,Système U - Utile - Belleville Sur Loire
node,6076245559,45.7921329,4.4251504,,,,Seve Claudius
node,6083628010,47.4995696,7.3075322,68480002,Auchan,,Auchan
node,6083655152,46.9756471,-0.1922862,79100006,Total,,
node,6091077776,46.9220351,4.1019492,,,,
node,6093040187,44.8469764,4.1210422,,Elan,,Elan
node,6113275509,44.7028660,4.2222020,,,,
node,6113832903,43.3668836,5.2445673,13740001,Total,,Total Contact
node,6114728886,14.7131275,-61.0205301,,,,
node,6125602902,16.2237967,-61.3977778,,Esso,,Esso
node,6126119160,45.5929045,5.2606500,,,,
node,6140863285,47.2223827,5.0094738,21220008,Avia,,Avia
node,6140863383,49.1182333,5.5079446,,BP,,BP
node,6140953303,47.6202991,4.3423298,21500004,Netto,,Netto
node,6143210428,48.0813544,2.0490422,45170002,Total,Total,Total Excellium
node,6143316916,47.8831970,1.8637781,45750002,Station U,,Station U
node,6144655757,47.3463841,1.7275966,41200006,Système U,,Station U
node,6144758448,47.4627316,-0.4077761,49800002,Super U,,Station U
node,6144987704,47.8146486,-4.3341457,29760004,Carrefour,Carrefour,Carrefour
node,6145013647,48.0755270,-4.3057375,29100004,Intermarché,,Intermarché
node,6145210424,48.6069156,-4.5110587,29880005,Carrefour Contact,,Carrefour Contact
node,6145225891,48.3163303,-3.0587258,22320005,Carrefour,,Carrefour
node,6145256833,49.6076342,-1.6614292,50690001,TotalEnergies,,Total
node,6145268538,49.0501166,-1.4396081,50200014,Carrefour,,Carrefour
node,6145815361,50.2613658,2.8646396,62128010,BP,,BP Aire de Wancourt Est - Camions
node,6145854624,49.4386729,1.8873095,60650007,Esso,René Patrice,Esso
node,6145875118,49.4349454,1.9144458,60650006,Carrefour,,Carrefour
node,6145934823,49.3937570,1.0597371,76800009,Total Access,Total,Total Access
node,6145934827,49.0282349,2.3655170,95460003,TotalEnergies,,TotalEnergies Contact
node,6147011539,49.2898136,-0.2842519,14880003,Intermarché,,Intermarché
node,6147032662,48.9810815,-0.9522597,50160004,Esso,Esso,Esso
node,6147090616,48.8169854,0.6998610,27250002,Intermarché,,Intermarché
node,6147185041,48.0770133,-0.7531240,53000009,TotalEnergies,,Pont de Paris
node,6147185043,48.7494318,0.9332771,27130001,Carrefour,SARL CARPEDIEM,Carrefour
node,6147185057,48.7461121,0.9289643,27130002,Total,ETS JEAN CHANOINE,Total
node,6147237237,45.4373495,4.4107840,42100020,Station U,,La Station U
node,6147266238,45.3868323,6.0685927,38580004,Carrefour,,Carrefour
node,6147270316,45.1788890,5.7051317,38000018,Eni,,Eni
node,6147335478,44.4350397,3.9333829,48800002,Avia,,Avia
node,6147436367,43.8867782,4.8538564,13160001,,GAROUCHA,Garoucha Fioul Service SARL
node,6147436369,44.2264936,4.1634708,30960004,U,,U Express
node,6147774392,41.8890467,8.8028123,20166006,TotalEnergies,SARL DAP,Total
node,6147790994,41.9523472,8.7814762,20167010,Vito,,Vito
node,6147809188,43.5347064,5.4178364,13090021,Auchan,,Auchan
node,6147824449,43.3874542,5.2301037,13180002,Carrefour Market,,Carrefour Market
node,6147920831,42.7726183,3.0005854,66250001,Total,S.A.S FORMENTY,Total
node,6147943715,42.7909150,3.0349657,66420002,Système U,,Système U
node,6147962832,42.9457545,1.6261189,9000006,E.Leclerc,,E. Leclerc
node,6148039076,42.9131737,0.6476922,31440002,Intermarché,,Intermarché
node,6148058279,43.2865077,0.6567991,31350002,Intermarché,,Intermarché
node,6148129999,43.4461687,-0.4700977,64230004,Total,,Total
node,6148178906,43.3864480,-1.3139315,64240006,E.Leclerc,,E. Leclerc
node,6148247837,43.9359769,0.6428657,32700002,Intermarché,,Intermarché
node,6148309214,44.1712152,0.6088640,47520004,TotalEnergies,,TotalEnergies
node,6148316645,44.1859446,0.6623116,47550007,Total Access,Total,Relais Bon Encontre
node,6150274356,44.2374570,0.6428112,47510001,Total,SARL GARAGE DU CAOULET,Total Excellium
node,6150292622,44.3566982,0.3815342,47320003,Carrefour,,Carrefour
node,6150337788,44.5120223,-0.0527295,33124001,,,Safety Carb
node,6151407797,43.8697832,-1.1338261,40260009,TotalEnergies,TotalEnergies,Relais des Castets
node,6152229234,44.7439246,1.4279885,46300009,Avia,,Avia
node,6152288507,45.1292337,1.3265517,24120001,Auchan,,Auchan
node,6152322030,43.6834745,1.8158716,81500005,Leader Price,,Leader Price
node,6152349704,48.6032345,2.2486233,91180001,Esso Express,,Esso Express
node,6152364565,48.7081542,2.5281516,94440001,Intermarché,,Intermarché
node,6153076680,48.7604486,2.3486807,94594003,BP,BP,BP
node,6153110089,48.7903898,2.4452062,94000009,Total Access,Total,Relais de Montaigut
node,6153120886,48.8077101,2.3626368,94270005,E.Leclerc,,E. Leclerc
node,6153142257,48.8467056,2.2556763,75016001,Carrefour,,Carrefour
node,6153152496,48.8617418,2.1842680,92500015,Esso,,Esso
node,6154093410,48.8777059,2.6158115,77508001,Carrefour,,Carrefour
node,6154093411,48.9450444,2.2628466,95100007,BP,,BP
node,6154136385,49.7076448,2.7656418,80700002,BP,,BP
node,6155326956,43.7123034,2.7069446,81320002,Mousquetaire,,Netto
node,6155350257,44.8349440,0.4482635,24114001,E.Leclerc,,Station Service E. Leclerc
node,6155684833,50.6511645,3.0623639,59110005,Total Access,Total,Total Access
node,6158464300,49.9553281,1.7700628,80140003,Intermarché,Groupement des Mousquetaires,Intermarché
node,6158517676,49.7898367,1.2200859,76950003,Esso,,Esso
node,6158544705,49.8316156,1.4021362,,,,
node,6158576925,49.7347700,1.4444554,,Esso,,Esso
node,6158781257,49.6238406,0.7793457,76190001,Total,SARL SYLDA,Total
node,6158921026,49.4174001,1.1324340,76240001,Super U,Les Coopérateurs de Normandie Picardie,La Station U
node,6159194464,49.2463445,1.4154004,27700005,Total,Total,Total
node,6159239030,47.5326370,2.0340532,,Elan,,Elan
node,6159773361,47.0445013,2.3447576,,,AS24,
node,6164349189,48.9792906,-0.4751806,14220002,XBEE,,Garade Amand
node,6167986485,48.0386234,1.0782158,,,,
node,6170333687,43.5509767,1.4091762,,,,
node,6173245155,45.4786047,4.5177953,42400007,Total Access,,Total Access
node,6176517381,45.0184551,4.8741008,,,,
node,6176953249,47.9120276,2.7350978,45200007,Total Access,,Total Access
node,6179126466,48.8152263,0.7039519,27250001,Leader Price,,Leader Price
node,6179209861,47.6323456,-2.1737421,56350004,Intermarché,,Intermarché
node,6179234430,47.8050513,-4.2805899,29730006,Carrefour,,Carrefour
node,6184577133,49.2120299,1.2176249,27400007,Esso,,Esso
node,6186212600,47.8532477,2.7414115,45290001,Avia,Avia,Avia
node,6186301925,47.7916918,6.3912977,70300008,,,GME
node,6186390830,48.9264908,2.2533700,92700024,Esso,,Esso
node,6186798431,43.4039191,1.7025550,31290011,Intermarché,,Intermarché
node,6188783550,48.6952491,-3.1515357,,Elan,,ELAN
node,6193337685,45.6151770,4.7045094,69440001,Esso,Automobiles en Pays Mornantais,Esso
node,6195241863,49.3202898,0.3194679,27210006,Avia,,Avia
node,6199091987,48.2885405,2.3988692,45330003,Intermarché,Groupement des Mousquetaires,Intermarché
node,6199204641,48.7667019,1.1958884,28350001,E.Leclerc,E. Leclerc,Station Service E. Leclerc
node,6200547741,48.7757282,1.2108199,27130003,E.Leclerc,E. Leclerc,Station Service E. Leclerc
node,6201600857,46.5816643,2.0013329,36400005,Total Access,Profil +,Total Access
node,6205235400,44.7401330,1.3906847,46300007,Avia,,Avia
node,6208215240,50.5763637,3.2174077,59830001,Intermarché,,Intermarché
node,6209723474,49.8980574,2.2699130,80000019,Super U,,Super U
node,6219251676,49.2977188,6.2119786,57310002,Intermarché,,Intermarché
node,6220841863,49.1061399,6.2080117,57070005,Esso,Esso,Esso
node,6221084918,48.9699377,6.2959817,57420002,,Total,
node,6221084934,49.1087272,6.7202613,57500002,,,Match
node,6224774954,48.6120153,7.7823262,67000002,,,Match
node,6227294488,50.1751152,3.2485752,59400003,Esso Express,,Esso Express
node,6232597111,46.5824683,2.0011760,36400001,Super U,Super U,Super U
node,6232738827,45.7528998,3.9866896,42130002,Esso,,
node,6232778151,50.4801853,3.2463567,59310004,Intermarché,,Intermarché
node,6232778175,44.8071193,4.7841929,7800005,Avia,,
node,6237524888,43.7591798,0.4758771,,Total,,Total
node,6237907981,49.2079446,4.1490785,,,,
node,6239365385,-21.2806781,55.5015019,,Total,,Total
node,6254074201,48.1487045,2.7780410,45680003,Intermarché,Groupement des Mousquetaires,Intermarché
node,6272355480,45.2488378,1.3252489,,,Utile,Station Communale Ayen
node,6285042011,47.8029172,-2.2209364,,,,
node,6287483275,46.1180649,-1.0260643,,Avia,,
node,6288787746,44.9776608,2.6233160,15800005,Total,,Total
node,6308630296,44.5749148,-0.7790945,33770002,Elan,,Elan
node,6328570738,-21.5479603,167.8784489,,total,,Station essence
node,6329691790,48.9003162,2.3177547,92110011,Total,Total,
node,6330277414,-20.8984061,55.5675937,,TotalEnergies,,Total
node,6337785519,43.9502074,0.2080965,32250001,Avia,,Avia
node,6343581683,48.0950044,-0.6938335,53960001,Avia,,Avia
node,6350731242,46.4705161,-1.4922497,,Elan,,Elan
node,6351994552,4.9343967,-52.4129719,,,,Station-Service Soula
node,6354797704,44.5746893,-0.2552806,33490004,Carrefour,,
node,6355372507,46.9917321,3.1737713,,,,
node,6357632789,43.7569610,4.0843258,34160004,Garage de Boisseron,,Garage de Boisseron
node,6362024602,48.5878342,6.8446460,54450003,Intermarché,,Intermarché
node,6362379255,43.3156376,6.2753316,83590001,Intermarché,,Intermarché
node,6367661542,45.8121925,4.9283197,,Avia,,Avia
node,6372599297,15.8548638,-61.6163154,,Total,,Total
node,6379602138,47.7142191,-0.9151264,,Elan,,Élan
node,6380030717,48.0194080,-4.5327497,,,,
node,6383068057,46.2944920,4.7984621,,,,UL91
node,6385820787,-17.5345930,-149.5504530,,Total,,Station Total
node,6388706439,49.3342326,-0.4197229,14990002,Intermarché,,
node,6390553787,48.8358862,2.2386680,92100014,Total,,Total Excellium
node,6404627260,49.5393698,2.7018414,60490008,Total Access,Total,Total Access
node,6426838922,43.9518902,2.5845962,,,,
node,6432790842,48.5456936,-1.1724984,,,,
node,6439621525,46.0347555,4.4952845,69870002,Intermarché,,Intermarché
node,6465862285,49.0403568,3.3871544,,Carrefour,,Carrefour
node,6466496901,-12.7934635,45.1318630,,Total,,Station-services TotalEnergies Combani
node,6469416485,43.4761664,2.6541275,,,,
node,6484110383,43.9149459,1.3081395,82370004,Avia,,Avia
node,6484114479,43.8990578,1.3102289,82370003,,,Puretech
node,6499181545,46.8454314,-1.8811096,85300001,TotalEnergies,,Total Contact
node,6508527988,50.9247336,1.9052827,62137002,,,Établissement Bidal
node,6516540301,46.9824463,3.8081392,58290001,Avia,,Avia XPress
node,6518681742,49.1021568,-1.1181777,,,,
node,6524990180,46.2948392,4.7984234,,TotalEnergies,,100LL
node,6528693254,44.5361058,2.1752235,,,,
node,6542548488,47.5281952,5.3763043,21610002,,Bourgogne Espace Rural,BER Énergies
node,6544370416,45.7654781,3.1036765,63000007,Esso,esso,Esso
node,6545895589,47.0455519,3.6439321,58110003,Avia,,Avia XPress
node,6547579547,47.7571444,7.0435122,,Elan,,
node,6549843231,46.6010122,-1.6565779,85150001,Avia,,Poids-Lourds
node,6562609107,48.2841768,-1.1182559,,Elan,,Elan
node,6567885649,45.7502536,1.9317895,,,,Station service communale
node,6568579064,48.9049943,7.8443652,,TotalEnergies,,Total Energies
node,6583853224,49.1854990,6.6874525,,,Tramosa,
node,6592837677,46.9386229,1.9673431,36100003,Elan,Fougère Auto,Elan
node,6596840974,44.9666258,2.6068214,15800002,Intermarché,,
node,6598102010,48.5153726,7.6440429,,,,Station Carburant
node,6603746533,48.6612528,7.8227963,,Elan,Garage Stroh,Elan
node,6611578431,48.3952328,3.1882744,,,,Station Liberté / Valvoline
node,6614537657,49.7641162,1.7492178,,Elan,,Elan
node,6632324436,46.1428708,2.1055347,,,,Station Communale
node,6638675062,47.2126574,4.3530235,,,,Elf
node,6642863047,46.0402171,5.3422871,1160002,Super U,,Super U
node,6651709840,44.1533616,1.7541657,,,,Agence Blatger
node,6660638153,46.0498599,4.7655118,1480004,Total,,Total
node,6669397080,45.9764517,5.3182752,1500003,Avia,,Avia
node,6669397081,45.9763058,5.3181455,1500006,Total,,Total
node,6679872942,45.0534384,3.8986740,43770001,Intermarché,Groupement des Mousquetaires,Intermarché
node,6681063377,46.4223289,-1.5740396,85520001,Elan,,
node,6684211042,44.3474477,3.9513589,,,,
node,6698718875,48.6391672,1.5150559,28210002,Intermarché,,Intermarché
node,6702565387,42.8749748,-0.0041853,65120001,Carrefour Market,,Carrefour Market
node,6708098512,47.8964588,3.2342640,,,,
node,6739678759,47.4041143,0.7264790,37100010,TotalEnergies,,Total
node,6743386519,4.8548431,-52.3327330,,Total,Total,Total
node,6743881587,47.9899772,2.6668704,,AS24,,AS24
node,6744044512,48.0971712,-1.7766660,,Elan,,Elan
node,6747124075,47.1129597,-56.3846936,,,,
node,6750577286,45.9337738,2.8357931,63780001,,,Station Intermarché
node,6753262376,46.7836240,-56.1695266,,,,Hardy
node,6760281116,45.4547765,2.4051173,,,,
node,6760286750,45.4032997,2.4999919,19110001,Carrefour,,Carrefour
node,6760430860,45.3986950,2.4987663,,,,Gedimat Vialleix
node,6760430877,45.4053040,2.5018148,,Total,Garage de la Gare,Total
node,6761164565,44.8869854,-0.5521694,,Naturgy,,
node,6762171116,45.2231216,4.3929145,43220003,,,Station communale de Riotord
node,6767642530,48.3188369,2.0019512,91670001,E. Leclerc,E. Leclerc,
node,6770541424,44.2807674,1.3588281,46170001,Spar,,Spar
node,6772755285,43.1092175,6.1284721,83400004,Esso Express,,Esso Express
node,6773695415,43.5253089,6.1497487,83570003,Avia,,Pravaz
node,6773894303,46.6434776,-1.8089622,,,,Libreco
node,6776319439,-20.8884488,55.4303556,,Ola,,Ola
node,6780456014,46.8058685,-1.6202286,,,,
node,6782312618,49.9953023,2.6586984,80300005,Intermarché,Groupement des Mousquetaires,Intermarché
node,6783194656,45.8449565,-1.1442957,,TotalEnergies,,TotalEnergies
node,6787871548,43.8434029,4.8403072,13630004,U Express,,U Express
node,6797223905,43.5705944,7.0030761,6110011,E.Leclerc,,E. Leclerc
node,6797239232,44.3298144,3.0807122,12150006,Total,,Total Aire de l'Aveyron
node,6799747238,49.2831477,3.8270073,51140003,E. Leclerc,Leclerc,E. Leclerc
node,6799875388,45.3006330,4.3153048,,,Total,
node,6801231125,45.9332912,5.4101360,1230003,Elan,,Total Energie
node,6801378263,49.6533073,1.6153014,76870001,,Esso,
node,6804998736,46.4795008,4.0056648,,AS24,,AS24
node,6808317601,48.7640645,1.2144661,27320001,Carrefour Market,,Carrefour Market
node,6808475432,47.5456172,0.5329982,37360001,Super U,,Super U
node,6811352265,46.8356444,3.4695417,58300001,Carrefour Market,Carrefour Market,Carrefour Market
node,6811497475,47.8405581,1.9142372,45160006,Total,Total Access,Relais du Coudray
node,6811558006,47.6537838,2.7373009,45250003,Super U,,U Express
node,6811603306,45.7531244,4.2197357,42110003,Intermarché,,Intermarché
node,6811640808,49.6002019,-1.5989780,50470001,Auchan,,Auchan
node,6811938026,48.9707285,7.9895792,67160003,Carrefour,,Carrefour
node,6815207649,49.1480379,6.1720453,57140006,E.Leclerc,,E.Leclerc
node,6815532726,43.5894868,5.1871552,13680008,TotalEnergies,,Total
node,6815551704,44.1443082,0.3317716,47600006,Aldi,Aldi,Aldi
node,6815607655,48.6840914,3.0871627,77141003,AviaXpress,,
node,6831244256,43.5087395,5.4391954,13090017,TotalEnergies,,Total Access
node,6831307543,46.7367687,-1.6121337,85190004,Intermarché,Intermarché,
node,6831759862,-17.5246737,-149.5342160,,,,Coconut Station
node,6838659151,-21.0706333,164.8699515,,,TOTAL,Station TOTAL TEARI
node,6853596882,47.0327933,2.6415253,18520001,Intermarché,Intermarché,Intermarché
node,6856930385,43.9733728,6.6556461,4240002,,Intermarché,Station Intermarché
node,6857478615,47.5076559,1.4568345,,Elan,Jean-Claude Beaugrand,Elan
node,6867665337,48.5811044,7.7689968,67000025,TotalEnergies,,TotalEnergies
node,6893528332,48.7145537,-0.1218889,61150001,,,Station communale
node,6899622647,46.5727932,-1.5099603,,,,
node,6907782912,46.6409511,-0.2616562,79200011,Avia,,Avia
node,6915354927,45.9395040,5.3771786,1500008,TotalEnergies,,Total
node,6917042498,45.5930967,5.8966281,73000014,TotalEnergies,Total,Total Access
node,6917098700,46.7901510,3.9654288,58170001,Avia,,Avia XPress
node,6917451793,45.5933597,5.8985742,73000002,Carrefour,,Station-service Carrefour Chamnord
node,6919954174,46.6794613,6.1333629,,Avia,,Avia
node,6924765198,48.8917149,2.5804219,77500004,Intermarché,,Intermarché
node,6939096309,45.3921480,2.2728987,,,,
node,6956640087,43.4861738,-1.5013495,64600002,Carrefour,,Carrefour
node,6967398386,49.4603370,0.8326710,,,,Combustible de la vallée - Mauger Camille
node,6989629635,46.2827878,0.5348559,86350001,Total,Usson Garage 86,Total
node,6993679274,47.7913449,1.6448181,45190017,E.Leclerc,Leclerc,E.Leclerc
node,7000674294,45.5953823,5.6360802,73240001,Netto,,
node,7001800856,43.5566490,5.4186621,13090018,TotalEnergies,,
node,7004211925,45.4398014,2.5290400,,Elan,,
node,7004234730,45.4424005,2.5347209,,Esso,,
node,7012267709,48.0974681,-4.3402182,,,Ysblue,YS blue
node,7015569430,44.6834949,6.3105195,,Total,Ranguis J.P.,Total Orcières
node,7016978998,18.0613584,-63.0961991,,,,
node,7022473002,45.4677673,1.5940998,,,,Mousquetaires
node,7023177924,46.2972329,-0.6859636,,Avia,,
node,7025219523,45.4883942,0.3625312,16320005,,,Petit 24/24
node,7029584623,44.1896264,3.1375307,,Elan,,
node,7030820026,46.4015918,-0.6684923,,Elf,,
node,7037867781,47.5303171,3.6343577,,,,Garage Meyer
node,7049835322,45.4488895,4.4160372,,Endesa,,Endesa
node,7052574872,44.8883834,3.8475507,,,,
node,7054565197,43.7526270,1.6566340,81370004,Total,Total,Total Les Portes du Tarn
node,7055280352,-16.7138122,-151.0341606,,,,
node,7062689101,43.6122501,-0.9923642,40350001,Intermarché,,Intermarché
node,7069919810,44.7926729,-0.5341730,33130002,Carrefour,Carrefour,Carrefour
node,7071647061,45.4885153,6.5276747,73600010,Casino,,Casino
node,7079485007,45.2661363,4.1101259,43590002,TotalEnergies,,Total
node,7083421585,-12.7573577,45.2325029,,Total Access,Total,Station-services TotalEnergies Jumbo-Score
node,7083471585,-12.7698122,45.2241509,,,,Station-services TotalEnergies Kawéni
node,7085913856,49.4831805,0.8762137,,,,
node,7089434586,43.5154859,0.3988965,32300002,Carrefour,,Carrefour Market
node,7089793885,43.0804649,6.1584767,,,,ravitaillement carburant du port
node,7090427281,44.3534764,-1.0803616,40160005,,,Deghuillem
node,7090813640,46.7529283,4.7185314,71390005,,Intermarché,
node,7106701302,48.3689819,3.9666948,,Avia,,
node,7107741869,46.2801117,4.8073374,,AS24,,
node,7116271637,44.8472901,0.4922980,,Carrefour Market,,Carrefour Market
node,7120039377,44.8555446,0.4789057,,Avia,,Avia
node,7132767029,44.8629833,0.4678443,24100016,Netto,Les Mousquetaires,Netto
node,7142512868,45.0180702,1.5172720,,Elan,,Elan
node,7145872968,48.2300009,-3.7293859,,Total,,Station Total
node,7154471926,49.6606820,-1.4096292,50330003,Carrefour,,Carrefour
node,7154607789,45.9564909,4.7155011,69480005,Carrefour,Carrefour,Carrefour
node,7157041590,44.7277060,1.9204345,46120001,Total,,Total
node,7159713649,43.3097182,-1.6872632,,Avia,,Avia
node,7162433174,48.6308145,2.4860180,91100017,Esso,,Esso
node,7162473131,48.6911488,2.1151334,91190001,Carrefour,,Carrefour
node,7162480606,48.6345925,2.1481691,91640003,Total,Total,Relais Total De Chanteraine
node,7162480607,48.6368488,2.1474311,91640004,TotalEnergies,,Total
node,7163959424,48.6839918,2.3764680,91170007,BP,,BP Viry
node,7166955982,44.8650037,-0.5195736,33310009,Carrefour,,Carrefour
node,7172088323,48.4369914,1.4237180,28300008,TotalEnergies,,Total Access
node,7175517689,45.7194281,5.9219925,73100001,Carrefour,,Carrefour
node,7175628885,48.4010200,-3.4295457,22160001,Casino,,
node,7175793395,46.9798763,-1.2992282,85600002,Intermarché,,
node,7175849686,47.2475711,-1.3709074,44450003,Carrefour,,Carrefour market
node,7175911409,47.8697169,0.4673344,72150002,Intermarché,,
node,7175922823,47.9026277,1.8590672,45140001,Auchan,,Auchan
node,7177673863,48.0649366,-1.6984696,35230006,Esso Express,,
node,7177775962,44.7745522,1.7214483,46500007,TotalEnergies,,Total
node,7178743588,42.4607364,9.2073942,20218007,TotalEnergies,,TotalEnergies
node,7178767081,42.7007100,9.4524700,,,,
node,7178812952,43.7433217,7.3213336,6345001,Auchan,,
node,7178908884,43.7679567,4.2800049,30620001,Netto,,Netto
node,7178913012,43.6248106,4.0165233,34130005,Intermarché,,Intermarché
node,7179039685,43.9526476,6.3649633,4330007,Avia,,Avia
node,7179110102,43.8350821,5.9766684,4210006,Utile,,Utile
node,7179256752,47.9239508,2.1357041,45450003,Carrefour,,Carrefour
node,7179366384,47.7627915,5.3078665,52250001,Intermarché,,
node,7179600655,48.2812558,7.5550752,67600009,E.Leclerc,,Station Service E. Leclerc
node,7182305641,46.4787163,6.0640455,39220005,Carrefour,,Carrefour
node,7183752945,46.1721755,5.5768342,1460001,Carrefour,,
node,7183794921,45.8280183,4.9699689,1700005,Carrefour,,Carrefour
node,7184720385,-12.7923710,45.2705397,,,,Station-services TotalEnergies Petite-Terre
node,7192854910,48.0555226,0.2525804,72190003,Total Access,Total,Relais Total De Courdoux
node,7195951305,48.1671436,0.2332572,,TotalEnergies,,TotalEnergies
node,7200706283,44.4243325,2.1555470,12350002,Spar,,Spar Station
node,7204098273,45.8597761,1.1756152,,,,
node,7217723827,-20.8974862,55.5680928,,Vito,,Vito
node,7217981820,43.7530543,7.4189128,6240006,E.Leclerc,,E. Leclerc
node,7218013724,-20.9513027,55.6551666,,Vito,,Vito
node,7218390800,-21.3213503,55.4459562,,Total,,Total
node,7221637582,48.6103101,2.6344999,77550004,TotalEnergies,,TotalEnergies
node,7222413614,44.6465164,-0.4374589,33720008,TotalEnergies,Total,Station Total
node,7222709091,48.4676173,-2.7938951,,Air Liquide,Air Liquide,Station GNV Air Liquide
node,7223921710,48.9051452,2.6444033,77410008,BP,BP,BP
node,7226771614,47.2705799,0.5925615,37260005,G20,,G20
node,7227060568,43.5897593,5.1933105,13680007,TotalEnergies,,Relais Lançon de Provence
node,7227167599,50.3395274,3.4687360,59125006,Avia,,Avia
node,7228194445,47.3501407,5.0625465,,TotalEnergies,,Total
node,7232592901,46.7843005,4.7690860,71640004,Intermarché,,Intermarché
node,7237378896,48.8433284,7.5924967,,Vito,,Vito
node,7238230680,48.9337722,2.3914468,93120004,Total,Total,Total
node,7238338367,49.7052129,2.7659798,80700010,BP,,BP
node,7238825912,45.6728995,5.9269701,73420005,Total,Total,Total
node,7239747989,42.9513611,2.9718762,11480007,Avia,,Avia
node,7239756521,43.4422091,6.7036499,83480007,Eni,,Eni
node,7246814720,46.3878813,4.6219504,71250007,Total,,Total
node,7246912813,47.4575562,-0.5731211,49000013,Total,Total,TotalEnergies - Relais Baumettes A
node,7252109250,48.0559910,4.9608046,52120003,Esso,,Esso
node,7252144430,47.7886108,3.6724737,89920001,Esso,Esso,Esso
node,7254773903,46.6919546,4.8451947,71240008,Fulli,Fulli,Fulli
node,7256964637,46.4208035,4.8646179,71260009,Shell,Shell,Station Shell de Mâcon - Saint-Alban
node,7259887181,45.2769924,4.8253530,26140005,E.Leclerc,,E. Leclerc
node,7262739358,45.1892720,-0.4908720,33920005,Avia,,Avia
node,7262930609,45.1885516,-0.4926858,33920006,Avia,Avia,Avia
node,7270890497,48.2408748,1.0845029,28160008,Esso,,Esso
node,7270956515,49.2113458,1.2199011,27400011,Dyneff,Dyneff,Dyneff
node,7284174675,46.2049195,5.2947128,1250007,Fulli,Fulli,Fulli
node,7297383129,43.8675991,6.1287520,,,,Cocci Market
node,7305565575,43.4747179,3.6774454,34560002,Carrefour,,
node,7305866785,48.1918767,0.6620263,72400002,Total Access,,Total Access
node,7306443520,47.7567107,0.8611329,41800003,U express,U Express,
node,7308763060,45.6794786,4.1564476,42600010,Avia,,Avia
node,7309774786,44.2462336,0.6422651,47510002,Intermarché,,Intermarché
node,7313010311,49.0150110,1.1736819,27930002,Carrefour,,Carrefour
node,7313669219,48.5062833,-1.2448843,,,,
node,7314646824,43.7345718,1.5903887,,Total,,SAS Landri - Station Total
node,7316259267,44.7385660,1.3883556,46300005,Système U,,
node,7321623628,47.3480246,2.0507500,41300007,Avia,Avia,Aviaxpress
node,7321623680,47.3491267,2.0486552,41300008,Avia,Avia,Aviaxpress
node,7321840216,50.6531905,2.8385494,62840004,Carrefour,,
node,7322210719,48.6077089,6.1741582,54630001,Esso,,Esso
node,7323363455,50.8260051,2.5857479,59114006,Esso,,Esso
node,7323374294,50.9953579,2.2044520,59279006,Carrefour,,Carrefour
node,7323440998,50.8810701,1.9724521,62610005,Carrefour,,Carrefour
node,7324459485,49.3045742,-1.1613693,50500008,TotalEnergies,,Total
node,7324655729,45.2770287,5.6226276,38340018,Eni,,Eni
node,7324750369,45.2780960,5.6243978,38340011,Total,,
node,7325209623,50.6386515,1.7590518,62830002,E.Leclerc,,Station Service E. Leclerc
node,7325291108,50.5075639,1.6799244,62630006,Shell,,Shell
node,7330638070,47.8139678,5.2253093,52160010,Avia,,Avia
node,7330685818,47.8152020,5.2219784,52160008,Avia,Avia,Avia
node,7330991461,47.0304775,5.1076616,21250009,Avia,Avia,Avia
node,7331428083,50.4744271,3.0511005,59239002,Carrefour,,Carrefour
node,7331453208,50.5206356,3.0209141,59133002,Carrefour,,Carrefour
node,7331494431,50.6587573,2.7709536,62840005,Carrefour,,Carrefour
node,7331495376,50.4781489,3.1102393,59246005,Carrefour,,Carrefour
node,7331534464,50.5405909,2.6083330,62232002,Carrefour,,Carrefour
node,7331536649,50.6198192,2.5420996,62350002,Carrefour,,
node,7331643064,50.2467672,2.9431461,62156002,Carrefour,,Carrefour Contact
node,7332577023,50.3359135,3.3027633,59215001,Carrefour Contact,,
node,7332672008,50.2901300,3.9657300,59600009,Carrefour,,Carrefour
node,7332718743,49.9724279,2.3548117,80260004,Total Access,,Café des Sports
node,7332741527,50.1566526,2.3445587,80600006,E.Leclerc,,E. Leclerc
node,7332741705,49.9278181,2.2868666,80046003,BP,,BP
node,7332818825,49.9391644,2.7053748,80340003,,,Vanderstraeten
node,7332826912,49.9078523,2.5098076,80800004,Auchan,,Auchan
node,7332891924,49.9481795,3.1078203,80240001,Carrefour,,
node,7333451263,47.0543105,-0.8753903,49300009,Intermarché,Intermarché,Intermarché
node,7334484154,49.6243890,4.0238171,2340002,Gulf,,
node,7334623854,49.1689222,3.2575034,2470001,E. Leclerc,,
node,7334626998,49.1850929,3.1215897,2460003,Carrefour,Carrefour,Carrefour
node,7335611084,49.3590805,2.7175846,60126001,Coccinelle,,
node,7335700175,49.2074605,2.5900231,60300008,BP,,BP
node,7335731705,49.1499936,2.4260108,60260002,Intermarché,,Intermarché
node,7340117659,49.2946858,2.1987417,60730004,Total,,Total
node,7340188210,49.4027083,2.1280012,60000017,TotalEnergies,,Total Access
node,7340583450,49.4907081,5.1931204,55700006,Intermarché,,Intermarché
node,7342996169,47.0990574,-1.4947468,,Elan,,
node,7343563145,49.4825637,1.7138784,76220005,Intermarché,,
node,7343574180,48.8815300,2.7009100,77400014,Total Access,,Relais de Pomponne
node,7343657214,48.9537501,2.4837896,93600018,Esso,,Esso
node,7343684452,48.9381988,2.5131494,93270008,Esso,,Esso
node,7346042162,47.1474150,5.5811284,39700015,Avia,,Avia
node,7350273555,49.1382700,0.1719000,14100009,Total,,
node,7350279843,49.1681760,-0.2742601,14730004,Dyneff,,Dyneff
node,7350410566,49.3489221,0.5286737,27500005,Netto,,Netto
node,7350440691,49.1227262,0.8478797,27170003,Total,,Total
node,7350492868,48.5766114,1.2398449,28170001,Carrefour,,
node,7350539031,47.9899725,1.2561989,28220002,Intermarché,,Intermarché
node,7350565111,47.5814250,1.2993582,41000022,Carrefour,,
node,7353746963,46.1147095,5.4908956,1430005,Total,,Total
node,7353882289,49.0371029,1.5929759,78840004,Carrefour,,
node,7355124546,48.4121235,-1.1531796,,Elan,,
node,7358359639,48.9516046,2.2123221,95100035,Total Access,,Relais Argenteuil Chateaubriant
node,7358359640,48.9522885,2.2130342,95100037,TotalEnergies,,Relais Argenteuil du Val
node,7358542469,48.9546414,2.4763040,93606001,Carrefour,,Carrefour
node,7358646267,49.3633998,4.1682108,51110006,Carrefour,,Carrefour
node,7359087978,47.6880125,6.9551155,90150001,Total,Total,Total Trois Sapins
node,7359088293,48.5869697,2.5964709,77240002,Auchan,,Auchan
node,7359088310,49.0593785,1.1693519,27930005,E. Leclerc,,E. Leclerc
node,7359088327,48.6238470,2.3689699,91700005,Total Access,Total,Total Access
node,7359132409,48.3939601,-1.0684989,,,,
node,7363007309,48.2141775,4.2409942,10270007,Total,,Total
node,7365551672,45.6330286,-0.9986508,17201001,,,Picoty Atlantique Services
node,7379489028,50.0049046,2.6611809,80300001,Système U,,Station U
node,7379643547,49.2726627,6.1180570,57185006,Carrefour,,Carrefour Contact
node,7379789258,49.2562002,6.1300171,57360001,E.Leclerc,,Station Service E.Leclerc
node,7379837064,49.3499418,6.0398459,57440002,Système U,,Système U
node,7388364709,44.2800738,4.9219512,26790005,Intermarché,,Intermarché
node,7389390591,44.8565201,4.8302354,7800008,Carrefour,,Carrefour
node,7390808146,43.0059673,-0.0984755,65400005,Total Access,,Relais d'Azun Total
node,7391033612,46.5399379,0.4029209,86550001,Carrefour,Carrefour,Carrefour
node,7391130929,47.0559842,6.6087773,25500001,,Cyprien Rognon,
node,7391589820,45.6143667,5.2242511,,Carrefour,,
node,7392224517,42.9569616,-0.2108514,,E.Leclerc,,Proxi
node,7392962896,49.1269947,6.1892481,57070013,TotalEnergies,,Total Access
node,7393002649,49.0998623,5.6237864,55160015,Carrefour,,Carrefour
node,7393036848,48.7484305,3.9987805,51230003,Intermarché,,
node,7393067970,48.2667627,4.0613861,10430003,E.Leclerc,,E. Leclerc
node,7395919730,48.7275149,3.6793283,51120004,Total Access,,Total Access
node,7397298974,48.2978884,4.1336499,10410003,E.Leclerc,E. Leclerc,E. Leclerc
node,7397530980,48.2612432,4.2483054,10270009,E.Leclerc,,E. Leclerc
node,7397684052,48.6893270,6.1617790,54000014,Carrefour,,Carrefour
node,7397845022,48.5559686,6.3978017,54360003,Carrefour,,Carrefour
node,7397959207,48.3697745,6.2898536,88130001,Match,,
node,7398074006,45.9932893,1.2717151,87140004,Carrefour,,Carrefour Express
node,7398421642,47.9900153,3.6091838,89210002,TotalEnergies,,Total Automat
node,7398524917,48.3656882,2.9563777,77130008,E.Leclerc,E. Leclerc,Station Service E.Leclerc
node,7398636463,48.5409334,2.6812405,77000014,Intermarché,,
node,7398636477,48.5407680,2.6755021,77000011,Total,Total,Relais Total de l'Almont
node,7398957181,48.3360606,2.7321690,77690001,,,Peugeot Turpin
node,7398979129,48.2635485,2.7213245,77140010,Shell,,Shell
node,7399122602,48.1616987,2.2576556,45300007,Carrefour,,
node,7399131363,47.9906700,2.7060400,45700006,Carrefour,,
node,7402711449,47.1435384,-1.0682340,,,,
node,7402976718,48.7738466,7.2441971,57370004,Intermarché,,Intermarché
node,7404787538,48.3626079,7.4671045,67680001,Carrefour Contact,,Carrefour Contact
node,7404892216,48.3620316,6.3024380,88130002,E.Leclerc,E. Leclerc,Station Service E.Leclerc
node,7404900587,48.3457400,6.6393368,88700007,TotalEnergies,Total,Total Energies
node,7405058188,48.2558373,7.2070622,68160005,Intermarché,,Intermarché
node,7405058858,48.1204143,7.3650903,,,,
node,7405129167,47.1123288,5.4982580,,,,PETROLPERRET
node,7405157149,48.0761266,7.4037405,68180002,E. Leclerc,,
node,7405314627,47.7239892,6.5337850,70200007,,,Merions
node,7405450654,47.5289299,5.1145215,21120003,Independent,Sarl Rondot,Sarl Rondot
node,7405464384,47.4221513,5.1706356,21490003,Total,,Total
node,7405634191,47.0796697,5.8853622,25440002,Intermarché,,
node,7406234640,47.0848709,5.4905728,39100012,E.Leclerc,,Station Service E. Leclerc
node,7406292885,47.0801293,5.4621908,39100011,Netto,,Netto
node,7407450698,43.2652295,6.5408686,83310006,,Bergon SAS,Bergon SAA
node,7411430085,47.8482695,4.0941788,,,Esso,
node,7411486345,47.0318539,5.1091140,21250005,Avia,,Avia
node,7411585303,46.9990238,4.8547752,21200010,E.Leclerc,,Station Service E. Leclerc
node,7414137520,46.9623348,4.8377511,21190007,TotalEnergies,,TotalEnergies
node,7414320223,47.5408904,2.8146807,45630001,Total,,
node,7414393017,47.3776152,2.9226868,58200008,Station essence Indépendant,,LCR
node,7414465297,47.2397837,2.0922089,18100017,U,,
node,7417283483,49.4095125,1.0328892,76120011,BP,,BP
node,7417322284,48.6586613,-2.8583980,22410001,Netto,Groupement des Mousquetaires,Netto
node,7417337837,48.5773000,-3.7840600,29610003,Total Contact,,
node,7417403440,48.1549964,-4.1409222,29150005,Total Contact,,
node,7417404897,48.4080839,-2.9186618,22800003,Super U,,
node,7417413382,48.0098346,-4.0205527,29500004,Avia,,Brétéché
node,7417475771,47.7096337,-3.1060099,56550003,Carrefour,,Carrefour
node,7417475772,47.8216937,-3.4686838,56520005,TotalEnergies,Total,TotalEnergies (Guidel Sud)
node,7425323130,50.1365091,3.7716975,59550003,Gulf,,
node,7425506044,48.8550349,-0.5419269,14110003,Total Access,Total,
node,7425553784,48.8292908,-0.5616889,61790001,E.Leclerc,,Station Service E. Leclerc
node,7425601513,48.8376541,-0.8860269,14500007,,,Station V espace de coworking
node,7426440114,48.7327364,-0.0348700,61200007,Intermarché,Groupement des Mousquetaires,Intermarché
node,7426445429,48.3173177,-0.0251048,72130009,Carrefour,,Carrefour
node,7426543700,48.1694234,0.2358390,72290003,Carrefour,,
node,7426579733,48.0907504,0.1573832,72650004,Système U,,Système U
node,7426608428,48.0327650,0.1967742,72190005,Système U,,
node,7426616237,48.0240036,0.0649325,72550002,Total,,Total
node,7426678398,48.1558926,-0.3827279,53600007,Station U,,Station U
node,7426685514,48.1729279,-0.7929010,53240002,,,Station Gambert 24/24
node,7426776588,47.2700288,-1.7751074,44360010,Super U,,Super U
node,7426823401,47.3576769,-1.6031294,44119006,Intermarché,,Intermarché
node,7428784685,48.8380237,2.3446470,,Elan,,Elan
node,7430470324,47.5039231,-0.5860338,49240003,Carrefour,,Carrefour
node,7430523286,47.4553044,-0.5343343,49000015,Intermarché,,
node,7430575952,47.1195726,-1.0944332,49230003,Pohu,,
node,7430630294,46.8812658,3.4646049,58260002,Intermarché,,Intermarché
node,7430776324,48.8015506,1.8208234,78490002,TotalEnergies,,TotalEnergies
node,7433810651,49.5464455,2.7494198,,,,
node,7435616048,46.3171991,0.3284715,,,,
node,7437391224,44.7491689,-1.0833225,,TotalEnergies,,Total Contact
node,7442510589,46.3385425,1.9867557,,,,
node,7442660498,43.4987238,3.5921663,34560001,Spar,Spar,
node,7454183809,44.4319201,2.0314635,12260007,Carrefour Contact,,Carrefour Contact
node,7473369124,47.2646568,3.9391994,58140002,Total,,Total
node,7476117549,46.7115276,3.9720539,71760001,Avia,,
node,7485998142,48.1401446,-1.6857591,35760002,E.Leclerc,,Station Service E. Leclerc
node,7486328175,46.8304493,-2.1275422,85690001,U,,U Express
node,7486460047,46.7957444,-2.0475797,85160005,Système U,,Système U
node,7490168516,46.7654620,-1.5048078,85170011,Système U,,Station U
node,7494544379,46.7493406,-1.4308397,85170003,Avia,,Avia
node,7494673664,46.1022223,-1.0936044,17690004,Avia,,Avia Xpress
node,7494679095,46.4778342,-0.5900471,79160001,Système U,,Station U
node,7494729707,47.0426150,-0.9002379,49300018,E.Leclerc,E.Leclerc,Station Service E. Leclerc
node,7496853113,46.7189540,-0.0256842,79390008,Carrefour,,Carrefour
node,7496861190,46.6613400,-0.2394700,79200009,Esso,,
node,7496931555,46.6461928,0.1721763,86190004,Total,,Total
node,7497032020,46.6786412,0.2658123,86170002,Super U,,Super U
node,7497066996,46.5758391,0.3746535,86000025,Casino,,Casino
node,7497167105,46.8900754,1.4012792,36500004,Intermarché,,
node,7497288104,45.7468685,-0.6747617,17100005,E.Leclerc,,Station Service E.Leclerc
node,7497354984,46.1578384,0.2974770,86400004,Élan,,
node,7497436710,45.6909565,-0.1735792,16200001,U,,U Express
node,7497929593,45.1094143,4.7372934,,,,
node,7498626547,46.3769276,3.0327268,3240003,TotalEnergies,,TotalEnergies Deux-Chaises
node,7498703858,46.3223921,2.9637227,3390004,AS24,,
node,7498871438,45.8838301,3.1154238,63200002,Total,,
node,7498904181,45.9038473,1.5938512,87400005,Intermarché,,Intermarché
node,7501640967,45.8384541,1.2321916,87100012,Avia,,
node,7501661423,45.8557653,1.1458584,87430003,Système U,,Système U
node,7501723537,45.8127158,1.3315606,87220003,TotalEnergies,,TotalEnergies
node,7501730277,45.6207100,1.4386089,87380002,Intermarché,,
node,7502722071,45.4428573,1.5608457,19140005,Intermarché,,Écomarché
node,7502788762,48.7404569,7.3752522,67700005,TotalEnergies,,Total
node,7502792661,46.3607205,6.4564955,74200018,,Total,
node,7502836286,46.3377537,6.0743060,1170003,Intermarché,,Intermarché
node,7502853216,45.7342264,4.9894439,69740002,Esso,,Esso
node,7502929922,45.5935524,6.4481565,73730008,Agip,,Agip Cevins
node,7502976721,45.7086065,6.1062689,73340003,,Eslc Alpes,Cattin Frères
node,7503957340,46.1430846,4.7674562,69220011,Fulli,Fulli,Aire de Dracé
node,7504049967,45.7741886,4.9139430,69120013,Eni,,Eni
node,7504065141,45.9318371,4.9582861,1390010,Intermarché,,Intermarché
node,7504168740,46.0826508,4.0244642,42640002,,,Petrol N7
node,7504250956,45.9515087,4.2060591,42470005,Intermarché,,
node,7506587573,45.8562621,3.8137984,42440011,Shell,,Shell
node,7506587574,45.9496913,4.2042272,42470004,Dyneff,,
node,7506609518,45.5993873,4.0733039,42600009,TotalEnergies,,TotalEnergies
node,7506696094,45.5386625,4.1899278,42450003,Intermarché,,
node,7507360147,45.4337713,4.0654010,42380004,,,Dépôt Pétrolier Michalon
node,7507530932,45.5325077,5.5869810,38490013,Avia,Avia,Avia
node,7507572538,45.3845218,5.4723563,38690007,Eni,Eni,Eni
node,7508292708,45.2997344,5.6283718,38340006,Système U,,Système U
node,7508402807,44.5459885,6.4814412,5200005,,,Centre Auto Vianor
node,7508417543,44.4674815,6.1787139,5190002,Station U,Super U,
node,7517848458,44.6752932,6.0760297,5500002,Carrefour,,Carrefour
node,7522692089,48.7984244,2.4765914,94100012,Carrefour,,Carrefour des Nations
node,7531907114,49.2108815,2.5930671,60300007,Total,,Total
node,7532048101,48.8732764,2.2839781,75016019,Agip,,Agip
node,7532092312,48.8257222,2.2481672,92100016,BP,,BP
node,7532165979,48.8571341,2.1388592,78380005,BP,BP,
node,7532234367,48.7812532,2.1828201,78140010,Esso,,Esso
node,7538406487,47.5277714,-1.2365822,,Elan,,
node,7540907813,49.2648447,3.9900835,51370005,Total,,Total Saint-Brive-Courcelles
node,7551674926,46.7828586,6.2832577,25160001,Fiat,Garage du Coude,Station Service - Garage du Coude
node,7570974587,46.5554840,2.2015273,18370001,,,Station Service Intermarché
node,7571294015,-20.9308390,165.0542672,,,,Cemu market
node,7588684694,43.5244185,1.3440951,31270007,Total Access,,Total Access
node,7590111085,-21.1449979,55.3166616,,Vito,,Vito Chaloupe Saint Leu
node,7609038694,45.6609484,5.1054910,,AS24,,
node,7620671473,46.2991830,5.9382586,,TotalEnergies,,TotalEnergies
node,7621329371,47.6982049,-0.3570744,,,,
node,7630261185,45.8024208,3.1329363,,,,Station GNVert
node,7630308002,43.7738043,1.3806317,,,GNVert,Station GNV Bouloc
node,7630308189,43.9152409,1.3082053,,,Primagaz,Station GNV Montbartier
node,7630346286,43.6438375,1.4274102,,,Gaz UP,Station GNV Toulouse
node,7638497865,45.4818796,5.4712249,,Total,,
node,7638692192,47.7302125,-1.7369986,,Total,,Total
node,7656487786,46.1149932,5.4933153,1430005,Total,,Total
node,7661157186,45.2795738,1.9627440,,Avia,,
node,7682357526,41.6936235,9.3359730,20144002,Vito,,Vito
node,7702473219,45.0091438,3.9921584,,Elan,,Elan
node,7716719718,45.0719060,3.7612496,43320002,Carrefour Contact,,Carrefour Contact
node,7720366452,49.3372217,0.3528497,27210003,Intermarché,,Intermarché
node,7722491587,48.8160246,3.0831563,77120007,Total Access,,Total Access
node,7730709485,49.0243751,0.4040396,14290002,Intermarché,,
node,7732561608,41.6705316,8.9132461,20110003,Esso,Esso,Vito
node,7738043844,46.6578938,6.0736795,39460001,Avia,,
node,7738190566,46.2390801,1.4792189,23300006,E.Leclerc,,Station Service E. Leclerc
node,7743485558,49.3803803,0.5694229,,Elan,,Elan
node,7744288644,44.5087289,-0.7842749,33830005,Intermarché,,Intermarché
node,7747031388,50.3908914,2.2024640,62130006,Total Energies,,Station Essence
node,7756809250,48.1726587,6.8801269,,Avia,,AVIA
node,7764421199,44.3064503,0.8572081,,,Mairie de Massels,Le Relais de Lacardayre
node,7772682716,47.4817581,6.8185906,,,,Station Endesa CNG Gas
node,7782009977,43.5903200,6.8760097,,,,
node,7782069218,49.3084920,3.6965782,,TOTAL,,
node,7787258323,49.4751533,4.5782014,,,,
node,7787968172,48.4895184,5.3547754,55290001,,,Station communale de Bure
node,7798877185,45.4750086,3.4469577,63580001,,,
node,7801611188,45.8809833,-0.6723436,,,,
node,7807169481,47.4415142,-1.4271685,,,,
node,7815464723,45.2157996,3.7097859,,,,Carburant
node,7819860685,45.4353140,6.0060073,,,,
node,7820089281,44.5399151,4.3687136,,,,
node,7825728842,43.8713011,0.3892765,,Elan,,Elan
node,7833564432,45.4027072,0.1341668,,Total,,
node,7834213186,45.5045655,6.0359031,73800002,Système U,,
node,7842434339,48.6256860,-1.3471926,50220003,Avia,,Avia
node,7843372370,49.8244511,3.3107364,,,,
node,7843569747,49.8248525,3.3110287,,E.Leclerc,,Station Service E.Leclerc
node,7846966818,50.6295132,3.1019141,,Total Access,,Total Access
node,7859098150,44.2541099,4.2023591,,,,les Mousquetaires
node,7883368222,46.4680816,2.9636594,,,,
node,7894036185,42.9565679,9.4452336,20248001,Total,,
node,7912183614,43.6324766,5.0982266,13300001,TotalEnergies,Total,TotalEnergies
node,7916497725,49.5999481,4.8694445,,,,
node,7923819185,43.7886593,4.8364168,13210004,Total,,Total
node,7923985985,43.7932491,4.8274508,13210002,Intermarché,,Intermarché
node,7928902375,44.0388854,-0.3230412,,Elan,,
node,7930759217,47.1582387,-1.2747815,44330003,Système U,,
node,7937476189,44.1504582,4.3621439,30580001,,Bonnaure Badine et Marion,Mas Neuf
node,7939365285,44.0082143,4.4180121,30700003,Total,SARL DUCROS DISTRIBUTION,Total
node,7939391886,44.0095719,4.4189374,30700007,Total Access,,Total Access
node,7947608223,-22.2948277,166.9505005,,Total,,
node,7947635006,-22.2948551,166.9506301,,Total,,
node,7947999871,48.7776273,2.4408303,94003002,TotalEnergies,Total,Total Énergies
node,7966210668,47.7767702,1.0794812,,Elan,,
node,7969443408,47.0035125,3.1645534,58000002,Carrefour,,
node,7985835043,47.5005868,-0.4901308,,Esso,Esso,Esso
node,7995899150,48.8828858,2.3235319,,Avia,,Avia
node,7996836223,49.3033052,-1.2131511,50500006,E.Leclerc,,Station Service E. Leclerc
node,7997168894,48.8451256,0.0369829,61160001,Carrefour,,Carrefour
node,7997195991,48.7508633,-0.5515238,61100012,Total,,Total
node,7997199699,48.1356281,-1.6933721,35760007,Super U,,La Station U
node,8018278915,-22.2855980,166.4399425,,,,
node,8021485519,47.2372196,-1.3682381,44430004,E.Leclerc,,Station Service E. Leclerc
node,8027985329,48.9328859,7.7478580,67360002,Super U,,Super U
node,8028010850,48.9836200,6.2453851,57420006,TotalEnergies,,Total Contact
node,8032468863,49.3491358,4.2092885,51110002,Intermarché,,Intermarché
node,8032567486,48.5414319,7.5042547,67120003,Système U,Système U,Station U
node,8037408890,47.6593661,6.8673470,90300004,Intermarché,,Intermarché
node,8039501012,43.8004530,4.4177275,30230002,Carrefour,,La Bouillarguaise
node,8040661460,48.4817477,-2.4980861,22400009,TotalEnergies,,Total Access
node,8043763406,47.4952312,6.8378639,25400005,Hyper U,,
node,8043794972,47.2468561,4.5662288,21320009,Esso,,
node,8044702514,48.8831571,2.3689391,,,,
node,8071353811,47.4622978,3.7685555,89450002,,Rousseau Carburant,Rousseau Carburant
node,8071513094,49.2740160,-0.6859279,14400011,Intermarché,,Intermarché
node,8071617075,47.9465644,-2.5830156,56120005,Avia,,Avia
node,8071664720,48.5507591,-3.1579449,22200007,Garage Bahezre,Bahezre,
node,8071686744,46.8435476,-1.8871314,85300004,Intermarché,,Intermarché
node,8071768225,48.3125416,0.9905226,28480001,Total,,
node,8071772334,47.0816043,2.3652853,18000021,Intermarché,,Intermarché
node,8071772335,46.8893922,1.4016593,36500003,,,Intermarché PL
node,8071859423,46.0468277,1.8612894,23250001,F3C Energy,,
node,8071870143,45.6221818,2.4565293,19340003,Avia,,
node,8071909781,45.5758686,2.9323245,63790001,,,Garage de l'Avenir
node,8075430859,45.4599519,4.3964437,42000019,Eni,,Eni
node,8075445899,45.4341081,4.3058565,42230003,,,Garage Rebaud
node,8075517581,45.2837000,4.3967700,,TotalEnergies,,TotalEnergies
node,8075526950,45.1596971,4.1389685,43200008,Vitogaz,,Vitogaz
node,8078295408,44.9485051,3.9875865,43150001,Intermarché,,Intermarché
node,8078310347,45.3029460,2.8328600,15190003,Intermarché,,
node,8078396564,45.0319519,3.1301177,15100012,E.Leclerc,,Station Service E. Leclerc
node,8078430207,45.7323950,0.8692973,87150005,Système U,,Station U
node,8078499953,45.8333194,0.8325669,87600004,E.Leclerc,ITM ALIMENTAIRE INTERNATIONAL,Station-service Intermarché Super Rochechouart
node,8078558421,45.9942714,0.4066316,16350001,Carrefour,Carrefour,Carrefour
node,8078637554,45.5060536,-0.7571261,17120004,,,Chez Chouchou
node,8078695439,45.4382966,-0.4515224,17500003,Intermarché,,Intermarché
node,8078738227,45.5269392,-0.3023774,17520001,Carrefour Contact,,Carrefour Contact
node,8078752549,45.4668108,-0.1642612,16300005,E.Leclerc,,Station Service E.Leclerc
node,8084122141,45.3110571,-0.9395376,33340004,Carrefour,,Carrefour
node,8084175026,45.1463813,-0.8215298,33112001,Système U,,
node,8084233429,45.0227826,-0.7888873,33480003,Intermarché,,Intermarché
node,8084544663,45.0287660,-0.7861246,33480007,Esso Express,,Esso Express
node,8084575590,44.8682996,-0.6075941,33110009,Avia,,Avia
node,8084628920,44.8378181,-0.6168611,33700027,Intermarché,,Intermarché
node,8084651936,44.7800435,-0.6903577,33610005,Intermarché,,Intermarché
node,8084713146,44.4814219,-0.3662602,33730003,Carrefour,,
node,8084771323,44.4047651,-0.3564562,33730002,,,Aire C
node,8084801330,44.5404790,-0.2418709,33210008,Netto,,
node,8084822912,44.4407902,-0.2315967,33430002,Total,,
node,8084875214,44.6660175,0.1878043,47120002,,,Le Relais des Ducs
node,8085033193,44.3966772,0.3037186,47400003,Intermarché,,Intermarché
node,8085072749,44.5048195,0.1826987,47200013,Système U,,
node,8085416576,45.1238929,1.4084923,24120008,Intermarché,,Intermarché
node,8085445187,44.8999249,1.2116884,24200007,Total,,Total
node,8088583494,44.5473136,0.5289844,47290003,,,Aire C
node,8088597586,44.1932844,0.0363419,47420001,,,Aire C
node,8088611120,44.5926445,1.0150455,47500008,Aire C,,
node,8088638318,43.8861731,-0.5201541,40280009,,,Station-service du Moun
node,8088658933,43.6357586,-0.3723787,40320001,,,Aire C
node,8088714139,43.6346263,-0.4884609,40320002,,,Aire C
node,8088782260,43.4151193,-0.6285180,64170001,TotalEnergies,,TotalEnergies
node,8090377733,43.6370951,-1.3532521,40230006,Leader Price,,
node,8090400550,43.3699209,-1.4286679,64480004,Total,SARL Garage Etchegaray,Total
node,8090415629,43.3920648,0.0546949,65500003,E. Leclerc,,
node,8090431520,43.1668100,-1.2119320,64220002,Total,,Total
node,8090433290,43.4021213,0.2022186,32730004,Dyneff,,Dyneff
node,8090443519,43.2385536,0.0175899,65429001,E.Leclerc,,Station Service E.Leclerc
node,8090450906,44.1707350,0.2930977,47230001,Système U,,Système U
node,8090487259,44.2006654,0.5538050,47310007,Système U,,Système U
node,8090622616,44.1130815,0.8540904,82400006,Aire C,,Aire C
node,8090628126,44.0410131,1.0047353,82210006,Avia,,Avia
node,8090671308,43.9600962,0.9238768,82120001,Aire C,Sarl Val Fleuri Lavit,Aire C
node,8090688598,43.8507331,0.9411489,82500004,Total,,Total
node,8090696928,42.9753749,1.6079160,9000007,Carrefour,,Carrefour
node,8090724051,43.3205189,1.1778277,31390003,,SARL Fontenergie,Peyssies - SARL Fontenergie
node,8091034055,42.6857600,2.8118500,66270001,Intermarché,,Intermarché
node,8091051519,42.5749802,3.0352119,66700007,TotalEnergies,,
node,8091117201,42.7101599,2.8847989,66000005,Système U,,
node,8091168648,42.7265018,2.8992468,66000020,Total Access,,
node,8091191160,42.8512889,3.0352065,11370004,Esso,,Esso
node,8091257636,43.1957511,3.0119497,11100017,Total,,Total Contact
node,8091258262,43.2137226,3.0893455,11110008,E.Leclerc,,E.Leclerc
node,8091330594,43.2847879,2.5748846,11160003,Carrefour,,
node,8091412290,43.2030594,2.7646708,11120002,Carrefour,,
node,8091534178,43.1852203,2.2605653,11290005,Carrefour,,Carrefour
node,8091580878,43.5902698,2.2695009,81100010,E.Leclerc,,E. Leclerc
node,8093263203,43.4557229,1.9986367,31250001,Total,,
node,8093379818,43.7085058,1.3973162,31140005,Aire C,,
node,8093382143,43.8888301,2.4424222,81250004,Carrefour Contact,,Carrefour Contact
node,8093431207,43.9311410,2.1831650,81000010,Carrefour Contact,,Carrefour
node,8093487056,43.9890163,1.3310504,82000019,Carrefour,,Carrefour
node,8093629120,44.0721493,1.5377178,82800002,Intermarché,Magener SAS,
node,8093666432,44.5094845,1.3735029,46090004,Intermarché,,
node,8093888409,44.5010815,1.1873227,46220003,Intermarché,,
node,8094011553,43.3195101,-0.3791879,64140006,Netto,,Intermarché
node,8094038067,45.0153982,2.6639423,15800004,,,Station Communale
node,8094402067,43.3595808,3.1693682,34370002,Système U,,
node,8097717563,44.7967067,3.2782173,48200001,Total,,
node,8097748799,44.3435466,3.5823872,48400007,Dyneff,,
node,8098064235,45.5706623,4.7112210,69700012,Esso,,Esso
node,8098070833,45.7656201,5.0753000,69330006,Netto,,
node,8101347660,45.2412547,4.6905023,7100008,Brossier Énergies,,
node,8101853276,45.2429395,4.8205313,26140006,Total,,
node,8103904557,45.3016673,5.9516662,38570005,Système U,,
node,8104080548,45.0070135,4.9275720,26300013,Carrefour,,
node,8104095662,44.8118371,4.7885779,7800007,Netto,,Station-service Netto
node,8104200259,43.6425303,3.9433703,34920002,Carrefour,,Carrefour
node,8107768972,44.2868982,4.7506677,84500007,Intermarché,Groupement des Mousquetaires,Intermarché
node,8107825988,44.1968716,4.7372894,84550003,Carrefour,,Carrefour
node,8107935494,44.0781441,4.5861395,30330003,Intermarché,,Intermarché
node,8108636341,44.2326776,4.8824661,84290001,Système U,,Système U
node,8108712233,44.0553838,5.0537203,84200011,Intermarché,,Intermarché
node,8108769275,43.8568801,5.0171725,84300003,TotalEnergies,,TotalEnergies
node,8108985133,42.5546032,8.7615125,20260001,TotalEnergies,,TotalEnergies
node,8109170000,44.6437711,6.1367521,5260002,,,Pellegrin produits pétroliers
node,8112367954,44.9339338,6.7325927,5100009,E.Leclerc,,Station Service E.Leclerc
node,8121335437,43.5645515,7.0811088,6220007,Total,,
node,8121397324,43.6345079,6.8538442,6530009,Carrefour Market,,Carrefour Market
node,8121631165,43.1634421,6.0449548,83210003,Intermarché,,Intermarché
node,8121631459,43.1525272,6.0727425,83260007,,,La Crau
node,8121634570,43.1136427,5.9902498,83130007,Carrefour,,Carrefour
node,8124068568,43.1339302,5.7572141,83150003,,,Port de Bandol
node,8124209220,49.0550744,2.0189558,95800001,Carrefour,,Carrefour
node,8124323357,43.4728161,5.2291583,13127013,Intermarché,,Intermarché
node,8124393286,43.4864040,5.2210405,13340004,Dyneff,,Dyneff
node,8124493192,43.2907541,5.8663063,83870001,Avia,,Avia
node,8124500418,43.4963325,5.7325790,83910002,Carrefour Contact,,Carrefour Contact
node,8124550350,48.2325009,0.7380751,,,mairie de ceton,Station-Service de Ceton
node,8124673654,48.6014720,2.6026493,77550005,Total,,Total
node,8124748629,48.6814355,2.4293786,91210009,Système U,,Système U
node,8124885942,48.7757015,2.6052538,77346001,Carrefour,,Carrefour
node,8124908363,48.8335244,2.5465348,94350003,Esso,,Esso
node,8125041945,48.8631153,2.4640683,93100017,BP,,Esso
node,8125218269,48.6469724,4.8669863,52100015,TotalEnergies,,TotalEnergies
node,8128804205,43.3686419,-0.5848134,64150003,Total,,
node,8129065933,44.3397890,3.5851130,48400006,Intermarché,,
node,8154926950,49.5927961,2.5134219,60420003,,,Civiale
node,8154950071,48.8289591,2.5688728,93160009,TotalEnergies,,Relais du Grand Chêne
node,8155191126,47.7319092,-0.2380863,72300010,,,Station Communale
node,8155220409,47.4177732,2.9274541,58200009,TotalEnergies,,TotalEnergies
node,8155273755,43.3857916,-1.2983018,64240004,Avia,,Avia
node,8178981824,50.4465073,2.2554333,62134001,Carrefour,,Carrefour
node,8184029578,49.1941565,-0.0486808,,,De la Brière SARL,De la Brière
node,8186796198,48.9352514,2.4109976,,Engie,Engie,
node,8186859508,49.3017884,4.3206458,51490001,Intermarché,,
node,8186888473,45.6696035,4.9235253,,Engie,Engie,
node,8186903293,50.5747525,3.1403894,,Avia,Primagaz,Statin GNV Fretin
node,8187072877,47.0422795,-0.9163959,,AVIA,Primagaz,Station GNV
node,8187094813,43.2194614,0.0258375,,Ecowgaz,,
node,8187595589,43.6654043,-1.2825673,,,endesa,Station GNV
node,8187646985,48.0878860,-1.7829806,,Engie,,Station GNV Le Rheu
node,8187696832,44.5792498,4.7458684,26200009,Avia,Primagaz,L/CNG station
node,8187778808,49.1073254,7.0884796,,,endesa,Station GNV
node,8190204896,49.8693822,2.3799420,,Total,,Station GNV
node,8190366594,48.7223651,2.3093013,,,endesa,Station GNV
node,8191231345,49.1962569,-0.4589481,,Naturgy,Gas Natural Europe,L/CNG station
node,8191308357,47.8380645,-0.6848730,,Evergaz,,Station GNV/BioGNV
node,8193168869,49.2290658,2.9088593,,Air Liquide,Air Liquide,
node,8193577258,43.6000134,1.3081617,,AS24,AS24,
node,8193885214,49.3810846,3.3006064,2200016,Carrefour,,Carrefour
node,8193885215,49.3812345,3.3012870,2200013,Total,,
node,8201315101,47.2687365,5.1357744,,Air Liquide,Air Liquide,
node,8221691572,47.1603853,-1.5512945,44400009,Total Access,Total,Total Access
node,8221714663,47.1650995,-1.5704515,44340005,Total Access,Total,Total Access
node,8221723119,47.1728935,-1.4749682,44120005,Total Access,Total,Total Access
node,8221762621,47.2221148,-1.4730451,44115003,Total Access,Total,Total Access
node,8221873570,46.1941064,-1.3519272,17410001,E.Leclerc,E. Leclerc,Station Service E. Leclerc
node,8222305756,47.8078644,-2.1296599,,Super U,,Super U
node,8225749670,46.2181399,4.9928241,,Total,,Total Contact
node,8228300489,47.1951513,-1.5302284,44220001,Super U,Système U,
node,8228326116,47.2449734,-1.5336241,44000006,Intermarché,Les Mousquetaires,Intermarché
node,8235214940,48.3731809,-1.9726454,,Total Contact,,
node,8241063425,43.0755368,2.2223081,11300004,E.Leclerc,,Station Service E. Leclerc
node,8241099418,43.7409859,-1.0183164,,Endesa,,
node,8243337365,46.6317961,0.3563958,86360004,Total Access,Total,Total Access
node,8243337366,46.6313725,0.3571992,86360003,Total Access,Total,Total Access
node,8248707197,43.7263172,-1.0718044,40990004,Intermarché,,Station Intermarché
node,8251730790,-21.3358542,55.4688178,,Total Access,,Total Access
node,8252454905,49.5712209,3.6543536,2000011,Total Access,,Relais Champ du Roy
node,8255565523,48.1865265,1.9307721,,AS24,,
node,8257333741,47.4041299,-0.5267810,49610002,Elan,,Elan
node,8257407445,45.8715151,1.3114272,87410003,Carrefour,,
node,8257450039,45.0695198,-0.7226619,33460006,Carrefour Contact,,Carrefour Contact
node,8258162085,48.4386118,-4.1820667,,Elan,,
node,8259220049,43.9139074,1.2250740,82700004,Carrefour,,Carrefour
node,8265226068,49.0888072,-0.8167862,14240001,Intermarché,,Intermarché
node,8266656117,43.2154953,3.0924000,,TotalEnergies,,Total
node,8267270642,45.5683171,5.9628832,73490003,Total Access,,Total Access
node,8267616793,47.9484760,0.1950932,72100013,Total Access,Relais Total du Bol d'or,Total Access
node,8270643066,47.2568559,-1.5457182,44240011,Total Access,,Relais Jonelière
node,8279324003,44.8744071,1.2292285,24200006,E.Leclerc,E. Leclerc,Station Service E. Leclerc
node,8280771939,43.7120836,4.1320675,34400017,TotalEnergies,,Total
node,8282932950,47.7706938,0.7005199,,Avia,,
node,8287029820,48.7998252,2.9864466,77515001,Intermarché,,
node,8305817675,48.9370160,2.2765812,,Total,Total Energie,Total
node,8308763817,45.5083232,-1.1098874,,TotalEnergies,,Total
node,8311595788,47.5139048,6.8347830,25600003,Intermarché,,Intermarché
node,8312384492,49.2010284,-0.3440845,14200009,Total Access,Total,Relais Total de la Valeuse
node,8317068715,46.6793123,0.5635590,,TotalEnergies,,Total
node,8327930824,46.9646966,4.8365919,21190006,TotalEnergies,TotalEnergies,Relais Beaune Tailly (VL)
node,8328205920,49.2647870,4.0598748,,Total Access,,Total Access
node,8337523038,46.0057390,6.1201157,74350005,Système U,,Système U
node,8342583989,44.4608247,2.9675840,12130002,Intermarché,,
node,8344846075,43.1080886,5.8774415,83500008,Total,,Total
node,8345964080,45.0441287,5.0312997,26100009,Avia,Avia,Avia Xpress
node,8348405637,48.1189651,-0.0101937,72240001,Super U,Super U,
node,8357027066,43.6677503,7.2039588,6296001,,,Station du MIN
node,8387238122,43.9804909,3.7170882,,BP,,BP Ets MICHEL
node,8393359250,49.3466292,1.0963945,76350001,Super U,,
node,8393450335,48.8973681,1.8688160,78124001,Intermarché,,Intermarché
node,8394828536,48.2039473,3.2711598,89100015,Total Access,,Total Access - Relais de Sens
node,8397056761,45.7695848,2.7639453,,Élan,,
node,8397712385,48.7232843,7.9024328,,Elan,Garage Hoerle,Elan
node,8402524447,47.2044811,-1.5473650,44000009,TotalEnergies,,TotalEnergies
node,8412388001,48.0608695,4.5384001,10360001,Avia,,Station du Bocage
node,8412686955,46.9210541,4.7484688,71150004,Eni,,
node,8412687745,46.5023318,5.0636254,71470004,Carrefour,,
node,8414250474,46.0973798,5.9623851,74520009,Total,,Total Aire de Valleiry Nord
node,8414394641,43.7323409,7.1627969,6610002,Dyneff,,
node,8415463400,44.9596898,4.9069270,26500004,Intermarché,Groupement des Mousquetaires,
node,8416452498,45.8771100,6.0894017,74600017,Auchan,Auchan,Auchan
node,8417631361,42.9503415,2.9693846,11480009,Esso,,Esso
node,8417691418,43.4855547,1.5495315,31450008,Dyneff,,Dyneff
node,8417723639,43.9162996,2.1090835,81990001,E.Leclerc,,Station Service E.Leclerc
node,8420729378,45.9020681,4.7301842,69380010,Esso,,Esso Les Chères Est
node,8422487305,41.5784671,9.2748763,20137010,Vito,,Vito
node,8439515811,47.9744690,-4.0666201,,AS24,,
node,8467337448,44.1481453,1.9765529,,,,
node,8473834164,48.6535235,7.7510637,67116002,E.Leclerc,,E. Leclerc Express
node,8477296535,42.7270450,2.9017647,,,,
node,8479327763,45.7257489,4.8389827,,,CNR;Engie,Quai des énergies
node,8485950472,48.5319515,-2.5779946,22400010,Carrefour,Carrefour Express,Carrefour Express
node,8485964703,48.4538221,-2.0257182,22100010,E. Leclerc,,
node,8497749150,44.4049538,0.1876755,47430002,E.Leclerc,,Station Service E.Leclerc
node,8498257624,-20.9749436,55.6459109,,Vito,,Vito
node,8507828746,49.0549366,3.9948593,51160002,E.Leclerc,,E. Leclerc
node,8514805688,45.6422082,4.8098163,69390005,Système U,,Système U
node,8514860251,45.5206235,4.5990254,42800005,Netto,,Netto
node,8518581046,49.3968031,3.1155971,2290002,Intermarché,,
node,8533162679,49.7504629,2.3590880,,Intermarché,,Intermarché
node,8540752498,42.6811727,9.3034755,20217004,TotalEnergies,,Total
node,8544908923,43.5689299,1.3929825,31106001,Casino,,
node,8553215491,47.7642047,0.2745149,72360002,Carrefour,,
node,8565474306,49.7530871,2.3642589,80250001,Intermarché,,Intermarché
node,8565493452,48.9007625,2.3745675,75019013,Total Access,,TotalEnergies
node,8567688818,46.6042169,0.3319810,86000024,TotalEnergies,Total,TotalEnergies
node,8572318775,43.6500157,3.9782758,,E.Leclerc,Seven,Station Service E.Leclerc
node,8576619694,47.3324576,-1.7946199,,,,
node,8577962875,47.2483357,-1.5102022,,Nantes Métropole,Nantes Métropole,Station carburant
node,8579617296,46.1170519,-0.9339919,17290001,Total,,Total Contact
node,8637505218,47.7619186,2.0190214,,Total,,
node,8660484094,43.1865890,-0.2395213,,Super U,Super U,Super U
node,8693812830,50.1110608,3.0354982,62147006,Carrefour,,Carrefour Contact
node,8697979310,45.8004245,1.8451376,,,,
node,8705761122,48.8408840,2.3139356,,,,
node,8711679560,49.9390373,2.9257353,80200007,Intermarché,,Intermarché
node,8711679562,49.9424039,2.9405433,80200011,E.Leclerc Carburant,,
node,8714866819,50.6165516,3.1191854,,Total Access,,Total Access (Poids Lourds)
node,8728410639,50.7225317,1.5890988,,AS 24,,AS24
node,8740330111,48.4482236,-4.2626136,,,,
node,8757354143,47.2103730,0.0763839,,,,
node,8761193410,49.8968685,0.9178492,,Elan,Café de la Place,Elan
node,8764885870,47.7302215,-1.8260331,,,,
node,8772794551,47.7060038,-0.7969105,,Élan,,
node,8773294077,48.5248254,-2.2392529,22130001,Super U,Hyper U,Station U
node,8777433605,48.1834602,1.9293841,28310011,Système U,,Station U
node,8779579867,46.0160313,-0.3493752,,,,
node,8779847727,47.4865439,-3.1004161,,,,
node,8790649717,50.3634100,3.0829822,59500009,Total,,Total
node,8792713570,47.3460538,-2.5137428,,,,
node,8794629515,48.2610942,0.6042939,61130002,,,Saint-Germain-de-la-Coudre
node,8809137056,-12.7292400,45.1706533,,Total,,Station-services TotalEnergies Longoni
node,8817568251,-20.9616966,55.6530156,,,,
node,8848353335,44.7943732,2.0251282,,,,
node,8866083146,43.5668781,2.9662222,,Relais des Gorges d'Héric,Relais des Gorges d'Héric,Relais des Gorges d'Héric
node,8867605662,48.1095196,-1.5353222,,,Air Liquide,Station GNV Air Liquide de Noyal
node,8871439314,48.4561871,-0.0351423,,Elan,,Elan
node,8872812825,48.9169781,-0.4932820,,,,
node,8874591021,48.3816229,-0.4128228,,Elan,,Elan
node,8875359322,43.2540352,3.2877284,,Total,,
node,8887121686,50.0845028,1.4949346,,Elan,,
node,8909497417,47.9229175,2.6016019,,Élan,,
node,8910471026,49.6373716,-1.2855533,,Élan,,
node,8914294855,47.2292331,5.8903606,,,,Air liquide Chemaudin
node,8914355789,47.2688599,5.1356568,,,,Air liquide Fauverney
node,8929377569,49.3388325,-0.5802137,14960001,Carrefour Contact,,Carrefour Contact
node,8932389517,-21.2830778,55.4002111,,TotalEnergies,,Total Energies
node,8935143948,46.3649391,4.8440148,,,Air Liquide,Air Liquide Mâcon Nord
node,8936023526,46.8249327,4.8573753,,,V-Gas,Proviridis Vgas
node,8941967296,48.5206477,-0.7523590,,,,
node,8954314470,43.2925283,5.5932929,13400001,Auchan,,C. C. Auchan
node,8977807698,45.4269181,1.7098618,,Avia,,Avia
node,8983015657,45.2715875,2.0256435,,Elan,,Elan
node,9003443339,43.2399170,1.6626807,,Total,,Total
node,9006954037,-12.7237231,45.1221424,,,,Station-services TotalEnergies Dzoumogné
node,9010517018,46.8985134,6.3433432,,,,
node,9014299083,45.0789311,-1.0366154,33121002,Carrefour,,Carrefour Contact Station Service
node,9015167988,47.0055836,3.3937433,,Esso,,Esso
node,9023174780,43.7676368,4.4077046,,,,
node,9029849628,49.6802296,0.2000757,,Elan,,Elan
node,9032455772,44.2991906,3.9782245,,,,
node,9032471987,48.6853885,5.7257216,55190003,Total Access,Total,Relais Total De La Porte De La Meuse
node,9033402518,-22.1963506,166.4454933,,,,Station Apogoti
node,9036428625,50.4567048,2.9736222,,AS 24,,AS24
node,9042342259,45.5889071,5.8889899,,,,Station GNV VGAS Chambéry
node,9043894518,45.9071911,4.5765996,69620003,Carrefour Market,,Carrefour Market
node,9051323384,47.9361144,-1.2324924,35130001,Super U,,Super U
node,9053295688,47.8426513,-0.9706704,53400001,Super U,,Super U
node,9061203971,48.8420457,2.0684033,78590003,Système U,,Station U
node,9061974147,45.2375584,5.8869340,,Elan,,Elan
node,9066356834,47.0418395,2.3491910,18000022,Intermarché,,Intermarché
node,9074029926,48.7838588,2.2921354,,Total,,Total
node,9079913631,50.2908147,2.7842295,62000013,Total,Total,Total
node,9083849875,49.4469451,1.1074820,,,,
node,9085468488,49.5949184,1.1055073,,,,
node,9088593319,46.7029595,-1.4289734,,Vendée Énergie,Vendée Énergie,Station Bio GNV
node,9091755547,48.6562445,2.5541807,,Engie,Engie Solutions,
node,9107589949,44.8743363,0.8322591,,,,SARL Darnige Al Automobiles
node,9107626042,45.2732575,4.8194562,,E. Leclerc,,
node,9137224593,45.7114537,-0.2473895,,Élan,,
node,9139943016,48.5221826,-4.1445647,,,,
node,9155700477,49.5117985,-1.4910142,,AS 24,,AS 24
node,9169731952,46.8229177,-1.7728476,,Avia,Rodeaux Chenot,
node,9191244254,48.6327760,0.1881399,,AS 24,,as24
node,9200029003,44.7534892,1.2977635,,,,
node,9204563317,49.5047257,3.4407364,2320002,Intermarché,Groupement des Mousquetaires,Intermarché
node,9205489355,48.8966997,2.8153236,77450007,Esso,,Esso Esbly
node,9207760039,44.3855855,0.1037170,,,Esso,Station-service du Clavier
node,9223554817,46.5243846,5.6093468,,TotalEnergies,,TotalEnergies
node,9231750312,-20.9639549,55.3272704,,Engen,,Engen
node,9235470700,47.0848133,5.4903332,,E.Leclerc,,Station Service E. Leclerc
node,9236397344,46.9917129,6.4593065,,,Marguet,
node,9241645404,48.7793164,-0.3773848,,,,
node,9251292078,49.5247325,0.7282585,,Elan,,Elan
node,9256668495,47.2612585,6.6577861,,,,
node,9275166697,43.7701030,-0.0306421,32110003,,,GersStation
node,9280924459,42.6860826,2.8171057,66270004,Carrefour,,Carrefour Contact
node,9280940183,43.1881698,2.5652788,11700009,Intermarché,,Intermarché
node,9280978963,43.5084602,2.3499072,81200004,Esso,,Esso
node,9283639997,43.4125830,4.9999528,13110003,Carrefour,Carrefour,Carrefour
node,9283697405,47.2478939,-1.5546110,44000010,TotalEnergies,Total,Total Access
node,9286080004,48.8728471,2.3211131,75008010,Total,,Total
node,9286155846,48.8723057,2.2849083,75016027,Eni,,Eni
node,9286157487,48.8710743,2.4084622,75020010,Total,,Total
node,9286205836,48.7733079,2.4982795,94370003,Esso Express,,Esso Express
node,9286232306,48.9388523,2.5264653,93270006,BP,,BP
node,9286234857,48.9447567,2.4957406,93600019,Esso,,Esso
node,9286247413,48.9282683,2.5489544,93190007,Netto,Netto,Netto
node,9286339287,49.0311862,2.3903998,95440002,,,Ecouen
node,9286425535,48.6359505,2.7809030,77390005,Total Access,,Total Access
node,9286435521,48.7001903,2.8904354,77610003,E.Leclerc,,E. Leclerc
node,9294160895,46.7954772,-2.0475286,,Système U Poids Lourds,,
node,9296490336,48.5210042,-1.8486775,,Total,,Le Calvaire
node,9299701884,49.6092555,3.5052552,2870001,Gulf,Clid Express,Gulf
node,9306597109,43.3938810,5.3650971,13240002,,,Relais du 8 Mai
node,9306597122,43.3064928,5.5017550,13011022,Intermarché,,Intermarché
node,9306689470,46.0003968,0.6729436,16500005,Intermarché,,Intermarché
node,9306874020,44.6386332,1.0606750,24550001,,,Aire C
node,9308238900,44.9651193,-0.8864608,33480006,Intermarché,,Intermarché
node,9308297592,45.4213545,4.8169685,38550002,Système U,,Station U
node,9308299337,43.6586190,-1.3602553,40150002,Super U,,Super U
node,9308713512,47.6765817,6.5237382,70200008,E.Leclerc,,E. Leclerc
node,9312156125,45.5058327,4.9087763,,Total Contact,,Total Contact
node,9314930947,50.6313438,2.2668022,62129002,Carrefour Contact,,Carrefour Contact
node,9314976499,44.8014706,4.8536894,26250004,TotalEnergies,,Total
node,9315642102,44.6270320,0.7427177,47210002,,,Aire C
node,9315687434,44.2744961,0.8842097,47470001,Aire C,,Aire C
node,9315724541,44.6796026,1.2615811,46340001,Super U,,Super U
node,9315794046,45.5540662,4.1206316,42610002,Intermarché,,Intermarché
node,9317764044,49.2104235,2.1511669,60110004,TotalEnergies,,TotalEnergies
node,9319164618,48.8651640,2.3658631,,,,Essence 32
node,9320644458,46.3426674,6.4774151,74200019,,,Carburauto
node,9320661119,46.1093297,5.9760593,74520010,Carrefour Market,,Carrefour Market
node,9320682541,45.5898303,5.9195313,73000017,Super U,,Super U
node,9321140295,45.6659536,1.1853928,87800002,Système U,,Station U
node,9324275243,48.6862277,7.8688319,,TotalEnergies,Garage Rieger,TotalEnergies
node,9325074466,48.8901122,6.3859186,57590003,DATS 24,,Dats 24
node,9333931301,45.6766630,4.9191250,69960006,Total Contact,,
node,9333985876,45.6848010,4.6683665,69510004,TotalEnergies,,TotalEnergies
node,9334051526,46.0523315,3.9346387,42370005,Eni,,Eni
node,9334066781,47.5046677,4.0375622,89420003,Avia,Avia,Avia
node,9334073072,47.5590374,6.4241596,70110002,Intermarché,,Intermarché
node,9338221887,47.1085017,3.5142510,,Total,,
node,9339864296,44.2888923,4.8463445,26790006,,,Natura' Pro Cooperative
node,9339898576,44.6083884,4.8610673,26740006,,,Natura' Pro Cooperative
node,9340467155,50.9433992,2.2004382,59630003,Intermarché,,Intermarché
node,9340886962,47.7396978,7.3004612,68200027,Eni,,Eni
node,9340967214,48.9343553,6.6520358,57340004,Total Access,,Total Access
node,9340969410,47.7538502,7.3968906,68170004,E.Leclerc,,E. Leclerc
node,9340993869,48.4980920,6.8901341,54540002,Carrefour,,Carrefour Express
node,9340995706,48.5802986,7.6112937,67112002,TotalEnergies,Total,Total Contact
node,9341209470,50.5999643,3.2534049,59780003,Super U,,Super U
node,9341520064,49.8981449,2.4937798,80800006,Intermarché,,Intermarché
node,9341550515,49.7743073,1.9905628,80290006,Intermarché,,Intermarché
node,9341603855,48.6277158,-2.3609916,22240003,Coccinelle,,Coccinelle
node,9341661789,49.5931546,4.5038038,8270002,Total Access,,Relais des Ardennes
node,9343372587,48.8986891,4.0090225,51130002,E.Leclerc,,E. Leclerc
node,9353481040,43.5188564,1.1815268,31470008,,,E. Leclerc
node,9360714614,46.3556947,2.8013273,3170001,Avia,,Avia
node,9363458386,48.5298583,2.2878497,91510002,Intermarché,Groupement des Mousquetaires,
node,9368500310,47.4682057,-0.6259122,49070005,Système U,,Station U
node,9376001831,48.6007416,-1.2015894,50540001,Total,,
node,9376894793,44.1302926,4.1237076,30340004,Eni,Eni,Eni
node,9377000532,44.0550848,3.9900644,30140006,Eni,Eni,Eni
node,9377060742,43.3041674,5.4276942,13012022,Total Access,,Total Access - Relais la Fourragère
node,9377086886,45.2200211,6.4656346,73140003,Total,Total,Total
node,9379936932,47.2467596,0.6968003,37250006,Auchan,Auchan,
node,9381387379,46.7567715,0.4846235,86530001,Intermarché,,
node,9384169270,47.2291250,-2.1554258,44250005,Total Access,Total,Total Access
node,9392324364,49.2116152,-1.5312925,50430002,Intermarché,Intermarché,Intermarché
node,9394578116,44.0453740,1.1147389,82100007,Total,Total,Total Contact
node,9395342197,45.4551538,-0.4409446,17500002,E.Leclerc,E. Leclerc,Station Service E. Leclerc
node,9396493224,47.1311525,-1.7531149,44710002,Intermarché,,Intermarché
node,9396525328,47.5977516,7.5862095,68330002,Système U,,Station U
node,9401880009,47.5037107,-0.5859728,,Carrefour Market,,Carrefour Market
node,9405074915,43.8440262,4.3081452,30000012,Intermarché,Groupement des Mousquetaires,Intermarché
node,9407357108,43.7850947,4.6388650,30300011,Avia,,Avia
node,9415082163,49.0503271,7.0447169,,,,
node,9415116282,48.1126571,-1.5893912,35510001,Carrefour,,Carrefour
node,9415196394,49.3611343,0.8171672,27310005,Intermarché,,Intermarché
node,9415215813,48.8569867,2.4290460,93100015,TotalEnergies,,TotalEnergies
node,9415249254,45.7416846,6.4230792,73400005,Avia,,
node,9418449943,48.8034689,-0.5007528,61430003,,,Renault
node,9424947341,48.1044037,1.1199688,28290002,Carrefour,,Carrefour
node,9425769015,47.0829937,3.0920293,58320001,Carrefour,,Carrefour Contact
node,9425770853,46.6989422,3.3520075,58390003,Intermarché,,Intermarché
node,9428664958,45.6186351,-1.0275108,17200007,Avia,,Avia
node,9431451455,45.7860378,6.2227769,,Avia,,Avia
node,9439122002,49.2764083,1.7618620,27140004,Intermarché,Groupement des Mousquetaires,Intermarché
node,9440591921,48.8862846,1.9207007,78121001,TotalEnergies,,Total energies
node,9444761509,49.1878228,-1.4154701,50190002,TotalEnergies,,Total Energies
node,9449830764,45.3481048,6.3025781,73130002,Intermarché,,Intermarché
node,9452903160,49.3941500,5.1782722,,,,Meuse Nautic
node,9462794121,-20.9016667,55.4963503,,TotalEnergies,,Total
node,9474327898,50.4854440,2.8583123,62410001,Intermarché,,Intermarché Wingles
node,9481657743,46.9193315,0.2193326,,Gulf,,
node,9481688790,45.8551115,4.8398975,69250008,Eni,,Eni
node,9487000967,48.0397518,0.1756064,72650001,Auchan,Auchan,Auchan
node,9498587015,43.4241895,5.3878112,,LIQVIS,,Station Gnv Bouc-Bel-Air
node,9502761820,49.4288768,4.9517711,8240001,TotalEnergies,,TotalEnergies - Garage de la Bar
node,9504228221,43.7828892,3.7371691,34380002,Spar,,Spar
node,9514363462,43.3160226,6.0741342,83136009,Système U,,Station U
node,9514373804,43.9272692,4.9995856,84250002,,,Peugeot Durance Auto
node,9516210803,47.0450909,2.6369154,,,,
node,9517041932,47.9893071,2.4541838,45270001,Auchan,,Auchan
node,9526997732,46.4527359,4.1049596,71600012,Netto,Les Mousquetaires,Netto
node,9532859982,48.3040381,1.2562444,28120002,Intermarché,,
node,9534859590,47.4750730,6.8460428,25400004,Système U,,Station U
node,9535034805,46.9634846,5.1740120,71270008,Système U,,Station U
node,9540250271,48.4437903,0.0995550,61000009,Total,,Total
node,9544711213,45.2833089,0.7454105,24460003,Total,,Total
node,9547270315,47.8148995,-3.3424138,56850004,Carrefour Contact,,Carrefour Contact
node,9547793430,45.3065670,3.3760094,43100001,Carrefour,,Carrefour Market
node,9554616713,43.6070458,2.2456627,81100004,Esso Express,Esso,Esso Express Miredames
node,9555712652,48.1984682,-3.6997556,29540001,,,Breizh Station
node,9558850272,47.7657379,6.1029069,,,,
node,9559043208,47.7492124,1.8130666,45370002,Carrefour,,Carrefour Contact
node,9579149077,47.4567834,6.6880491,,Avia,,Avia
node,9594566624,45.3975609,5.4667812,38690006,Système U,,Station U
node,9594726206,45.3242538,5.5810894,38430004,Intermarché,,Intermarché
node,9594937288,45.6678827,5.4725619,38510006,Auchan,,Auchan
node,9594956058,46.8962100,2.7289034,18350003,Total,,Total
node,9594988100,43.2739912,5.3870850,13008018,,,Relais de Mermoz
node,9595022035,47.3780262,6.3776895,25110005,Avia,,Avia
node,9595027177,47.5246072,5.3606122,21610001,Intermarché,,Intermarché
node,9595045273,49.2228942,1.0629451,27400010,Total,Garage du Carbonnier,Total
node,9595098135,48.0382823,5.2134306,52800003,Avia,,Avia
node,9596885952,46.8634271,4.2967002,71710002,TotalEnergies,,Total
node,9596999773,45.7414850,-0.8005385,17600005,Avia,,Avia
node,9599179176,47.9506132,7.3755193,68127002,Intermarché,Colruyt,Intermarché
node,9612555485,44.3820313,4.6415875,7700004,Intermarché,,Intermarché
node,9612587774,44.1141258,4.1009876,30100018,Esso,,Esso
node,9612613824,43.9231858,4.9122424,84310004,Esso,,Esso
node,9624669157,48.8799306,2.4928523,93110006,Avia,,Avia Xpress
node,9625770320,44.6123848,2.6633687,,,,Station-service Le Nayrac
node,9638788039,50.4524262,2.9770809,,,,v-gaz
node,9646772045,43.1938003,5.6714844,,Esso,,Esso A50 Aire de la baie de La Ciota
node,9649652182,43.8756303,0.4629872,,,,
node,9652245596,49.8974214,1.2536578,76630001,Carrefour,,
node,9653445135,47.4217341,5.1700012,21490003,Total,,Total - Camions
node,9653445136,47.4227606,5.1711029,21490003,Total,,Total - Camions
node,9653611975,50.2618981,2.8649104,62128009,BP,,BP Aire de Wancourt Est - Voitures
node,9663223683,50.6965747,3.1421056,,Casino,,Casino Express
node,9694621181,46.8493180,-0.8276283,,,,Aux Saveurs de Tom
node,9697866510,44.8467797,0.8992508,24480002,Elan,,Elan
node,9697871959,44.9698319,1.0439344,24620003,Elan,,Elan
node,9697872865,47.2994369,6.5749423,25430003,Avia,,Avia
node,9697874538,46.2128532,-0.9539417,17540001,Elan,,Elan
node,9697917322,43.8838656,4.4936169,30320008,TotalEnergies,,TotalEnergies
node,9697959046,45.1602345,5.6961535,38180001,Intermarché,,Intermarché
node,9697999140,47.4831134,-2.1612315,44780003,E.Leclerc,,E.Leclerc
node,9698031161,45.4442190,6.0335425,73800006,Total,,Total
node,9704796696,46.0296048,-1.3797091,,Avia,,Avia
node,9724122617,46.8530084,-1.1777620,,Elan,,Élan
node,9735678077,44.2905478,-0.2623135,,Total,,Total
node,9739292607,46.7191951,3.6838679,,,Elan,
node,9739971802,49.7541250,0.3716263,74500002,Carrefour,,Carrefour
node,9756684112,48.6574239,0.4704500,,,,VSC
node,9757290712,46.6798447,5.5724186,39000007,TotalEnergies,,TotalEnergies access
node,9762912521,44.6421984,-1.2549191,,Avia,,Avia
node,9769316506,47.9210077,-0.1612646,,,,
node,9776990706,47.3713460,3.9979930,89630001,Rousseau carburant,Rousseau carburant,Rousseau carburant
node,9796954759,48.1166152,2.1895768,45300009,Avia,,Avia
node,9800580982,47.7984165,6.3276073,,,,
node,9802719542,46.8651379,3.1616238,,,Circuit de Nevers-Magny-Cours,
node,9819899465,45.7160609,1.3739222,87260003,Système U,,Station U
node,9819905862,49.4065306,-1.7833986,50270003,TotalEnergies,,Total Contact
node,9819910273,50.9252608,1.8502691,62231001,Shell,,Shell
node,9819935149,48.6562935,7.7561854,67116003,Shell,,Shell
node,9819963193,46.4645678,4.0790113,71600013,Shell,,Shell
node,9820001314,44.3298079,3.0529453,12150008,,,Station Delmas
node,9820002062,44.4232579,3.0124238,12560003,,,Station du Val de Serre
node,9820118198,44.3942474,4.9420804,84600003,Fage Energies,Fage Energies,Fage Energies
node,9871904019,48.1006698,-1.4279765,,AS 24,,AS 24
node,9878336017,-21.4720940,168.0025373,,,,
node,9878389017,43.1329435,6.1539574,,,,
node,9910018754,46.9623763,4.8381999,,AS 24,,AS 24
node,9912760522,48.1024548,-1.4131779,,Super U,super u,Super U
node,9916484152,44.4018307,0.4999493,47260001,u,U Express,Station U
node,9916573683,-22.2594488,166.4737454,,,,Depot d' AVGAS
node,9922811571,44.8203776,1.2904325,24250004,,,Périgord Quercy Automobiles
node,9942935291,46.1497453,0.2796391,,Esso,,Esso
node,9944479147,46.6684994,-1.3398420,,,,Station Biogaz GNC
node,9944483062,44.2908047,0.2677664,,,,Station Biogaz GNC
node,9950596126,47.5893004,1.6574689,,,,Pompe essence
node,9952511082,44.8532222,0.0667622,24230003,Total,,Total
node,9956222813,46.8931542,-1.5857064,44650001,Super U,,Super U
node,9961787417,47.5889169,-3.0583069,56340002,Super U,,Super U
node,9965188403,48.2552086,-3.4252216,,AS 24,,AS 24
node,9970510503,45.5250978,4.9219260,,,,Postes de recharge BioGNV
node,9970510551,45.5257958,4.9226912,,,,Postes Diesel et AdBlue
node,9977756201,47.4102351,-0.9367848,49123002,,,JSE station
node,9983596763,44.7150053,2.7625452,,,,
node,9987098105,45.9566138,-0.9772762,17300004,Intermarché,,Intermarché
node,9990503917,-21.0110675,55.2734589,,,,Marhaba
node,9997857608,47.7666356,-0.3222285,,Elan,,Elan
node,10006243131,49.0937318,2.5287602,,,ENGIE,Station ENGIE Gaz Naturel Véhicule
node,10024479271,44.7343494,4.9249904,26400009,Système U,,Station U
node,10024508707,49.1490974,0.5062185,27230005,Elan,,Elan
node,10024537798,48.1898768,1.5796743,28800002,Elan,,Elan
node,10024566735,43.7465059,-1.3211606,40140005,Netto,SAS SOSTODIS,Netto
node,10024567748,48.1616367,2.0514840,45480002,Carrefour Contact,,Carrefour Contact
node,10024595356,44.4709674,1.6875036,46330001,,,Proxi
node,10024601035,44.5443937,3.2874795,48100007,,,Aldi
node,10024627112,43.1465350,-0.2580648,64800008,Elan,,Elan
node,10024636904,46.0042010,4.7068087,69400015,Intermarché,,Intermarché
node,10024679986,47.6138386,6.1628718,70000011,,,Bocquillion
node,10024688821,46.5578488,4.9834145,71290002,Intermarché,,Intermarché
node,10024697186,46.8614646,4.9501373,71590001,Super U,,Super U
node,10024717208,46.3419145,0.9520587,86390002,Gulf,,Gulf
node,10024722779,48.8975199,2.8644881,77860002,,,Station de Quincy
node,10024754839,45.7074366,1.2405780,87800004,Carrefour Contact,,Carrefour Contact
node,10045747257,44.3246460,2.5669826,,,Gaz'Up,Gaz'Up
node,10047677343,43.2947632,5.4802701,13011026,Auchan,Auchan,Auchan
node,10049415172,45.8462145,5.0409011,1120006,Total,,Total
node,10064564850,48.7967433,2.6233579,77340007,TotalEnergies,,TotalEnergies
node,10066413299,46.1980739,1.3054499,87290002,,,Station-service Intercommunale
node,10082321377,46.3924426,5.4527452,,,,
node,10092292034,45.8435533,5.0703947,1120009,Avia,Avia,Avia
node,10103240844,45.2753006,2.2013363,19550001,Avia,,Avia
node,10111728201,48.8326884,1.9415224,,Elan,Plaisir cycles,Elan
node,10112087756,45.1835628,0.7778160,,Gaz’up,,
node,10115862308,-20.7823011,167.2208967,,,,Pacific
node,10139991747,48.6079844,2.3312124,91220005,BP,BP,BP Plessis-Pâté Sud
node,10173700655,48.8261041,2.2617693,,,,Station hydrogène
node,10175906830,44.2774426,2.4500819,,,,
node,10185166117,45.1584179,0.5256715,,,,
node,10213480451,-21.0307863,55.7100468,,Vito,,Vito
node,10213480452,-21.0321851,55.7116183,,Tamoil,,Tamoil
node,10213480453,-21.0355799,55.7053533,,Vito,,Vito
node,10213480454,-21.0380927,55.7171161,,Total,,TOTAL
node,10213480455,-21.0429323,55.7160406,,Elf,,Elf
node,10213480456,-21.0525455,55.7151769,,,,Engen
node,10213480457,-21.1286901,55.7948888,,Vito,Elf,Vito
node,10213480459,-21.1447958,55.6192450,,Vito,,ViTO Plaine des Palmistes
node,10213480460,-21.1374311,55.4741757,,Engen,,Engen
node,10213480461,-20.9867281,55.2956043,,Shell,Vito,
node,10213480462,-21.0003611,55.2817577,,Shell,Shell,Shell
node,10213480463,-21.0119190,55.2720673,,Total,,Total
node,10213480464,-21.0402944,55.2238774,,TotalEnergies,Total,TotalEnergies
node,10213480465,-21.0485285,55.2222151,,Vito,ViTO,ViTO
node,10213480466,-21.0607093,55.2234710,,Vito,ViTO,ViTO
node,10213480467,-21.0593001,55.2249375,,Vito,,Vito
node,10213480468,-21.2177557,55.2984971,,Vito,,
node,10213480469,-21.2442519,55.3336686,,Engen,,Engen
node,10213480470,-21.2660021,55.3679750,,Vito,,Vito
node,10213480471,-21.2825477,55.3997384,,,,Station Vito
node,10213480472,-21.2937841,55.4031019,,,,Station service Vito
node,10213480473,-21.2890807,55.4115629,,Tamoil,,Tamoil
node,10213480474,-21.3342151,55.4609491,,,,Station Engen
node,10213480475,-21.3312807,55.4775573,,Vito,Vito,Station Vito
node,10213480476,-21.3448011,55.4851554,,Oilibya,,OLA
node,10213480477,-21.3452489,55.4988903,,,Vito,Station Service Vito
node,10213480478,-21.3797565,55.6284437,,Engen,,Engen
node,10214303949,-21.0427590,55.2513385,,Engen,,
node,10214303950,-21.2804902,55.5133843,,Vito,,Vito
node,10214303951,-21.3752507,55.6654065,,Vito,,Vito
node,10214303952,-20.9029527,55.6002154,,Vito,,Vito
node,10214303953,-20.9090483,55.6097011,,TotalEnergies,,Total Energies Ste-Suzanne
node,10214303954,-20.9291558,55.6359937,,Vito,,Vito
node,10214303955,-20.9323562,55.6425598,,Total,,Total
node,10214303956,-20.9527151,55.6487943,,,,Ola Energy
node,10214303957,-20.9558402,55.6496626,,Total,,Total
node,10214303958,-20.9633319,55.6491637,,Engen,,Engen
node,10214303959,-21.0812047,55.7463355,,,,
node,10230480028,44.5588925,2.2582767,12300005,Super U,,Super U
node,10243327199,49.1469443,0.9635083,,TotalEnergies,,Total
node,10264936688,44.3140299,0.0799567,47700001,E.Leclerc,,Station Service E.Leclerc
node,10268510166,47.9821339,3.7738332,,,,
node,10273203259,47.6555380,-1.4978472,,,,
node,10277484177,43.0780305,1.3685091,,,,
node,10289626883,48.7381224,-0.0234035,,Elan,,Elan
node,10293019378,48.6576099,7.8292189,,,,Garage Claus
node,10310381189,43.6258198,2.4731911,81260003,TotalEnergies,Renault Vialaret,TotalEnergies
node,10311748157,46.5528383,1.1611229,,Total Énergie,,
node,10554819126,48.8207518,2.3490317,,,,
node,10558466731,46.1797348,5.3249736,1250006,Système U,,La Station U
node,10573408027,42.5914089,2.8427365,66300017,Carrefour,,Carrefour
node,10616071348,47.9952219,-1.6212111,35230007,,,Carrefour Contact
node,10666220597,45.8944986,0.7940314,16150002,,,Garage Fragnaud
node,10672663227,44.5354744,4.6874783,7400005,Netto,Les Mousquetaires,Netto
node,10676123561,49.5705947,3.6074481,2000003,Carrefour,Beresa,Carrefour
node,10677620326,46.1257227,1.0434756,87300002,Total,Esso,Esso
node,10678185194,50.6722322,2.8969957,59930002,Total Access,,Total Access
node,10678210754,49.5117959,2.4313950,60130001,E.Leclerc,E. Leclerc,Station Service E. Leclerc
node,10681507182,47.5914731,4.0023077,89440001,Avia,,Avia
node,10682531305,48.5451486,3.2893673,77160002,E.Leclerc,,E.Leclerc Station Service
node,10686184395,43.4159585,6.4527097,83550006,Esso,,Esso Provence Verdon
node,10692000037,49.9081176,1.0758656,76200004,Total Access,TotalEnergies,Total Access
node,10692028315,49.9159749,1.0743414,76200002,Esso Express,,Esso Express
node,10692028317,49.9086603,1.0768623,76371001,Auchan,,Auchan
node,10692786357,49.4140681,2.6462352,60190002,Intermarché,,Intermarché
node,10692786368,49.5249211,0.3655006,76430004,Carrefour Market,,Carrefour Market
node,10692886722,49.9136726,1.0948107,76370006,Intermarché,Thimont,Intermarché
node,10694449927,49.6036722,2.0851091,60360001,Carrefour,,Carrefour
node,10700257304,43.4668724,6.6716391,83480006,TotalEnergies,Total,Total
node,10700264605,43.4670429,6.6719810,,AS 24,,AS24
node,10702402490,49.5296304,0.3451198,76430005,Super U,,La Station U
node,10702463463,49.5620683,0.2206157,76133001,Carrefour Market,Groupe Carrefour,Carrefour Market
node,10702567655,47.4261343,0.6559575,37540001,Auchan,Auchan,C. C. Auchan
node,10704538434,47.4253631,0.6976275,37100001,Auchan,Auchan,Auchan Carburant Petite Arche
node,10704744253,47.4033443,1.0193550,37400002,E.Leclerc,E. Leclerc,Station Service E. Leclerc
node,10705090885,49.8722317,1.0483937,76550001,Carrefour Market,CSF,Carrefour Market
node,10707835424,49.3967733,1.1028948,76800003,Intermarché,,Intermarché Super
node,10707836694,49.9187973,1.0859426,76200003,,Société financière Marchand,Marchand
node,10720800629,43.4109688,5.2177875,,TotalEnergies,,Total Access
node,10727708169,43.0027201,1.1307865,9190005,Avia,,Station Service Avia XPress
node,10734603904,45.9270839,6.7525318,,,,IDS
node,10741262907,43.0184441,0.8831551,,Elan,Elan,Elan
node,10742981927,48.1546458,7.3198527,68630003,Carrefour City,,Carrefour City
node,10745135774,43.5894629,7.0349460,6250009,TotalEnergies,,Total Relais de la Cote d'Azur
node,10745135789,43.5829875,7.0092131,6250010,TotalEnergies,Total,Total Access Relais des Campelières
node,10766301485,47.4356413,-1.2393531,44522002,Super U,Super U,Super U
node,10774965952,48.3375553,-1.3036716,,AS24,,
node,10780119623,45.8964377,0.9160774,87200003,E.Leclerc,,Station Service E. Leclerc
node,10795952933,44.7808276,-0.6496624,33600009,TotalEnergies,,Total
node,10800123658,49.6123662,0.7755930,76191001,E.Leclerc,Yvetodis,E. Leclerc
node,10800141207,49.6256511,0.7871371,76190003,Intermarché,,Intermarché
node,10800142545,50.0108926,1.3164014,76910001,Intermarché,,
node,10803681283,49.0433284,3.3953100,2400008,Avia,,Avia
node,10803721081,49.7290341,0.3678100,76400009,E.Leclerc,E. Leclerc,Station Service E. Leclerc
node,10803756317,49.6528637,0.6017415,76640002,Super U,,Super U
node,10803756784,49.5816026,1.9539215,60690001,Intermarché,,Intermarché
node,10811702278,44.9998939,1.6405135,46110001,Carrefour,,Carrefour
node,10819458831,44.8347550,-0.5990525,33000015,Esso Express,Esso,Esso Express
node,10829726302,48.9530408,7.6331896,,E.Leclerc,,Station Service Garage Meyer
node,10832486552,43.7951211,4.6819206,,,,
node,10834123151,48.9002622,2.3742541,75019014,Total Access,Total,TotalEnergies
node,10839085636,49.4277349,1.0628790,76140001,Carrefour Market,,Carrefour Market
node,10841688343,49.0880760,7.0398371,57910002,Super U,Système U,Super U
node,10841838234,44.0323487,5.4919708,,,,
node,10844163237,49.3948862,2.7929184,60200008,,,Station service Intermarché
node,10856642282,49.0651795,1.4255713,,,,
node,10860335070,49.9799642,3.4497734,2110002,Intermarché,,Intermarché
node,10861970705,-20.9795181,55.3177491,,,Engen,
node,10866743170,45.3052992,5.6243568,38340013,Total,,Total
node,10866743171,45.3042088,5.6258561,38340012,Total Access,Total,Total Access
node,10868424304,4.8980789,-52.2736459,,Sol,,Sol
node,10876008864,48.4610584,-2.0150188,,,,
node,10882043742,43.6799369,3.0936428,,Mobil,Mobil,
node,10900940273,45.8721967,0.6820737,16150004,Elan,,Elan
node,10911354458,49.9008370,2.3456521,80450001,Intermarché,,Intermarché
node,10916612009,43.5920243,7.0362057,6250012,Shell,,Shell
node,10922078525,43.3917652,-1.3063618,,Total,,Total
node,10929063049,48.2115804,-1.5178131,35342001,Super U,,Super U
node,10942768312,47.6271098,6.1716320,70000001,Carrefour,Carrefour,Carrefour
node,10946097002,48.4167486,0.1099413,,Elan,,Elan
node,10956826972,46.5334029,3.7507470,,,,Garage Moreau
node,10956931167,46.3800847,3.5844287,,,,Garage Alevêque
node,10962255205,47.9205135,6.0998996,,,Garage Fraye,Magnen Energie
node,10967721019,45.2580119,5.2413474,,,,
node,10971104430,43.2387715,3.1118352,11110004,Intermarché,Groupement des Mousquetaires,Intermarché
node,10979405556,44.7964821,1.2040986,24250001,Carrefour,,Carrefour Contact
node,10979412513,43.1890198,2.7533513,11200001,Carrefour,Carrefour,Carrefour-Station Service
node,10983020392,43.2029436,2.4423743,11800002,Super U,,
node,10983829723,50.6803221,3.2228565,59115001,Auchan,,Auchan
node,10983829725,50.9530454,1.8888478,62101001,Carrefour,,Carrefour
node,10983829726,49.4333894,2.0473583,60000008,Intermarché,Tilguit,Intermarché
node,10983829727,50.6460454,3.0982277,59370002,Intermarché,Groupement des Mousquetaires,Station Intermarché
node,10983829728,50.5409820,3.0210900,59113001,Carrefour Market,,Carrefour Market
node,10983829729,50.6422983,3.0121610,59160004,Intermarché,intermarché,Intermarché
node,10983829730,50.6590437,3.0124077,59130002,Intermarché,Groupement des Mousquetaires,Intermarché
node,10983829731,51.0038811,2.3038727,59760002,BP,BP,BP
node,10983829732,50.5597580,3.0354251,59474001,TotalEnergies,,Total
node,10983829733,50.6478176,3.0990162,59370004,Total Access,,Total Access
node,10983829734,50.6256822,3.1497831,59650001,Carrefour,Carrefour,Carrefour
node,10983829735,49.4426361,2.0925978,60000010,Intermarché,Ludivan,Intermarché
node,10983829736,50.9460572,1.8368183,62100006,Avia,,Avia
node,10984190959,48.9073128,2.4713722,,,,
node,10997185277,43.2357608,2.3690101,11000016,Carrefour,,Carrefour
node,10997208106,43.0449162,2.2245283,11300006,Système U,Super U,Station U
node,10997397122,50.4364365,3.4400498,59230002,E.Leclerc,E. Leclerc,Station Service E. Leclerc
node,10997426156,43.5272795,-0.9169986,64270005,E.Leclerc,,E.Leclerc Express
node,10998343088,43.3473123,3.2449224,34500008,Auchan,Auchan,Auchan
node,11001253055,42.7735994,3.0140640,66250002,Intermarché,,Intermarché
node,11001262808,42.6258963,2.7670875,66300015,Intermarché,,
node,11001262819,42.7059527,3.0151520,66140002,Intermarché,Groupement des Mousquetaires,Intermarché Super
node,11001441966,42.8929264,2.1938317,11500005,Carrefour,,Carrefour
node,11001697724,43.5901071,2.1895556,81115001,Auchan,Auchan,Auchan
node,11001697725,43.5675637,2.0060758,81700003,Intermarché,,Intermarché
node,11003725672,47.2562571,0.6921526,,,,Station hydrogène
node,11007913644,45.4215750,2.9984567,,,,La Cabane
node,11009665968,43.4837554,1.5490642,31450009,Dyneff,E. Leclerc,Dyneff
node,11009665969,43.5312189,1.5344764,31670001,TotalEnergies,,TotalEnergies
node,11009790615,43.3692317,1.7746776,31290004,Total,Mr Martinez,Total
node,11011719979,50.0739804,1.5369927,80130003,Intermarché,Groupement des Mousquetaires,Intermarché
node,11013139409,45.1852222,1.4932076,,Q8,Q8,International Diesel Services
node,11013973364,45.1300073,1.6586852,,Nervol,,Nervol
node,11015894512,45.3871715,4.3013514,42700004,E.Leclerc,,Station Service E.Leclerc
node,11020698714,45.1891962,-0.4911907,,Avia,,Avia
node,11020710318,45.1892396,-0.4937327,,Avia,,Avia
node,11029997697,46.2034307,6.2671195,,,,
node,11035606767,45.7765487,4.8209277,,Esso,,Esso
node,11052311164,46.1324016,0.1806605,,,,
node,11052311165,46.1318558,0.1806142,,,,
node,11052735158,45.9748290,6.0334003,74330004,E.Leclerc,,Station Service E.Leclerc
node,11056099603,46.1670522,-1.2132450,,,,AS24
node,11056137994,46.1725626,-1.2142205,,,,Avia Xpress
node,11061931399,47.7873291,3.6716357,,TotalEnergies,Total,Relais Total de Venoy
node,11064482528,44.0963903,5.4128722,84390001,Intermarché,Les Mousquetaires,Intermarché
node,11064671289,43.7125191,-1.2314803,40230005,Esso,Esso,Esso Saint-Geours-de-Maremne
node,11070048741,46.0212904,0.6574950,16500001,Avia,,Avia
node,11070048742,46.0213868,0.6565363,16500002,Intermarché,,Intermarché Super
node,11081389236,48.6157657,6.1935292,,AS 24,,AS24 - Ludres 2
node,11083972708,50.3803545,3.6066877,59264001,Total Access,,Total Access
node,11090346303,45.6165542,5.1445802,38090005,Netto,SAS Dalorenzo,Netto
node,11093627155,47.9120861,-1.3837440,35240001,Système U,,Station U
node,11104672282,46.3487532,6.4326125,74200003,Carrefour,,Carrefour
node,11108083664,43.7080278,-1.0440391,40100004,E.Leclerc,,E. Leclerc
node,11109113684,46.3355448,6.4825331,74200014,Intermarché,Groupement des Mousquetaires,Intermarché
node,11117007764,50.0220945,1.3256510,76910002,TotalEnergies,,Total
node,11124764680,43.8317613,4.7868612,13910001,Super U,,Super U
node,11130200576,42.4876785,9.4796833,20213005,Vito,Vito,Vito
node,11130223157,46.3589486,6.4527478,74200020,Eni,,Eni
node,11136163407,48.0287502,-0.2693678,,TotalEnergies,,Total
node,11136258333,46.3661528,-0.7418036,,Avia,,Avia
node,11136538506,44.8960398,2.3940756,,,,Auvergne Carburants
node,11137248012,47.1675497,0.6309417,,TotalEnergies,,TotalEnergies
node,11138327841,48.8403618,1.9810789,,BP,,BP
node,11145761414,47.8591135,7.3405277,,,,24/24
node,11148639584,49.5121331,2.4314696,,E.Leclerc,,Station Service E. Leclerc
node,11149087529,45.4812807,4.4452551,42290002,TotalEnergies,,TotalEnergies
node,11149937265,46.3803754,6.4970276,74200016,Intermarché,,Intermarché
node,11160753972,47.0058407,0.0806728,86200005,E.Leclerc,E. Leclerc,Station Service E. Leclerc
node,11161370600,43.7545418,7.3976287,6320003,Esso,,Esso
node,11161533390,43.5412908,6.7855271,83600013,E.Leclerc,E. Leclerc,E.Leclerc
node,11171711837,46.3990488,6.5796402,74500009,Eni,,Eni
node,11171973991,47.0947176,0.1774375,,,,
node,11173816080,44.9833028,1.9901365,,Avia,,Avia
node,11174381184,45.0157249,1.9484042,,Elan,,Elan
node,11180514014,49.4274456,2.1239687,,AS 24,,AS24 PL
node,11182755534,43.2078671,2.3108608,11000018,Auchan,,Auchan
node,11186014972,44.2626474,0.9577312,,Elan,,Elan
node,11188213486,45.6397732,5.8750370,,,,Vélo à hydrogène
node,11203457100,48.6810512,5.8903778,54200013,,Super U,La station U
node,11212563906,47.4856343,3.1656370,,,,
node,11240648192,49.3224599,-0.4528990,14470002,Carrefour,,Carrefour
node,11240813824,46.2685965,6.3156454,74140003,Super U,Super U,Super U
node,11242982253,50.2477289,4.1487650,59149002,Netto,,Netto
node,11244293271,14.6932549,-60.9757080,,TotalEnergies,,Total
node,11259843022,47.4990619,3.9081936,,Avia,,Gpl
node,11262184500,46.1781524,6.2420013,74100009,Elan,Garage Chevallier,Elan
node,11262184501,46.1858487,6.2304557,74100010,Total,,Total La Chamarette
node,11264477223,46.1809152,6.2154410,74240001,Intermarché,,
node,11266915068,46.3821207,5.7769230,39170002,Avia,Avia,Avia
node,11267335071,46.2035453,6.2372062,74100007,E.Leclerc,E. Leclerc Ville-la-Grand,Station Service E. Leclerc
node,11283520680,46.2683816,5.6561697,1100008,Intermarché,,Netto
node,11285752240,43.7176621,7.1520770,6610005,Carrefour Contact,,Carrefour Contact
node,11285763435,43.2831213,5.4973666,13011023,,,Station La Millière
node,11285800103,43.5872039,5.1392026,13680010,Carrefour Contact,,Carrefour Contact
node,11286342764,43.4309505,6.7554351,83600026,Eni,,ENI
node,11288302656,44.9098062,2.4536303,15000018,Avia,,Avia
node,11288323467,45.6809146,-0.1640809,16200005,Intermarché,,Intermarché
node,11288733778,47.0992668,2.4884436,18390004,Intermarché,,Intermarché
node,11288769226,47.3257959,-2.1487182,44550001,Système U,,Système U
node,11293088309,47.2895760,-2.2569100,44600007,E.Leclerc,E. Leclerc,Station E. Leclerc
node,11296277216,46.1294301,1.0542836,87300003,Intermarché,Groupement des Mousquetaires,Intermarché
node,11304374619,43.4221463,5.9926645,83170012,TotalEnergies,,Total Relais Terrasses de Provence Centre VL
node,11329108971,48.6776779,-3.9990627,29250002,E. Leclerc,E. Leclerc,Station Service E. Leclerc
node,11330989055,47.8438627,3.5512347,89470001,Carrefour,Carrefour,Carrefour
node,11341114813,46.5486201,2.1117032,,Avia,,
node,11343615272,45.8878276,2.1757945,23500002,Intermarché,Groupement Les Mousquetaires,Intermarché
node,11374321679,45.6415391,5.1043443,,AS 24,,AS 24
node,11379180996,48.3529383,-1.2360196,,E. Leclerc,,
node,11388826068,44.7397419,3.8506698,,,,
node,11401089844,-21.0526242,55.7145261,,,,Engen
node,11409279243,49.4877715,0.1496975,76600025,TotalEnergies,,Total
node,11410599987,47.6346744,-1.8051636,44290001,Super U,Super U,Super U Guémené-Penfao
node,11413401577,43.3504223,-0.2623361,64160001,Super U,,Super U
node,11422725986,43.1831856,2.9351537,11100015,Super U,,Super U
node,11446533893,43.2953809,3.2180232,,,,
node,11449751478,49.1098846,0.2155039,,,,
node,11455164376,45.5193736,4.8701788,38200014,TotalEnergies,TotalEnergies,TotalEnergies
node,11461004474,43.1130294,0.3569938,65130001,Intermarché,,
node,11468885169,45.1261313,6.0332230,38114002,Avia,,Avia
node,11472588254,45.9272243,6.1245455,74000002,Carrefour,Carrefour,Carrefour
node,11486547448,47.8436737,3.5511763,,Carrefour,,Carrefour
node,11489397755,45.5248427,4.2960647,42160006,TotalEnergies,,TotalEnergies - Relais des coquelicots
node,11494250388,43.9472645,4.8554518,84000021,TotalEnergies,,Total Access
node,11500304579,46.1615900,6.6727928,74260002,TotalEnergies,TotalEnergies,TotalEnergies
node,11500304581,46.0912757,6.6732245,74440004,TotalEnergies,,TotalEnergies
node,11516225564,47.9599003,1.8890931,45770001,Carrefour,,Carrefour Saran
node,11519070787,47.9276249,1.9196493,45400001,Carrefour,Carrefour,Carrefour
node,11532650232,50.3689336,3.5520615,59880001,Auchan,,Auchan
node,11532653338,50.3879527,3.5527058,,,SIMOUV,Station GNV SIMOUV
node,11533516144,47.9333595,1.9169955,45400007,Avia,,Avia
node,11533986655,50.2894061,2.7493876,62000016,,Avia,Station de service Avia
node,11544279421,43.5230343,0.7631942,,Total,,Total
node,11549646730,46.2535654,6.0269170,1630005,Avia,,Avia
node,11549680445,46.1103713,5.9767279,74520011,TotalEnergies,,Carburant TotalEnergies
node,11551904397,46.7547236,5.0122981,71370007,Carrefour Contact,,Carrefour Contact
node,11552833795,48.7165654,-0.9238830,50150002,Super U,,Super U
node,11553388782,47.9147419,1.9651791,45800008,Total,Total,Total
node,11553757726,47.0533555,6.6649306,25130002,Netto,,Netto
node,11554135130,43.1684806,-1.2279528,64220003,Intermarché,,Intermarché
node,11554384612,46.8018855,5.3772186,,TotalEnergies,La Chapelloise,TotalEnergies
node,11561200175,45.8346252,0.8352289,87600003,Avia,,Avia
node,11572167999,49.2799604,-0.5348600,14480001,Carrefour,,Carrefour Contact
node,11572523321,49.2327337,-1.6386634,,Gulf,,Gulf
node,11586711461,43.1932070,3.0482061,,,Aéroclub de Narbonne,AVGAS 100LL
node,11591351672,48.6442848,7.5978767,67370003,E.Leclerc,,E. Leclerc
node,11608642618,48.6117282,6.1824974,,,Keolis Grand Nancy,
node,11608642619,48.6117779,6.1825062,,,Keolis Grand Nancy,
node,11621962507,-21.1060049,55.2950699,,Vito,,Vito
node,11634221450,50.3135193,2.7622602,62223002,Intermarché,Groupement des Mousquetaires,Intermarché
node,11642933563,44.9156577,2.4315524,15000008,Intermarché,,Intermarché
node,11645924784,45.1734199,5.7169636,,Engie,Engie,
node,11656068066,49.2000803,-0.4592948,14980002,Carrefour,,Carrefour
node,11659180092,50.3005121,2.7357057,62012001,Auchan,,Auchan
node,11663214222,4.9358739,-52.2954543,,Sol,Vito,Sol
node,11672465771,46.3541156,1.4676726,23160002,Vival,Vival,
node,11684372124,47.9098841,1.9449710,,,,Station service bus
node,11687265829,49.2154334,-0.5049017,14740001,U Express,,
node,11687281720,49.2427698,3.9190754,51390001,Shell,Shell,Station Shell
node,11711300093,43.6136720,6.9763499,6370003,Auchan,Auchan,Auchan
node,11723633972,50.2867624,2.8120586,,AS 24,,AS 24
node,11730453230,43.2095023,2.3049027,,Total Énergies,,AS24
node,11733319119,47.0133828,3.0867947,58600004,Esso Express,,Esso Express
node,11738298513,49.9105791,2.2518593,80000014,Netto,Les Mousquetaires,Netto
node,11738560692,50.2833290,2.7385434,62000006,E.Leclerc,,Station Essence E. Leclerc
node,11749877565,43.0849042,6.1484616,83400013,Total,,Total Énergie
node,11752213482,47.4391830,0.6985897,37390002,Intermarché,,Intermarché
node,11752285956,-13.2693096,-176.1968202,,,,STATION SIOKIVAKA
node,11756965084,16.3425655,-61.5106675,,,,
node,11760475272,49.3428549,-0.7524200,14520004,Super U,Super U,Super U
node,11762421107,50.1895639,3.4890604,59730003,Super U,Groupement des Mousquetaires,Super U
node,11765535553,49.4410682,1.1479224,76160002,Esso Express,Esso,Esso Express
node,11765563521,49.4857348,0.8060159,76580001,Esso Express,,Esso Express
node,11767237940,50.4972708,2.8675550,59500005,Carrefour Market,Carrefour Market,Carrefour Market
node,11767256551,50.4618754,2.8270657,62881001,Carrefour,,Carrefour
node,11767367335,44.3726972,4.7059451,26700001,TotalEnergies,,TotalEnergies
node,11769723792,50.7014787,1.6085623,62230003,E.Leclerc,E. Leclerc,Station Service E. Leclerc
node,11773379859,50.4588908,2.8849191,62880005,Carrefour Market,,Carrefour Market
node,11773698841,49.7808934,1.7599060,80590002,Intermarché,,Intermarché
node,11780559021,49.7612461,0.3671334,,,,
node,11787678086,47.5978054,7.5864589,,,,
node,11787774431,50.6714657,1.6346240,62360004,Intermarché,Groupement des Mousquetaires,Intermarché
node,11799356281,47.3643492,4.9005246,,Avia,Circuit Dijon-Prenois,Avia
node,11809743451,49.3347732,-0.4606654,,,,
node,11841121742,50.3128847,3.4909487,59233004,Carrefour,,Carrefour
node,11843080641,43.5670848,5.3724139,,,,
node,11843562123,49.9016926,1.0514360,,Total,,Total
node,11872024001,43.8716359,-1.1435227,,gaz-up,,gaz-up
node,11875967369,44.7915275,0.1742388,,TotalEnergies,,TotalEnergies
node,11879409826,48.9320417,2.3054873,92230008,E.Leclerc,E. Leclerc,Station Service E. Leclerc
node,11880754855,48.8847410,2.3000788,,,,
node,11881583964,45.9148723,2.4887171,,,,
node,11883490459,43.5510531,6.9576986,6156001,Carrefour Market,,Carrefour market
node,11888719978,50.3284339,2.7122685,62161001,Carrefour,,Carrefour Market
node,11897582681,49.4125673,2.2293006,60510001,Intermarché,Groupement des Mousquetaires,Intermarché
node,11916738167,46.0857467,2.0336650,23150001,Intermarché,Intermarché,Intermarché
node,11927980773,45.7042505,1.0916719,,Elan,,Elan
node,11930835131,43.5281529,-1.4156221,,,,AS24
node,11933551157,48.0514177,-1.7160039,,,,
node,11940362317,4.9046893,-52.3209841,,U,,
node,11945053469,45.0968192,6.0098177,,,,
node,11947321076,49.2942031,-0.0945647,,,,gazoil port guillaume
node,11950779487,44.9449767,4.7326054,,,,
node,11954226646,50.2758148,2.2832850,,,,
node,11961027922,43.2331569,0.0627412,,Elan,Nicolas SANCHEZ,Station Henri IV
node,11963168945,45.9144357,-0.8888918,,,,
node,11982711919,50.2641649,2.7974374,62217001,Carrefour Market,,Carrefour Market
node,11986683271,4.8994598,-52.3266340,,Sol,,Sol
node,12000680555,46.7145823,-2.3598923,,Atawey,Commune de l'ile d'yeu,
node,12006589322,43.5719934,3.7520604,,Seven,,
node,12007015639,45.6137316,1.4875866,87380003,Saint Germain Distribution,Mairie de Saint-Germain-les-Belles,Station-service
node,12015428720,44.6455438,-0.5126018,,,,
node,12029198048,48.2228565,-1.3484496,35450001,TotalEnergies,AD EXPERT,Total
node,12035168471,46.8160678,3.7208408,,,,
node,12049222336,50.1983440,3.8490859,59620005,E.Leclerc,,Station Service E.Leclerc
node,12052977292,44.8938442,6.6300953,,Esso,,Esso
node,12059124378,51.0232315,2.3400053,59430001,Carrefour,Carrefour,Carrefour
node,12061914111,45.0864946,1.2681317,,,,Le Troisième Lieu
node,12062925114,50.9988739,2.2384912,59279002,Esso,,Esso
node,12062925770,51.0047503,2.2855854,59760001,Auchan,Auchan,Auchan
node,12067939278,47.1386159,4.8440853,,,,
node,12068487699,44.6760418,0.4053432,,TotalEnergies,,TotalEnergies
node,12075654707,47.4887849,-0.5439151,49003001,Carrefour,Carrefour,Carrefour
node,12081259584,46.1977452,2.1854840,,,,
node,12093302038,46.8471210,1.7102073,36130004,TotalEnergies,,Total Access
node,12093302039,46.8469760,1.7100477,36130004,TotalEnergies,,Total Access
node,12095878208,43.1658352,5.8293161,83330007,Avia,,Avia
node,12101879449,43.4203807,5.3828205,,V-Gas,OG Clean Fuels,Station GNV Bouc Bel Air
node,12101880804,43.4206686,4.8140987,,V-gas,OG Clean Fuels,Station GNV Mat de Ricca
node,12113323290,43.5349699,1.3528104,,,,
node,12115581888,46.5024329,-1.7852002,85100005,Carrefour,,Carrefour
node,12119820403,43.1130440,6.1163685,83400006,E.Leclerc,,Station Service E. Leclerc
node,12120061782,-21.5250963,165.9702310,,Shell,Shell,Station service  Pacific Canala
node,12123684048,46.5426019,-1.7723940,85340001,Station U,,Station U
node,12158071852,43.5606218,3.7969651,34690011,Esso Express,,Esso Express
node,12169344614,45.1891286,0.7088139,,TotalEnergies,,Total Énergies
node,12179281128,49.0682020,-1.4311663,,E.Leclerc,E.Leclerc,Station Service E.Leclerc
node,12179833078,47.2233356,-1.6389793,,,GRDF,
node,12184142843,43.6532000,5.0995530,13300011,Carrefour,,Carrefour Market
node,12197856885,47.8152142,3.5726877,89000013,Auchan,Auchan,Auchan
node,12200044995,43.6637874,0.6188735,32000006,Intermarché,,Intermarché
node,12201360356,44.1645149,4.8575343,84850002,Intermarché,,Intermarché Contact
node,12205674222,47.9053501,1.9430705,45800009,Auchan,Auchan,Auchan
node,12207760309,48.1984249,2.4695975,45390002,Intermarché,Groupement des Mousquetaires,Intermarché
node,12214769450,49.4840156,0.4488377,76430006,Total,,TotalEnergies Access
node,12215502776,47.9231030,2.0078472,,Spar,,
node,12216084998,47.9500599,1.8438004,,,,International Diesel Service
node,12216131947,47.9497642,1.8438615,,AS 24,,AS24
node,12251053261,44.0611437,-0.6615293,40420003,Total,,Total - Relais de l'Espourguillat
node,12255393418,44.6552656,1.8506504,46320001,Intermarché,Intermarché,Intermarché
node,12271706989,45.6828240,0.1798050,,,,Intermarché station-service Champniers
node,12290161038,48.7182071,2.4005162,,Elan,,Elan
node,12291875532,49.4491809,1.0674998,76000009,Intermarché,Saratoga,Intermarché
node,12299660373,43.2994872,5.3964691,,,,
node,12302173519,49.7898682,0.6395683,76450003,TotalEnergies,,Total
node,12304320352,43.8764646,-1.1434351,40260005,Intermarché,Intermarché,Intermarché
node,12304320374,43.8696010,-1.1341694,,Total,,Total
node,12307199449,43.3903493,5.1635502,13220004,Carrefour Contact,,Carrefour Contact
node,12320735928,45.1733405,5.7172211,,Engie,Engie,
node,12323136683,46.2268315,5.2579579,,,V-Gas,Station multi-énergies V-GAS de Bourg-en-Bresse
node,12323407678,41.8783481,8.9868855,20190002,Vito,,Vito
node,12335032210,43.2464684,6.5350646,83310007,E.Leclerc,E. Leclerc,Station Service E.Leclerc
node,12337774415,48.9932946,1.6341812,78710004,BP,,BP
node,12339047752,47.0069262,0.0868325,86200006,Total,Total,Total
node,12339751351,50.9394542,1.8789067,62100011,Carrefour,Carrefour,Carrefour
node,12344095145,50.9361340,1.8059766,62901001,Carrefour,,Carrefour
node,12348080593,44.2522308,4.6468793,30130014,Intermarché,,Intermarché
node,12348102024,44.1998136,4.6259450,,Elan,,Elan
node,12361969609,45.6649535,0.2010379,16340002,Esso Express,,Esso Express
node,12373722116,4.9078827,-52.3193080,,,,
node,12382455095,46.6109725,4.6712340,,,,
node,12385439971,45.7485099,4.8008490,69110006,TotalEnergies,,TotalEnergies
node,12397602738,47.0657278,5.4552778,,Carrefour,,Carrefour
node,12400800599,46.6462973,-0.7472975,,,,
node,12402792719,49.2888196,-0.3780533,14440001,Total,Total,Total
node,12407275184,46.1087189,0.9186986,,,,Station service
node,12409495082,43.4922594,-1.4522244,64100009,Intermarché,,
node,12416503744,46.6182213,0.3453638,,AS 24,,AS24
node,12421020236,48.0923854,-1.6401452,35200003,Carrefour Market,EMBC Distribution,
node,12423082377,50.9417925,1.9363564,,,,Liqvis
node,12430634313,43.4010442,5.5758205,13124004,E.Leclerc,,Station Service E.Leclerc
node,12432984725,47.9022717,1.8930625,45000008,Total Access,Total,Total Access
node,12435284897,43.4460625,5.8650580,,Intermarché,,Intermarché
node,12443862051,45.6961424,4.8261295,69310003,Esso Express,Esso,Esso Express
node,12444198140,46.0830516,1.4258441,,,Franck Lerouge,Garage Lerouge
node,12453770262,17.9063627,-62.8285157,,Vito,,Station-service de Lorient
node,12457225793,45.2551301,0.5009664,,Intermarché,,Intermarché
node,12459291641,47.6320360,-2.2880945,,Total,,
node,12463223409,49.0878013,2.4153502,95270004,Avia,,Avia
node,12463504348,50.1760781,3.2027225,59554005,TotalEnergies,TotalEnergies,Total Access
node,12468905659,47.8736167,2.2266619,45110001,Super U,Super U,Super U
node,12475839047,47.2864082,-2.2996944,44600010,Total,,Total
node,12486590612,47.6161641,6.1369056,70000010,E.Leclerc,E. Leclerc,E. Leclerc
node,12492629379,49.5090727,5.7146901,,,,
node,12492793134,42.5533910,2.2677162,66360001,Dineff,,
node,12505419884,47.9976923,6.8590044,88250003,Station U,,Station U
node,12505439621,44.8002796,-0.7777717,33127002,TotalEnergies,,TotalEnergies
node,12517872705,46.0094482,1.1755373,,,,
node,12524956373,49.2588808,-0.4631599,14610001,Carrefour,,Carrefour
node,12531825272,43.5836812,3.9301904,34973001,Carrefour,Carrefour,Carrefour
node,12533611063,46.9093688,6.3276490,,,,
node,12547809214,43.9512208,3.8735763,30170001,Super U,Super U,Super U
node,12553816795,44.0995867,4.1379443,30340006,,,ENI
node,12561332693,49.4782252,0.2794457,,,,Engie
node,12561357881,49.4858879,0.2069189,,Avia,,Avia
node,12561404211,49.4607592,1.5199622,76220010,Intermarché,,Intermarché Contact
node,12570980147,44.0661220,1.0185420,82210005,TotalEnergies,,TotalEnergies
node,12620615487,43.0874507,6.0779956,83320002,,,ravitaillement carburant du port
node,12625338464,48.6788956,1.3316763,28500011,Carrefour,Carrefour Contact,Carrefour
node,12635278125,48.1084215,-4.0762044,,,,Total Energies
node,12636795527,48.9922031,1.6320404,78710005,Esso Express,,Esso Express
node,12638687143,50.7240445,1.5993918,,,,
node,12669587098,-21.3145091,55.4352252,,,,
node,12673052432,43.4704264,0.3287581,,TotalEnergies,,TotalEnergies
node,12673125038,43.4284768,0.3062864,,,,Relais de Mielan
node,12674194765,47.7831467,-3.3414446,,,,Station GNC
node,12686926846,44.3964815,0.7073683,,Intermarché,Groupement des Mousquetaires,Intermarché (poids lourd)
node,12696801863,4.9010492,-52.3277776,,Alldis,,
node,12705716714,47.0194416,4.8403351,21200011,,Les Mousquetaires,Gas Station (Netto / Les Mousquetaires)
node,12707267120,43.9231125,5.9073806,,Intermarché,,Intermarché
node,12712917138,43.4903325,5.5853787,,,,DSR Auto Passion
node,12717821840,48.1209180,0.5080179,,TotalEnergies,,Total Contact
node,12718988405,43.7230873,0.8729976,32120002,Super U,Super U,Super U
node,12762768694,43.6174858,5.3078232,13750006,U,,U Express
node,12763361326,48.8260211,-0.8882934,14500013,U,,U Express
node,12763361327,48.9995282,2.3929328,95400009,,,Filot Auto
node,12765589001,47.5208936,-2.2829898,56130003,Groupement mousquetaires,netto nivillac,station service netto
node,12765900968,46.3209006,2.9617894,3390003,Carrefour Market,,Carrefour Market
node,12770459005,47.3656268,5.0405949,,,,Station H₂
node,12772998874,48.7295089,4.2280771,51230004,Shell,,Shell
node,12775758453,47.4745593,6.7294237,25420006,Carrefour Contact,,Carrefour Contact
node,12775759427,48.1831761,-3.8262583,29520005,E.Leclerc,,E. Leclerc
node,12775759616,44.9263205,-0.5198034,33440006,Avia,,Avia
node,12776117385,48.8553534,-0.8650982,14500012,Intermarché,,Intermarché
node,12780076042,48.7826999,-3.1232929,22740001,,Meyer Energies,Meyer Energies
node,12780076046,47.9353254,-4.0208982,29510005,Intermarché,,Intermarché
node,12780076047,47.9723055,-4.1348627,29700004,TotalEnergies,TotalEnergies,TotalEnergies
node,12780098911,45.5313235,2.6971704,63680001,Gulf,,Gulf
node,12780098912,46.3311709,2.9755568,3390005,Avia,,Avia
node,12780098913,45.6600992,3.1529716,63960002,Avia,,Avia
node,12780098914,45.2523624,0.3513693,24600005,TotalEnergies,,TotalEnergies
node,12780098915,46.8480510,-0.4729915,79300007,TotalEnergies,,TotalEnergies
node,12780098916,49.0886691,0.6029282,27300007,TotalEnergies,,TotalEnergies
node,12780098917,49.6392171,0.2257293,76280004,TotalEnergies,,TotalEnergies
node,12780098918,48.2463139,6.4225334,88150001,Match,,Match
node,12780098919,49.1201889,5.5094156,55160014,Esso,,Esso
node,12780098920,48.4982437,6.8859742,54540003,Independent,SAS Guenaire,
node,12780098921,49.5286033,5.7607412,54400001,Match,,Match
node,12780098922,43.3994244,1.7032993,31290001,Hyper U,,Hyper U
node,12780098923,43.7958184,1.7562005,81800006,Intermarché,,Intermarché
node,12780098924,43.2444251,0.4205543,65330001,Dyneff,,Dyneff
node,12780098925,45.5945321,4.7707432,69700005,Intermarché,,Intermarché
node,12780098926,45.8774909,4.4785367,69490004,Avia,,Avia
node,12780098927,45.7379060,4.9573150,69680003,Intermarché,,Intermarché
node,12780098928,49.3067760,-0.0272738,14640001,TotalEnergies,,TotalEnergies
node,12780098929,47.7222567,-0.6149821,49330003,TotalEnergies,,TotalEnergies
node,12780098930,46.9450830,-1.2906102,85600005,Avia,,Avia
node,12780098932,45.0356852,5.0805330,26300016,Utile,,Utile
node,12780098933,47.9654729,1.7825988,45140008,TotalEnergies,,TotalEnergies
node,12780098934,49.3046982,1.6223381,27150004,TotalEnergies,,TotalEnergies
node,12780098935,44.4110183,1.2587070,46140004,Aire C,,Aire C
node,12780098936,43.7824688,7.3396517,6440001,Intermarché,,Intermarché
node,12780098938,47.0452884,5.4227866,39500010,Intermarché,,Netto
node,12780098939,46.4179338,4.8655272,71260006,TotalEnergies,,TotalEnergies
node,12780098940,46.8338550,4.3609647,71710004,Avia,,Avia
node,12780098941,47.5282676,6.8410494,25600004,Avia,,Avia
node,12780098942,47.4343435,4.8079857,21440001,,BER CESTRES,Natura'lisa Gamm Vert
node,12780098943,47.4693821,6.2487625,70230001,Avia,,Avia
node,12780098944,46.1817934,6.2377278,74100013,Carrefour,,Carrefour Market
node,12780098945,46.3723620,6.4856772,74200021,Carrefour,,Carrefour Market
node,12780098946,45.3996563,6.2757643,73660001,TotalEnergies,,TotalEnergies
node,12780098947,46.2234785,5.8684641,1410001,Avia,,Avia
node,12780098948,47.4885090,7.3938833,68480004,Carrefour Contact,Carrefour,Carrefour Contact
node,12780098949,47.6775482,7.5003496,68680003,TotalEnergies,,TotalEnergies
node,12780098950,48.7638289,1.9144763,78318001,Auchan,,Auchan
node,12780098951,43.2414464,2.1003601,11150001,Carrefour Market,,Carrefour Market
node,12780098952,43.7283895,5.3683542,84160003,,Sarl Fuel & Station Laurent,Station Laurent
node,12780098953,44.1065250,6.0044159,4160007,,,Poliotti Et Lm
node,12780098954,44.0722389,4.0809180,30380002,LOTI,Willy Saint-Christol,LOTI
node,12780098955,45.7330385,-0.9596139,17600006,E.Leclerc,,E.Leclerc
node,12780098956,44.5621896,-0.4190657,33720009,Carrefour,,Carrefour Contact
node,12780098957,50.6128383,2.8826674,59134001,Carrefour Contact,Carrefour France,Carrefour Contact
node,12780098966,50.1271042,1.8333703,80100012,,,Multi Energies Somme
node,12780098980,44.0689840,4.6498252,30290002,,,Utile
node,12780098981,45.3696016,4.8009986,38150012,U Express,U Express,U Express
node,12780099110,50.5152225,2.1256909,62310003,E.Leclerc,E.Leclerc,E.Leclerc
node,12780099111,44.2163801,4.7224715,84550005,E.Leclerc,Leclerc,Leclerc
node,12780099112,49.7676185,0.4194331,76400010,TotalEnergies,,TotalEnergies
node,12780099117,45.6723673,5.4844797,38510005,Super U,Super U,Super U
node,12780099118,49.2139650,2.1244220,60110006,TotalEnergies,TotalEnergies,TotalEnergies Access
node,12780099119,44.2938108,4.5675752,30760001,Station U,,Station U
node,12780099120,45.5851558,-0.8355955,17120002,Super U,,Super U
node,12780099121,44.0643874,-0.0574493,40240007,Station U,,Station U
node,12780099122,45.1245383,1.3964159,24120009,Avia,,Avia
node,12780099123,44.1681072,0.7029287,47240003,Netto,,Netto
node,12780112009,46.1809020,3.4626325,3300004,,,Multi-Energies des Ancises
node,12803663491,49.0515390,-1.0362394,,Elan,,Elan
node,12811823838,45.4151354,4.0100464,,TotalEnergies,,TotalEnergies
node,12813997404,47.0565072,5.4103871,,,,
node,12828536979,45.6367619,3.5587552,,,,Station service 24/24
node,12830211679,43.5576105,-0.2839641,64330001,Intermarché,Groupement des Mousquetaires,Intermarché
node,12831831894,44.3612510,4.6937107,26700001,Carrefour Market,,Carrefour Market
node,12842671388,49.0013331,-1.1134042,,,,
node,12848417299,45.8105263,1.7660028,,Spar,,
node,12854617143,-20.9149628,55.6173098,,TotalEnergies,,TotalEnergies La Marine
node,12862241479,43.2847443,2.5748519,,,,
node,12862730750,-20.9147028,55.4949690,,Vito,,Vito
node,12866754163,50.5993468,2.0959237,62560003,Carrefour Contact,,Carrefour Contact
node,12869473945,47.4817592,3.7555421,,,Les Hirondelles,
node,12869719792,14.6154001,-60.9073642,,,,
node,12879672320,48.5324088,-2.9737774,,,Bretagne Mobilité GNV,Station Gaz Naturel Véhicules
node,12879858560,46.3305753,4.8429521,71000026,TotalEnergies,,TotalEnergies
node,12881237865,43.4513302,5.5559087,13710005,Intermarché,,Intermarché
node,12882807147,45.7786606,-0.0730756,,Avia,,Avia
node,12885952145,50.0455386,1.5266892,80570001,Carrefour Contact,,Carrefour Contact
node,12886023659,50.0957443,1.4608799,80460003,Carrefour Contact,,Carrefour
node,12890350412,49.4808574,0.5843380,76330002,Carrefour,Carrefour,Carrefour
node,12909217169,-20.9383594,55.6409671,,,,
node,12909457997,50.1607710,2.4850774,62760002,Carrefour Market,,Carrefour Market
node,12909783379,48.0839834,-0.7375375,,AS 24,,AS 24
node,12909783380,48.3697095,-0.1470107,,Elan,,Elan
node,12910609095,48.6713069,-4.0064532,,AS 24,,AS 24
node,12913978567,46.7838098,1.6507153,36250006,E.Leclerc,E. Leclerc,Station Service E. Leclerc
node,12920969899,45.1264318,3.9460602,,,,
node,12960943301,41.9295722,8.7403394,,,,
node,12964148683,48.6425844,2.0913535,91470008,Carrefour Market,,Carrefour Market
node,12977770769,45.7075910,1.2402878,,Carrefour Contact,,Carrefour Contact
node,12994994229,47.8470537,3.5795062,89470005,TotalEnergies,,TotalEnergies
node,12999306872,48.5437808,-2.4352494,,,,
node,13002748701,48.8163958,-1.5696187,,Carrefour,,Carrefour City
node,13003880101,44.8960788,2.3951794,,,Gaz'Up,Gaz'Up
node,13009344659,5.4883078,-54.0397358,,,,Alldis
node,13012211283,45.1088420,2.8647008,,TotalEnergies,,TotalEnergies
node,13015467857,43.4222028,-1.5969764,64210005,TotalEnergies,,Relais Bidart Est
node,13028255556,46.7141868,2.2097827,,Total,,
node,13031029464,47.3648516,0.7074558,37200004,TotalEnergies,,TotalEnergies
node,13036846351,45.7436359,1.4323953,,,TotalEnergie,
node,13046790355,49.8405036,3.9182553,,Intermarché,Groupement des Mousquetaires,Intermarché
node,13046797467,49.8422957,3.9176777,,,,Hosson Combustibles
node,13049389717,-20.8815291,55.4506711,,,,Ola Energy
node,13056592254,46.9707697,1.6152062,36110004,TotalEnergies,Garage Philippe Tricoche,Total
node,13065305930,43.8819942,2.6142300,,,,
node,13071241359,45.2099154,4.5685560,,,,Brossier énergie
node,13072850725,44.6701913,2.1672373,,TotalEnergies,,TotalEnergies Contact
node,13075129116,48.7152697,7.1067359,,TotalEnergies,TotalEnergies,GT Auto Pneus
node,13076137096,43.3790651,6.3782383,,,,
node,13089312391,45.4876028,4.8033024,,,,
node,13089334639,45.5186557,4.9197398,,,,
node,13092762354,43.8967166,4.7945765,13870002,,,Renault Sighinolfi
node,13094531609,46.4971431,-1.4242395,85540002,Intermarché,,Intermarché
node,13096001801,48.7696415,1.9846148,,,,
node,13096015699,48.4981895,-2.7226326,,,,
node,13096066554,46.4408355,4.3060403,,,,
node,13096073046,49.0200927,1.4896956,,,,
node,13096073047,49.0204496,1.4900072,,,,
node,13096140647,48.7780016,2.4408830,,,,
node,13098222401,43.5257621,-1.5075400,,,,
node,13098353524,46.9570886,2.0031863,36100002,E.Leclerc,E. Leclerc,Station Service E.Leclerc
node,13099980423,48.9909112,4.3424523,,,,
node,13099999765,48.6854266,5.7255590,,,,
node,13100627265,48.7323394,2.3659620,,,,
node,13100716761,48.6227123,2.3634673,,,,
node,13100794309,48.7980210,2.0356101,,,,
node,13100845776,47.1594033,-1.5457215,,,,
node,13103913634,46.3773603,0.2115909,,,,
node,13105456044,14.6281899,-61.0565553,,,,
node,13108631753,44.8477744,0.3204022,,Elan,,Elan
node,13116528070,42.5084994,8.8516059,,Eni,,Eni
node,13116556556,47.2140043,5.9049073,,Avia,,Avia
node,13119322698,46.1340297,0.1227680,,Station U,,Station U
node,13120166139,50.8194691,2.3017470,,Total,,
node,13120292128,45.8033937,4.7703345,,Engie,,
node,13121298537,48.5097467,3.7148823,10100001,Carrefour,,Carrefour
node,13136966398,44.5290082,4.7477130,26208001,AS 24,,As24
node,13142304905,46.0350790,0.1806690,16700008,E.Leclerc,,E. Leclerc
node,13142573045,48.4571840,0.1265733,61250003,Total,Total,Total
node,13184757072,50.7305388,2.3321807,,,,
node,13188431902,44.5716869,4.7417896,26200009,TotalEnergies,Agence Charvet,TotalEnergies Proxi Sud Est (CLMB)
node,13196532921,48.5766493,1.2370844,,Total,,
node,13198524158,45.3836392,5.4775742,,,GEG,Station multi-énergies d’Apprieu
node,13236342240,43.4773128,5.4915264,13590004,Intermarché,,Intermarché
node,13243556703,46.4741144,3.9596802,,TotalEnergies,,TotalEnergies
node,13245737001,45.6231007,2.4568737,,,,
node,13254165462,44.7559835,4.7582544,7250004,Avia,Avia,Avia
node,13254795413,43.4643637,5.4863715,13120009,,,Relais de la Garde
node,13258923774,48.5765867,1.2362740,28170003,TotalEnergies,,Total
node,13259922601,42.3876635,2.6105718,,,,
node,13260443428,48.0017860,0.4767925,,TotalEnergies,,TotalEnergies
node,13263123608,45.8647546,5.3949254,,Elan,Carrosserie Moderne Pernet et Fils,Elan
node,13264719617,49.3017023,-0.3184533,14780003,Carrefour Contact,,Carrefour Contact
node,13264719618,48.9653531,-0.2396634,14420003,Carrefour,,Carrefour
node,13264719619,49.0734706,-0.0731210,14270003,Carrefour,,Carrefour
node,13269796278,44.2321339,1.7663202,,,Tout faire - Comptoir matériaux et énergies,
node,13277170934,43.8865865,4.8942474,,BioGNV du Confluent,,Station BioGNV
node,13278211630,-20.8938766,55.4924983,,,,Engen
node,13284995738,49.1576413,-0.3260854,14123010,Carrefour,,Carrefour
node,13287857342,50.3666299,3.1210493,59450005,Carrefour Market,,Carrefour Market
node,13289115020,45.6406798,6.4393331,73540002,Système U,SuperU,Station Essence
node,13289115036,43.4727916,5.2297258,13127009,,,Station des Cadestaux
node,13294184703,49.1188543,-0.1746245,14370003,E.Leclerc,E.Leclerc,Station Service E. Leclerc
node,13306275778,45.5943890,5.2690950,38300008,E.Leclerc,E. Leclerc,Station service E. Leclerc
node,13314937711,45.2202703,2.3448542,,,,
node,13316684567,43.2990700,2.8713903,,indépendant,,
node,13322123520,-22.4536470,-151.3418433,,,,
node,13324306819,50.7386492,2.5448477,59190002,Carrefour,Carrefour,Carrefour
node,13332599774,50.7152727,2.5429192,59190003,E.Leclerc,,Station Service E. Leclerc
node,13332742101,44.3982433,2.5986301,,TotalEnergies,,Total Energies
node,13340069789,43.4290426,5.4723345,13105001,Intermarché,,Intermarché
node,13340787888,47.8400158,-2.7083431,,Intermarché,,Intermarché
node,13357432714,49.0092930,2.5374815,95712004,TotalEnergies,,Relais Total De Roissy 1
node,13361586902,49.2389325,4.0880856,,Super U,Super U,Super U
node,13363158715,48.9249098,1.9764606,78630004,TotalEnergies,,Total
node,13363568528,45.8819985,6.1141215,,AS 24,,As24
node,13369269334,48.3675755,2.8404327,,,Altens,Station GNV Altens MORET-LOING-ET-ORVANNE
node,13370565121,42.4033622,2.4860933,,,,
node,13381295082,43.7081374,7.0485583,,Avia,,
node,13388375835,44.5551230,4.7374312,26200008,Auchan,Auchan,Station Service Auchan
node,13393721024,47.9317097,0.1551061,,TotalEnergies,,TotalEnergies
node,13397587064,48.8206459,2.3247887,75014010,TotalEnergies,,Total
node,13398343383,46.3946272,-1.0250818,,,,JPN Auto
node,13398723698,47.1839185,1.0972070,,,,
node,13401664598,46.7887043,1.7036037,36000014,Intermarché,Groupement des Mousquetaires,Intermarché
node,13410350552,42.9342292,2.2211983,,8 à Huit,8 à Huit,8 à Huit
node,13413912883,46.1955624,6.2611657,74100011,TotalEnergies,,TotalEnergies Les Voirons
node,13418415391,43.2068852,2.3934840,11000019,E.Leclerc,,E.Leclerc
node,13419254328,47.7868836,0.1644298,,TotalEnergies,,TotalEnergies
node,13424079285,43.2159253,2.3448692,,Proxi,,Proxi
node,13427151530,48.3284836,0.5231531,,,,
node,13442920329,43.5684243,2.0184061,,,,Désafectée
node,13446513242,47.0054025,2.2679464,,,,Super U PL
node,13452370901,48.3172350,4.0591405,,,,Avia Thevenin & Ducrot
node,13452595701,47.2564313,6.0414575,,Avia,,AVIA Thevenin & Ducrot Distribution
node,13452598001,46.7814605,6.2834234,,Avia,,AVIA Thevenin & Ducrot Distribution
node,13452668301,46.7920192,3.9687560,,,,Avia thevenin ducrot distribution
node,13467904598,50.6613523,3.0691870,59110007,Station U,,Station U
node,13469188630,48.9025752,-1.5140448,,Super U,Super U,Super U
node,13473090968,49.2766589,-0.7165803,14404001,E.Leclerc,E.Leclerc,Station Service E.Leclerc
node,13484669926,49.2458495,-0.8750231,14330001,Système U,Super U,Station U
node,13500922619,48.1097831,3.9211677,10130004,Intermarché,Groupement des Mousquetaires,Intermarché
node,13503178763,49.3200407,-1.1009120,14230003,Carrefour,,Carrefour
node,13504594794,-20.3542286,164.5523937,,Mobil,,Mobil Puebo
node,13514574841,43.0825071,6.1597157,,,,
node,13514574842,43.0824435,6.1597232,,,,
node,13516509586,45.8005598,1.1180839,87700005,Super U,System U,Super U
node,13516512964,45.7954673,1.1334687,87700001,U,System U,U Utile
node,13521959601,46.2851685,4.7945600,,,,Avia Thevenin Ducrot Distribution
node,13526587712,44.0910003,1.0872339,82200010,Avia,,Avia
node,13544477135,43.4178988,5.3602735,,Intermarché,,Station Carburant Intermarché
node,13545676056,46.0162038,5.9439884,74270006,Netto,SAS Aunibo,Netto
node,13565029111,45.7453184,-0.5618840,,Elan,,Elan
node,13570213392,46.7256203,2.4881163,,Total,,Station Service
node,13580575786,44.5208255,5.0564222,26220001,Super U,,Super U
node,13583013276,49.0272607,1.1586379,,Super U,Super U,Super U
node,13589760688,43.2697936,3.2372319,34350005,Carrefour,,
node,13592229230,43.6111471,5.4957875,,Esso,,Esso
node,13596640088,43.5766190,4.1991011,30220001,Super U,,Super U
node,13599127915,48.9200546,-0.7676453,,TotalEnergies,,TotalEnergies
node,13607719225,43.5294673,-1.1515662,40300009,Avia,,Avia
node,13612481201,43.6925819,2.4219049,,,,"SP 98, SP 95-E10, gasoil, station de gonflage."
node,13614896819,48.3999039,-4.4069788,29480001,E.Leclerc,E. Leclerc,Station Service E. Leclerc
node,13618141885,48.5316303,1.8328469,,AS 24,As24,AS 24
node,13620953306,50.6855837,2.8419171,59850002,Système U,Systeme U,La Station U
node,13633322318,-20.8909748,55.4216291,,Engen,,Engen
node,13641739115,49.0960054,4.9214432,51800014,Intermarché,,Intermarché
node,13643575114,49.3943131,5.7566759,54960001,Carrefour,,
node,13644782595,47.2813439,5.1353031,21800012,Avia,,
node,13652351933,-20.8902037,55.4778979,,Ola Energy,,Ola Energy Ste-Clotilde
node,13652543079,47.5424431,0.9178788,,,,garage nourry
node,13658516262,46.1201342,4.6216446,,Total,,
node,13662242477,44.4597519,-0.3752328,33730001,TotalEnergies,DVS Auto,TotalEnergies
node,13663316649,48.0993309,4.7817641,,,,
node,13665580281,44.5892051,5.1332251,,,,
node,13680977245,49.1016576,-1.2446139,,TotalEnergies,,TotalEnergies
node,13684473814,50.5796239,2.9331819,59136001,TotalEnergies,,Total Access
node,13685435193,47.1469233,1.6675776,,TotalEnergies,,TotalEnergies
node,13687892563,47.9187217,2.3970866,,,,
node,13689087846,43.4926067,-1.4587770,64100015,TotalEnergies,,Relais Bayonne Sainte-Croix
node,13694525594,-20.9035343,55.4917257,,Vito,Vito,Vito
node,13694525595,-20.8928753,55.4641033,,TotalEnergies,,TotalEnergies
node,13694554216,-20.9018913,55.4777878,,TotalEnergies,Total,Total
node,13694554219,-20.9030480,55.5034944,,,,Ola Energy
node,13694677382,47.3108666,-0.0210946,49680001,Avia,,Avia
node,13694772477,46.5750951,-0.0179254,79340002,Avia,La quincaillerie vasléenne,Avia
node,13698160068,43.2990232,0.5179498,65230003,TotalEnergies,,TotalEnergies
node,13701293804,45.6350672,5.0495635,,TotalEnergies,,TotalEnergies
node,13701304306,51.0142044,2.3063470,59760005,Total,Total,Total
node,13712961104,49.3189256,-0.4527562,14470001,TotalEnergies,,TotalEnergies
node,13713260673,44.0606888,7.2599105,6450003,Carrefour Market,,Carrefour Market
node,13713286154,43.8736479,7.4477955,6380002,,,Station-service Sospel
node,13713328611,43.7965790,6.9499758,6620001,,,Station-service communale
node,13714178476,44.6114146,4.7277881,7400006,Intermarché,,Intermarché
node,13716888248,49.1269481,3.5373885,2130006,Avia,Avia,Avia
node,13717515469,46.7393050,1.4119428,,TotalEnergies,,TotalEnergies
node,13717638705,-13.2911711,-176.1851369,,,,STATION BTP SUD
node,13717638750,-13.3293044,-176.1920567,,,,STATION LIFUKA
node,13717642743,-13.3196781,-176.2251437,,,,STATION BTP SUD MALA'ETOLI
node,13717737451,-13.2296280,-176.1901319,,,,STATION FATIMA
node,13721078200,47.2308196,2.0877838,18103001,E.Leclerc,,Station Service E.Leclerc
node,13721117740,48.1238215,4.7900973,10310001,TotalEnergies,,Total
node,13721136895,43.3949128,4.8135396,13230004,TotalEnergies,,Total
node,13721159106,43.0270613,2.9944452,11130002,Carrefour,,Carrefour
node,13727901548,43.4450059,1.3158887,31600010,Intermarché,,Intermarché
node,13728657624,-13.2764020,-176.1711898,,,,BTP SUD AKA'AKA
node,13729366529,44.3661493,4.7239308,26700002,Intermarché,,Brico Cash Mousquetaires
node,13731204797,-14.2845672,-178.1687683,,,,STATION SA'ALAUNIU
node,13734350428,43.3924064,-0.5549042,64170014,Super U,,Super U
node,13734382526,43.9963538,2.2718325,81350001,,Candeo Sarl,Candeo Sarl
node,13734403340,43.2979573,3.3466116,34420005,U,,U Express
node,13734407539,43.5881069,3.0829006,34240001,TotalEnergies,,Total
node,13734412055,43.2922698,3.1191432,34440005,Carrefour Contact,Carrefour,Carrefour Contact
node,13734432024,43.6456576,3.8115546,34790004,Système U,,Station U
node,13734433448,43.6119367,3.1709616,34600004,U,,U Express
node,13734461916,45.3044798,0.8744406,24420002,,,Coop
node,13734468856,44.8422961,0.3775290,24680001,Carrefour Contact,,Carrefour Contact
node,13735173803,47.1560510,5.9112179,,,,Total énergie contact
node,13738187465,48.5951791,-1.5126530,50170007,Système U,Système U,Utile
node,13738206916,45.1775854,1.5985131,19360003,Système U,,Système U
node,13740161182,46.7276954,0.6547645,86450001,TotalEnergies,,TotalEnergies
node,13740211059,48.9148494,5.8144288,,TotalEnergies,Garage Marc,Total Essey-et-Maizerais
node,13745207155,45.3365976,-0.0431995,16480001,Avia,,Avia
node,13745218358,45.8547624,-1.1673271,17560004,E.Leclerc,,E. Leclerc
node,13745218706,45.7538638,0.3851495,16110006,E.Leclerc,,E. Leclerc
node,13745218707,45.8879139,0.1057613,16230005,TotalEnergies,,Total
node,13745227937,46.8206224,-0.1332503,79600004,Avia,,Avia
node,13745263954,46.9920141,-0.1976451,79100012,Avia,,Avia
node,13745302030,46.4510323,-0.8076931,85200005,E.Leclerc,,E. Leclerc
node,13745444327,46.8191172,-1.7647952,85670003,Système U,,Station U
node,13755481313,46.4853908,1.9454876,,Total Énergie,,
node,13759106868,49.8088304,1.1727161,76590003,Système U,,Station U
node,13762343966,46.4370352,1.8278490,36140002,Intermarché,Groupement des Mousquetaires,Intermarché Super
node,13763105892,46.4312435,1.8287523,,,,Station Essence Peugeot
node,13766245728,47.5258648,-1.1744928,44540002,TotalEnergies,Garage des Vallons de l'Erdre,Total
node,13766251739,47.4767064,-1.7615086,44130004,TotalEnergies,,Total
node,13768396915,44.6113272,4.4051636,,,,Hympulsion
node,13769563375,48.5591406,-2.5439911,22400011,TotalEnergies,,Total
node,13769761857,49.1026576,-1.0641423,50000009,Intermarché,,Intermarché
node,13769766920,48.3345334,-1.1798537,35133002,,,Bolloré Energy
node,13769858785,49.1926528,-1.0285038,50680001,TotalEnergies,,Total
node,13769874091,47.8304676,0.7500901,72310002,TotalEnergies,,Total
node,13769979721,47.7129825,0.4034879,72500005,TotalEnergies,,Total
node,13769989361,46.8362257,2.1086473,18160002,TotalEnergies,Garage du Moulinet,Total
node,13769990683,45.3173398,1.3288444,19350002,TotalEnergies,,Total
node,13770112067,45.8476419,1.4494503,87400007,U,,U Express
node,13771654453,46.4747605,1.6797324,,Avia,Garage Patraut,Station Essence Avia
node,13773876705,47.9381761,-2.1322213,56380004,TotalEnergies,,Total
node,13773892515,47.1351752,1.2978164,37460001,TotalEnergies,,Total
node,13780263328,49.2450163,3.9141290,51390003,TotalEnergies,,Total
node,13780458906,48.1153588,7.1959124,68910002,Carrefour,,Carrefour
node,13784516513,46.4321563,1.6110136,,Avia,,Station Service Bateau
node,13785492337,-21.3308467,55.4719137,,TotalEnergies,,TotalEnergies
node,13796125804,49.4087797,6.3074602,,,,Peugeot
node,13807115403,47.6103943,7.4226319,,,Total Energies,TotalEnergies Contact - Sutter
node,13817424952,50.2427727,1.9532682,80150004,TotalEnergies,,Total
node,13819258890,45.7567485,2.1415032,,,,Station communale de Feniers
node,13830655154,43.4585604,6.6713610,83480005,E.Leclerc,E. Leclerc,Station Service E. Leclerc
node,13838297136,44.9298136,-0.1326333,,,,
node,13839984543,49.6450686,1.0466165,,,,
node,13845517774,46.7871015,4.4397479,71210011,Avia,,Avia
node,13848607863,44.3593556,1.9865886,12200006,Elan,Elan,Elan
node,13849855779,44.6976242,3.1232221,48100008,,,Les Carburants de l'Aubrac
node,13849948852,45.6543221,4.2311845,42210004,Netto,Netto,Netto
node,13849957250,45.0491056,3.8942030,43000011,Avia,Avia,Avia
node,13855978543,48.8851955,5.8903485,54470003,TotalEnergies,,Total
node,13856102338,49.3574401,1.7711605,60590003,TotalEnergies,,TotalEnergies
node,13876186723,49.6121307,0.7754508,,E.Leclerc,,E. Leclerc
node,13882337022,45.9842976,4.7778088,1480006,Intermarché,,Intermarché
node,13882392041,44.7319377,5.0014551,26400011,Comptoir Énergie,Comptoir Énergie,Comptoir Énergie
node,13882578844,43.7778930,4.4287522,30128001,U,,U Express
node,13882600005,45.1485943,5.3132730,38160007,Avia,,Avia
node,13882620663,45.5040793,5.3032699,38300025,Netto,Netto,Netto
node,13882728119,44.2876134,0.2720318,47160002,U,,U Express
node,13882766945,46.0659826,6.5116479,74130018,,,Les Clus
node,13884113247,50.7232354,2.7403767,59270002,E.Leclerc,,
node,13887433249,48.7773379,2.5917077,77340009,Costco,,Costco
node,13887474422,48.8113216,2.0405434,78330003,Super U,,Super U
node,13887511613,48.4290952,2.1598279,91150014,Carrefour,,Carrefour
node,13887523702,43.8471713,5.1056020,84440001,Avia,,Avia
node,13887611762,45.7486799,5.7075515,1300004,TotalEnergies,,Total
node,13891005508,48.4116002,3.4390279,10400007,Carrefour Contact,,Carrefour Contact
node,13893265460,47.4947253,5.2072009,21120006,TotalEnergies,Auto Home 21,Total
node,13893322323,44.0972761,4.1510223,30340007,Système U,,Utile
node,13899986054,48.1520902,0.1316053,,TotalEnergies,,TotalEnergies
node,13901489023,46.6432969,2.2836800,18170001,Système U,,Station U - Poids Lourds
node,13906545277,44.9006959,2.5111813,15130005,TotalEnergies,,TotalEnergies
node,13909912673,-20.9259475,55.3369167,,OLA,,OLA
node,13909979303,42.0173687,8.8899255,20167013,TotalEnergies,,TotalEnergies
node,13910099904,46.6708849,-0.2575122,,,Témob,Station Bio-GNV
node,13911600568,49.9632529,1.9435947,80270003,TotalEnergies,,TotalEnergies
node,13911642767,46.7029538,-1.4303666,85000001,Système U,,Station U
node,13911660268,43.6258758,1.3777609,,HyPort,HyPort,Station hydrogyène HyPort
node,13911712950,46.7032191,-1.4288481,,Vendée Énergie,Vendée Énergie,Station Hydrogène Vert
node,13911759456,46.2587933,-1.0144576,17230004,Intermarché,,Intermarché
node,13911800103,46.5733297,-1.1168481,85210007,Avia,,Avia
node,13914059182,50.3642517,2.3311695,62130004,E.Leclerc,,E. Leclerc
node,13918624928,49.4887644,0.5636510,76330003,Esso,,Esso
node,13918828155,43.9545572,2.8499513,12400003,Intermarché,,Intermarché
node,13922437534,45.9570203,2.9885428,63410005,Eni,,Eni
node,13925765652,48.8605549,1.4595376,28260005,E.Leclerc,,Station Service E.Leclerc
node,13926427353,47.9932834,2.0802467,45470001,Système U,,
node,13928528645,49.2448307,1.4100532,27700007,Carrefour Market,,Carrefour Market
node,13929156832,47.4568535,2.6491877,,Independent,,
node,13930593961,48.0800367,-1.6005534,35135002,Intermarché,Intermarché,Intermarché
node,13942758774,47.3764579,-0.6110908,,TotalEnergies,,TotalEnergies
node,13949426088,48.0601183,-2.9552457,56300012,TotalEnergies,,Total
node,13949539917,45.1308819,1.3011189,24120010,U,,U Station
node,13955943107,49.0764225,6.1372241,,,H2 Metz,
node,13957840862,45.7599496,0.1289919,16330003,Coop,Coop,Coop
node,13957850607,44.4933464,0.9489586,47500010,U,,U Express
node,13964809433,49.8422214,3.9058156,2140005,E.Leclerc,,E. Leclerc
node,13964835272,48.7136829,-3.9852628,29680003,E.Leclerc,,E. Leclerc
node,13974118598,49.8422332,3.9053085,2140006,E.Leclerc,,E. Leclerc
node,13974175704,46.4577823,-1.6063586,85440003,Système U,,Station U
node,13984000017,-20.8856884,55.4568989,,Vito,,Vito
node,13985816833,48.8237852,6.5066960,57170002,Esso Express,,Esso Express
node,13985816834,48.8242782,6.5069823,57170001,,,Match
node,13988678524,47.0853217,2.0496947,,Esso,,
node,13990529333,49.3450873,0.0984210,14800005,E.Leclerc,,Station Service E. Leclerc
node,13990641633,49.1298802,6.2767097,,TotalEnergies,,TotalEnergies
node,13990658501,3.9012721,-51.8104405,,,Total Energies,
node,13991002478,48.9709092,-1.0631993,,TotalEnergies,,TotalEnergies
node,14000036156,-20.9004228,55.5320924,,,,Precotech
node,14019605665,47.1629564,1.5605981,36600002,Intermarché,,Intermarché
node,14026864312,48.9932322,-1.5225739,,,,
node,14031969701,44.0346032,2.5352409,,,,
node,14038821616,50.9446474,1.9406474,62730004,Carrefour Market,,Carrefour Market
node,14038866324,46.0627213,5.8633945,74270007,Avia,,Avia
node,14038871265,48.0849676,7.2879145,68230002,U,,U Express
node,14040905271,46.5760074,1.9752017,36400004,Intermarché,,Intermarché
node,14045229677,48.8370417,-1.4846866,,TotalEnergies,,TotalEnergies
node,14048314493,48.1098491,-1.6405051,,,,
node,14048351039,48.1109260,-1.6448361,,,,
node,14051669112,49.4944899,0.1516695,76600001,Carrefour Market,Distrival,Carrefour Market
node,14053321436,44.8350101,0.7170614,24150005,Intermarché,,Intermarché
node,14053386906,45.2076065,5.4144693,38470004,Super U,Système U,Super U
node,14058406673,47.6860621,2.3342265,,,,épi service
node,14059096701,47.2079331,1.2401582,,,,Total Énergies - Benard Garage
node,14065826970,46.7925925,1.7377814,36000001,Auchan,Auchan,Auchan
node,14066134053,43.7390432,2.5220724,,,,Station service
node,14070577307,45.6393169,5.3603733,,TotalEnergies,,
node,14072822597,44.5777017,1.2985172,,,,
node,14072833208,48.6696407,2.1202827,91400005,E.Leclerc,,Station Service E. Leclerc
node,14073680091,45.6685463,4.9253998,,Q8,,Q8 Corbas
node,14073680092,45.6688452,4.9247358,,AS24,,AS 24 Corbas
node,14074417149,46.2018797,6.2716618,,,,
node,14074494589,45.9068551,2.0394591,,,,
node,14075414566,47.9384893,5.2869592,,,Q8,Q8 Langre
node,14077430603,46.1698524,5.2623268,,Q8,,Q8 Bourg en bresse
node,14080593507,49.4342453,1.0756209,,TotalEnergies,,Gas Station
node,14085082597,48.8798586,3.8412127,,TotalEnergies,,TotalEnergies
node,14087414701,44.9091250,2.4237590,15000019,,,GAVARRY DISTRIBUTION
node,14087415901,49.1990215,4.0128544,51500002,,,PETRO-EST
node,14094711835,46.3428930,6.1411576,,,,Station Poids Lourds
node,14094946994,48.1520004,6.7800137,,Avia,,Avia
node,14096114282,-20.8970301,55.5504042,,,,Station-service Maoil
node,14103466525,43.4303376,6.7576176,,Esso Express,,Esso Express
node,14106882737,43.6396959,5.0488231,,Total,,
node,14116115628,42.5697467,8.8967747,,,,
node,14116337228,50.1728135,3.1996455,,AS 24,,AS24
node,14123225559,49.5726909,0.4683419,76210009,Avia,Albik SARL,Avia
node,14125721153,-20.8899013,55.4516110,,Vito,,Vito
node,14135157120,44.6475622,2.5665478,,TotalEnergies,Central Garage,TotalEnergies Contact
node,14136437337,49.2904838,2.2011401,60730002,,Super U,
node,14136653074,48.8988851,2.2939191,,,,
node,14139155974,48.9811805,-0.9523152,,Q8Truck,Q8Truck,Q8Truck
node,14140873082,47.3413314,0.7036334,37170007,TotalEnergies,,Total Access
node,14152392944,44.3033289,5.8374777,,Intermarché,,Intermarché
node,14156001581,45.6044540,5.2570599,,GEG,GEG,
node,14159250211,46.2942717,4.7983001,,,,
node,14175570256,44.9096883,2.4460818,,,,
node,14180312056,43.9147816,1.6856345,81630001,Aire-C,SAS Val Fleuri,Aire-C
node,14180317202,50.1247675,3.9263827,59440004,Intermarché,,Intermarché
node,14180637744,48.1975456,3.2770685,89100007,Avia,,Avia
node,14191148072,49.3954584,6.1960416,57100011,TotalEnergies,Paul Car Services,Total
node,14193393855,44.0806107,3.6362400,,Dyneff,,Dyneff
node,14203236369,47.7207815,-2.9997947,56400012,,,Breizh Panier
node,14208470337,43.6678474,7.0427054,6330002,Intermarché,Intermarché,Intermarché
node,14211819507,47.8008456,-1.6904934,35470004,TotalEnergies,Relais Total de Pomméniac,TotalEnergies
node,14212643777,43.4143206,6.4527840,83550005,Avia,Avia,Avia Vidauban Sud
node,14213130002,46.1337602,0.1200423,79190001,Station U,Super U,Station U
node,14213144708,46.2678836,6.3675508,74890001,,,
node,14213150967,43.2021297,6.0490519,83210008,,,Intermarché
node,14213155046,48.2661989,0.6778343,61260003,Carrefour Contact,,Carrefour Contact
node,14213233472,49.9281313,1.6437851,76340005,,,Station U
node,14214597070,48.9781473,5.0595217,,TotalEnergies,,TotalEnergies Contact
node,14225033149,45.3222535,4.9981468,,,,
node,14235267772,49.1517876,-0.2997675,,AS 24,,AS24
node,14238297644,49.1551815,-0.3119030,,AS 24,,AS 24
node,14243425594,45.7276036,6.5332097,73270001,Intermarché,,Intermarché
node,14254650481,43.2947849,5.3647072,,,,Station Nouvelle aire
node,14261825637,48.2321702,-2.7290491,,,Garage des Bruyères,
way,22930715,43.3909125,5.2584092,13700009,Total Access,Total,Relais Total de La Nerthe
way,23602405,48.5010733,2.5794732,77195001,Carrefour,Carrefour,Carrefour
way,26334246,48.8805345,2.4523922,93130007,BP,BP,BP
way,26754003,48.5821543,-2.5351638,22370001,E.Leclerc,E. Leclerc,Station Service E. Leclerc
way,27071402,50.6578119,3.0516189,59350002,Avia,Avia,Avia
way,27765561,47.2413231,-1.5078155,44300016,Total Access,Total,Total Access
way,30744827,47.6284230,6.8616731,90008001,E.Leclerc,E. Leclerc,Station Service E. Leclerc
way,30917142,48.6156719,2.5063256,91280001,Intermarché,Groupement des Mousquetaires,Intermarché
way,30928401,43.7953887,-1.3901405,40660005,Carrefour Market,,Carrefour Market
way,30974396,45.8463276,5.7852168,1350004,Carrefour,Carrefour (Champion),Carrefour
way,31964247,48.9193189,2.3137624,92600009,TotalEnergies,TotalEnergies,Les Grésillons
way,33556301,43.3128916,3.4075252,34450002,Intermarché,Groupement des Mousquetaires,Intermarché
way,35731482,43.1073009,6.0276662,83220002,Esso,Esso,Esso
way,36520133,49.1342040,7.0437642,57520001,Carrefour,Carrefour,Station-service Carrefour
way,36732997,43.5943630,1.4889466,31500015,Avia,Avia,Avia
way,37103891,43.1212721,0.7256356,31800003,E.Leclerc,E. Leclerc,Station Service E.Leclerc
way,37390795,47.8083857,7.3127153,68270001,,Cora,Station essence Carrefour
way,37624918,-22.2775050,166.4689684,,,,Station Service Total Rocade
way,37624926,-22.2762403,166.4584569,,,,
way,38192221,45.2839841,-0.4061417,17130001,Système U,,Station U
way,38758627,45.1502480,5.7496038,38320002,Esso Express,Esso,Esso Express
way,38845262,47.0407600,-1.9559299,44580001,TotalEnergies,Total,TotalEnergies
way,39017128,44.2858271,4.1074181,30160001,Carrefour,,Carrefour
way,39297469,49.1023040,-1.1152974,50000002,Total,,Total
way,39352377,45.6579282,0.1815383,16021001,E.Leclerc,E. Leclerc,E.Leclerc Station Service
way,39374233,45.6200877,0.1057745,16400001,Auchan,Auchan,Auchan
way,39954587,46.6666303,0.3712770,86360001,Auchan,Auchan,Auchan
way,40521427,46.3172459,-0.4807928,79000002,Carrefour,,Carrefour
way,40734076,45.3774737,-0.5698093,17150001,Super U,,Super U
way,40917087,50.6322536,3.0703688,59000010,Esso,,Esso
way,41123003,47.2520734,4.5732943,21320004,Carrefour,,
way,41124083,47.2479843,4.5653268,21320006,Avia,,Avia
way,41346813,48.9492213,2.8803417,77100021,Total Access,,Total Access
way,41440053,45.3875211,5.7308446,38380003,Intermarché,Groupement des Mousquetaires,Intermarché
way,41455539,16.3291244,-61.4611263,,Vito,,Vito
way,41615937,49.2387323,4.0454190,51100047,Total Access,Total,Relais du Rouillat
way,41673327,47.5268980,6.8105721,25200001,,,C. C. Cora
way,41723222,45.1855858,5.7578263,38400006,Intermarché,,Intermarché
way,41853292,48.3759302,7.5903479,67230005,Intermarché,Groupement des Mousquetaires,Intermarché
way,41905532,49.2328513,4.0814540,51100057,Shell,Shell,Shell
way,42045219,47.8419247,1.9179834,45160003,E.Leclerc,E. Leclerc,Station Service E. Leclerc
way,42170970,47.8424838,1.9252566,45100008,,TOTAL,Relais Orléans La Source
way,42430234,48.0635668,0.2793322,72460002,Carrefour Market,,Carrefour Market
way,42513870,46.5583245,0.3108762,86000013,Super U,Système U,Super U
way,42514816,46.5491281,0.2999763,86000014,Auchan,,Auchan
way,42545982,48.3885588,-4.5279144,29200008,Carrefour,,Carrefour
way,42550577,48.3761725,-4.5545465,29820002,E.Leclerc,,E. Leclerc
way,42575630,48.4161993,-4.4713491,29200017,TotalEnergies,Relais Total de Keranroy,TotalEnergies
way,42585354,48.4301079,-4.4720939,29228001,E.Leclerc,,E. Leclerc
way,42689748,46.5660685,0.3544276,86036001,E.Leclerc,,Station Service E.Leclerc
way,42716407,49.2243217,4.1090811,51100056,Esso,Esso,Esso
way,42960018,48.4333952,-4.7161599,29810002,Système U,,Station U
way,43532128,43.6486398,5.2595682,13410005,Intermarché,Intermarché,Intermarché
way,43546073,49.7077886,2.7755930,80700004,Intermarché,Groupement des Mousquetaires,Intermarché
way,43728517,45.5358143,5.6449470,38480006,E. Leclerc,,E. Leclerc
way,43728949,45.5362565,5.6613370,,Elan,Elan,Elan
way,44284224,45.6607090,0.1401147,16000004,Intermarché,Groupement des Mousquetaires,Intermarché Angoulême
way,44696387,43.8768664,-0.4670101,40006001,E.Leclerc,E. Leclerc,Station Service E.Leclerc
way,44964483,44.2186834,4.4845294,30360001,Intermarché,Groupement des Mousquetaires,Intermarché
way,45180409,48.6168690,7.5022710,67520001,Auchan,,Auchan
way,45252086,46.5627486,3.3195366,3000005,Intermarché,Groupement des Mousquetaires,Intermarché
way,45266491,48.6975141,2.5067625,91800010,,,Monoprix
way,45339045,43.8836448,-0.4816183,40000001,Carrefour,,Carrefour
way,45462005,46.5934072,3.3107081,,AS24,AS24,AS24
way,45673827,48.9512378,2.5280025,93270001,Carrefour,,Station service Carrefour
way,46964097,47.4472117,6.8145285,25350001,Super U,,Super U
way,47521317,47.6875529,0.4330856,72500001,E.Leclerc,E. Leclerc,Station Service E. Leclerc
way,48011829,46.5722188,5.9575682,39150001,Super U,,Super U
way,48065707,48.0832695,7.3503470,68000016,Intermarché,Groupement des Mousquetaires,Intermarché
way,48146566,48.9865143,2.2467693,95120001,Carrefour,Carrefour,Carrefour
way,48199865,48.5730849,7.7883124,67000026,TotalEnergies,Total,Total Access
way,48202106,46.5803419,5.9538398,39150002,Avia,,Avia
way,48749690,43.6228154,3.4373991,34800001,Système U,Hyper U,Hyper U
way,48793382,43.4299642,3.6085334,34140001,Carrefour,Carrefour,Carrefour
way,48795044,45.4402173,1.5608536,19140001,Super U,Super U,Super U
way,48805598,48.6751645,6.1628677,54600002,,Monoprix,Relais Monoprix
way,48917255,46.5384349,3.3450977,3000001,Carrefour,Carrefour,Carrefour
way,49021860,45.1579861,5.7239090,38431001,Carrefour,Carrefour,Carrefour
way,49022326,48.8191817,7.7846830,67500012,Auchan,,Auchan
way,49336183,48.8151515,7.7397508,67590002,TotalEnergies,Total,Station Total Garage Carlen
way,49343490,48.8344482,7.7405950,67590001,Auchan,Auchan,Auchan Schweighouse-sur-Moder
way,49644233,48.3089754,-1.6687030,35440002,Carrefour Contact,Carrefour Contact,Carrefour Contact
way,49653908,48.3298632,-1.5238745,35490003,Intermarché,Groupement des Mousquetaires,Intermarché
way,49946425,48.9670131,2.2618650,95110006,TotalEnergies,Total Access,TotalEnergies
way,50011967,48.0536662,-1.3205507,35680001,TotalEnergies,,TotalEnergies
way,50013138,46.3288851,4.7425732,71960001,Système U,,Station U
way,50163384,44.1024606,4.7588647,,,,
way,50177789,45.1940258,5.7095923,,,Gaz et Électricité de Grenoble,GEG
way,50234751,45.8049186,4.8590229,69300001,Auchan,,
way,50546946,48.0915132,7.3717898,68000021,TotalEnergies,SA Garage du Stade,Total
way,50745559,45.7514280,5.1755372,38230001,Carrefour,,Carrefour Market
way,50825861,45.7972443,4.8522510,69300011,TotalEnergies,SARL MD Rhône,Relais des Soldats
way,51077446,48.0691066,7.3598491,68000018,TotalEnergies,Total,Relais Petite Venise
way,51104722,48.5216607,7.7203257,67400004,E.Leclerc,,Leclerc Express
way,51106729,45.8543502,1.2667026,87100011,Total,,Total
way,51195325,44.1117274,0.8787103,82400005,,Louda,Val Fleuri
way,51195328,44.1094321,0.8882918,82400012,Netto,,
way,51552298,48.5385654,7.7169862,67540003,Shell,Shell,Shell
way,51707783,47.2476128,6.0210036,25000023,TotalEnergies,Total,Total Midol
way,52003728,47.2171723,5.9466104,25000027,Intermarché,,Station-service Intermarché
way,52032547,50.6493950,2.9804548,59160002,Carrefour,Carrefour,C. C. Carrefour
way,52040722,47.2222926,5.9628366,25000024,Total,Total,Total
way,52303059,48.7947734,2.0695132,78210006,TotalEnergies,Total,TotalEnergies Access - Relais Epi d'Or
way,52515848,46.2853256,4.8080597,71000021,TotalEnergies,Total,TotalEnergies
way,52917353,46.3253867,4.8383960,71000001,Auchan,Auchan,C. C. Auchan
way,53213516,47.1396763,1.0000966,37600007,Total Energie,,Glemarec
way,53669454,47.2308633,5.9936654,25000028,Intermarché,,Intermarché
way,53698292,48.5384175,-4.6666931,29830002,E. Leclerc,E. Leclerc,Station Service E. Leclerc
way,53867011,48.2983734,-4.1698313,29590001,Super U,,Super U
way,53929124,48.5032477,-4.4287165,29860002,Super U,,Super U
way,53938811,48.4929212,-4.4311707,29860003,Intermarché,Groupement des Mousquetaires,Intermarché
way,53972196,48.2744467,-4.5946727,29570001,,Système U,
way,53982523,48.2507025,-4.4725271,29160003,E.Leclerc,E. Leclerc,Station Service E. Leclerc
way,54964559,45.3873117,5.3674397,38260002,,Total Energies,
way,55023530,45.3994177,5.4676487,38140005,Intermarché,,Intermarché
way,55121691,47.1251236,-2.1232922,44200002,E.Leclerc,E. Leclerc,Station Service E. Leclerc
way,55488789,48.1567586,-1.5918499,35235001,TotalEnergies,,TotalEnergies
way,56153110,46.2564483,3.6221192,3120003,Intermarché,,Intermarché
way,56153111,46.2559044,3.6224549,3120006,Carrefour Market,,Carrefour Market
way,56765807,45.2052560,5.6639045,38360006,TotalEnergies,,total
way,59167462,46.7840098,0.8802898,37290001,Intermarché,Groupement des Mousquetaires,Intermarché
way,59691850,46.9141208,6.3192175,25300006,E.Leclerc,E. Leclerc,Station Service E. Leclerc
way,59714752,43.7706391,2.1828368,81120002,Intermarché,,Intermarché
way,59806503,48.3785949,-4.6005689,29280003,Intermarché,Groupement des Mousquetaires,Intermarché
way,60136158,43.5693200,1.4564545,31400007,Avia,,Avia
way,60261993,47.2604830,-1.6555814,44880001,Super U,,Super U
way,60414017,47.2056961,-1.5374494,44272001,Carrefour,Carrefour,Nantes-Beaulieu
way,60748879,48.5903427,7.6703772,67202002,Super U,Super U,Super U
way,60762774,46.6449356,-0.2525757,79200001,La Station U,,
way,60796547,48.9869080,2.1814770,95370007,TotalEnergies,Total,TotalEnergies Access
way,61062588,45.0566857,5.0992799,26750001,E.Leclerc,E. Leclerc,Station service E. Leclerc
way,61077818,45.0854225,5.0474455,26380001,Agip,,
way,61326388,48.8063155,2.3378265,94110003,Esso,BP,Esso
way,61912271,45.7860898,4.7767575,69132001,Carrefour,,Carrefour
way,62076015,43.6779966,3.8173163,34980002,Intermarché,Groupement des Mousquetaires,Intermarché
way,62273350,48.8040888,2.3253751,94110005,TotalEnergies,,TotalEnergies
way,62365093,46.5366409,3.4212708,,TotalEnergies,TotalEnergies,TotalEnergies
way,62386725,43.5735190,1.4238897,31100011,Total Access,SARL Solika KFJ,Relais d'Espagne
way,62410880,47.2134092,0.1705349,37420002,Total,,Total
way,62422229,42.7168435,2.8461733,66624001,Dyneff,,dyneff
way,62428208,45.2109327,4.0298595,43130001,Intermarché,,Intermarché
way,62467252,48.5933387,2.5027994,91250004,Total,,
way,62481156,48.7767532,2.5515007,94880001,Intermarché,Groupement des Mousquetaires,Intermarché Super
way,62487149,42.6105684,2.9619156,66201001,Dyneff,,
way,62520863,46.5973539,0.3511608,86180001,E.Leclerc,E. Leclerc,Station Service E.Leclerc
way,62542336,48.6215000,2.4900383,91250010,Total Access,Total Access,Total Access
way,62544453,43.7093851,7.3351590,6310002,Total,,
way,62547766,45.9397462,6.0730281,74330001,Auchan,,Auchan
way,62566803,43.8941404,1.8829744,81600001,E.Leclerc,E. Leclerc,Station Service E.Leclerc
way,62570145,43.4895925,-0.7973254,64300003,E.Leclerc,E. Leclerc,Station Service E. Leclerc
way,62574408,43.4820463,-0.7483064,64300005,Super U,,Super U
way,62577282,43.4897154,-0.7864551,64300002,Total,Total,Relais du Gave
way,62603183,47.8645621,3.5380709,,AS24,,
way,62604541,47.8809550,3.5279207,89380006,Total Access,Total,Total access
way,62605369,47.8808093,3.5268534,89380001,,,Avia Xpress
way,62626536,47.7927642,3.5806839,89000002,Avia,Avia Xpress,Station-service Avia XPress
way,62635059,47.7969972,3.5806292,89000008,E. Leclerc,E. Leclerc,
way,62635460,47.7987114,3.5522148,89000007,Esso Express,Esso,Esso Express
way,62638714,47.8051726,3.5831302,89000005,TotalEnergies,Total,Total Access
way,62729117,43.6770609,4.1162640,34400007,Super U,,Super U
way,62738926,46.5851819,0.2786819,,,,
way,62740498,43.6760631,4.1281864,34400004,Esso Express,,Esso Express
way,62740984,43.6786904,4.1432186,34400018,TotalEnergies,Relais La Pétiole,Total Access
way,62744129,43.6804951,4.1482172,34402001,E.Leclerc,E.Leclerc,Station Service E. Leclerc
way,62764528,48.2248620,-1.5015966,35340002,Intermarché,,Intermarché
way,62765122,48.6388144,2.4584258,91450001,Carrefour,,Carrefour
way,62782828,47.4085993,0.9719128,37400004,Netto,,Netto
way,62794167,47.6001177,6.8616781,90400001,Carrefour,,Carrefour
way,62809803,48.6864609,2.4031481,91210008,Total,,Total
way,62832020,47.4502237,0.4556947,37340002,Super U,Super U,Super U
way,62842190,45.7537629,3.1300428,63170001,Auchan,,Auchan
way,62845265,45.7502421,3.1330080,63170007,Eni,,Eni Express
way,62848377,45.2066372,5.8280107,38420003,Intermarché,Groupement des Mousquetaires,
way,62859089,42.5497343,3.0405229,66700003,Dyneff,,Station Dyneff
way,62898519,43.3189337,-0.3470975,64000011,Intermarché,,Intermarché
way,62942752,45.7059388,3.0231027,63122001,Esso,,Esso
way,62960366,43.7456622,-1.3334436,40140002,E. Leclerc,E. Leclerc,Station Service E. Leclerc
way,62968443,45.8657171,6.1882305,74290002,Elan,,
way,62980696,47.6690565,6.8419390,90300002,Super U,Super U,Super U
way,63006581,48.5310157,2.3886075,91610001,Carrefour Market,,Carrefour Market
way,63032538,43.3032522,-0.3228275,64320005,TotalEnergies,,Relais Bizanos Star
way,63035013,43.2792511,-0.3610382,64110004,E. Leclerc,,E. Leclerc
way,63052574,45.5629214,4.2903250,42340001,Carrefour Market,,Carrefour Market
way,63065245,48.8501306,1.8767805,78650002,Total,,Total
way,63115406,43.2856258,-0.3833625,64110006,Total Access,,Relais Pau Jurançon Star
way,63128002,43.2805307,-0.3872469,64110003,Total,SARL Cazalis Nouvelle,Total
way,63165383,42.9496484,1.6251300,9000003,TotalEnergies,Total,Total
way,63176514,42.9492192,1.6263697,9000004,Intermarché,Groupement des Mousquetaires,Intermarché
way,63270497,45.4217208,4.3968388,42100017,TotalEnergies,,TotalEnergies
way,63279679,42.5315802,2.8401090,66160001,E. Leclerc,E. Leclerc,
way,63284363,43.2183237,-0.3837147,64290001,,Super U,
way,63310155,43.3537264,-0.3795838,64121003,Total Access,,Total Access
way,63314038,43.7062450,7.3010838,6230002,Esso,Esso,Esso
way,63350055,43.3603469,-0.3844539,64121004,Intermarché,,Station-Service Intermarché
way,63358302,48.7933559,2.5542423,94430003,Carrefour,,Carrefour
way,63367439,47.9100224,1.5180532,41240002,Intermarché,Groupement des Mousquetaires,Intermarché
way,63418279,43.3038768,-0.3990069,64140004,Intermarché,Station Marché,Intermarché Carburant
way,63421298,42.6410190,2.8772471,66450001,Intermarché,Groupement des Mousquetaires,Intermarché Super
way,63424854,46.5576070,0.6245736,86300002,Esso,Esso,Station Esso Garage J. Menu
way,63431116,48.7033888,2.1285051,91190012,BP,BP,BP
way,63441159,48.7032318,2.1073859,91190011,Total Access,,Station-service Total Access
way,63449946,48.6843114,2.1240970,91190009,Esso Express,,Esso Express
way,63452857,48.8348307,2.2419398,92100010,Total,,TotalEnergies
way,63472660,45.7314120,3.1957530,63800002,Auchan,Auchan supermarché,Auchan supermarché station
way,63477585,45.7448184,3.1768504,63800004,TotalEnergies,,Total
way,63483630,45.4759650,4.3439520,42390001,Auchan,,Auchan Carburants
way,63496787,48.7610092,2.5323575,94370005,Esso,,Esso
way,63498661,48.7775322,2.5112631,94370008,Total Access,,Total Access
way,63516184,46.6449051,0.1805965,86190001,Super U,Super U,Super U
way,63552311,46.4188615,0.8543360,86500002,E.Leclerc,E. Leclerc,Station Service E. Leclerc
way,63571241,47.9762302,0.1566116,72700002,E. Leclerc,,
way,63577471,45.2642311,5.9139817,38190001,Carrefour,,
way,63581728,48.6079843,2.4496206,91100016,Total Access,,Total Access
way,63582131,48.0531259,-1.5102660,,Total Contact,Elan,Total Contact
way,63590637,48.6111017,2.4520788,91100019,Esso,,Esso
way,63604530,48.6065258,2.4663452,91100021,Euro Pétrol,,
way,63626754,45.1683363,1.5605630,19360001,Casino,Casino - FERMÉ,C. C. Géant Casino
way,63715356,47.8708096,5.3403449,52200010,Intermarché,Groupement des Mousquetaires,Intermarché
way,63748284,48.6391572,2.4273703,91000004,Esso,Esso,Esso
way,63749699,48.6239613,2.4413807,91000007,Total Access,Total Excellium,Relais Total Access des Épinettes
way,63834789,48.6455738,2.4056920,91130003,Esso,Esso,Esso
way,63848074,43.1826363,-0.6085022,,TotalEnergies,Mr RASCHETTI Fabrice,Total
way,63850498,43.1906719,-0.6171438,64400002,Total,SARL Expl des Ets GUIRAUD & Fils,Total
way,63881310,43.6593426,7.1631568,6800019,Total,,Station Total Access
way,63885038,43.6705030,7.1246045,6800025,Esso,,Esso
way,63962745,48.9208791,2.2948093,92230009,Avia,,
way,63974008,48.9761268,2.8659576,77124001,Carrefour,Carrefour,
way,63996577,48.8510303,2.8200858,77700004,Carrefour,Carrefour Market,
way,64007824,47.4038479,0.6059729,37230003,E.Leclerc,E. Leclerc,Station Service E.Leclerc
way,64023266,49.5155912,0.5325380,76170005,Intermarché,Groupement des Mousquetaires,Intermarché
way,64064863,43.5430315,5.3664478,13510001,Total,Total,Total
way,64132208,45.7451198,3.0898632,63110002,,,Station service Auchan
way,64165495,43.6453967,1.5508526,,Total Access,Total,Total Access
way,64174912,48.4876008,-1.1158593,35420001,Super U,,Super U
way,64184130,43.5056386,1.5563347,31450004,Station U,Super U,Station U
way,64214110,46.9781793,-0.1979375,79100001,Système U,,Station U
way,64234001,42.5140452,3.1070418,66660002,U,,Station Super U
way,64249260,45.2618156,1.7566015,19000008,TotalEnergies,Total,La Solane
way,64273469,43.8075287,1.5683165,,,,Station Service
way,64275152,45.2815769,-0.3943811,17130003,Total,,Total
way,64318919,45.4257661,1.8338823,,,,Proxi
way,64324539,49.8624068,2.2307156,80480003,Intermarché,Groupement des Mousquetaires,Intermarché
way,64353404,47.2416875,-2.1578026,44250003,E.Leclerc,E. Leclerc,Station E. Leclerc Saint-Brévin
way,64381832,46.7762577,-1.4268481,85170001,Super U,,Super U
way,64424219,43.6381847,1.3902772,31700009,Total,Total,Station Total
way,64434469,49.3931812,4.6879735,8400003,E.Leclerc,E. Leclerc,Station Service E. Leclerc
way,64470135,49.4365699,1.1367158,76000013,Total,Total,Total
way,64521717,46.8254808,-0.1266128,79600003,Intermarché,,Station Intermarché
way,64552956,45.6319079,0.1527089,16000005,Intermarché,Groupement des Mousquetaires,Intermarché
way,64569315,45.6427073,0.1351270,16000008,Total Access,,Access - TotalEnergies
way,64578143,45.6597339,0.1654816,16000009,Total Access,,TotalEnergies
way,64592944,43.1667331,-1.2328353,64220004,Carrefour,Carrefour Market,Carrefour
way,64596974,47.0815681,2.3833315,18000019,TotalEnergies,,Total Access
way,64614035,47.1435165,-1.6804067,44830002,Super U,,
way,64646867,48.4733845,4.7717590,52220002,Intermarché,Groupement des Mousquetaires,Intermarché Super
way,64684295,46.7785222,0.1870784,,Auchan,Auchan,Auchan
way,64729405,45.3859506,5.9976108,38570003,Netto,,Netto
way,64748317,44.0805249,2.2352893,81190002,,,La Croix de Mille
way,64749447,49.4574603,1.1084284,76420006,Total Access,,Total Access
way,64750699,49.4623030,1.1233443,76420007,Super U,Super U,Super U
way,64752600,49.4588656,1.1265094,76420004,Carrefour,Apache Distribution SARL,Carrefour Market
way,64773052,46.8913383,-1.8275298,85710002,U,,La Station U
way,64863275,50.6160234,3.2347546,59780001,Carrefour,,Carrefour
way,64893194,43.6007172,1.3987337,31300008,TotalEnergies,,Rocade Purpan
way,64904563,48.4469459,5.1558862,52300002,Super U,Super U,Super U
way,64906860,48.4497406,5.1470879,52300003,Intermarché,Groupement des Mousquetaires,
way,64926525,48.5763558,-2.1521477,22650001,Total Contact,,Total Contact
way,64949472,49.4142602,1.0909562,76300004,Carrefour Market,,Carrefour Market
way,64956318,49.4704651,1.1152839,76230002,Carrefour,Carrefour,Carrefour
way,64968746,49.4204606,1.0973901,76300005,Intermarché,SA Cynell,Intermarché
way,64982532,45.5903926,5.2418724,38300009,,Groupement des Mousquetaires,Station Intermarché
way,65006272,46.8895962,-2.1232419,85550001,Intermarché,Groupement des Mousquetaires,Intermarché
way,65037402,49.4273208,1.0929218,76100005,Total,SARL Coquelle,Total
way,65091068,44.2977943,0.3444604,47190001,Intermarché,,Intermarché
way,65114723,49.4607291,1.0827631,76130001,Esso Express,Esso,Esso Express
way,65120681,47.9802028,0.2204789,72100012,Total Access,Total,Relais Le Mans Jean Mac
way,65141377,43.7322921,-1.0442272,40990002,E.Leclerc,,E. Leclerc
way,65174339,50.2540767,3.9367466,59720001,Auchan,Auchan,Station Service C. C. Auchan
way,65174603,50.2540017,3.9363650,,,,
way,65186153,45.9532559,6.6293753,74700001,Carrefour,,Carrefour
way,65192057,48.4969337,4.9474819,52130002,,Groupement des Mousquetaires,
way,65207918,45.1586116,-0.0183239,17360001,Super U,,
way,65219974,46.9808984,0.6896587,37160003,Intermarché,Groupement des Mousquetaires,Intermarché Super
way,65246990,43.5499849,6.9708422,6150012,Auchan,Auchan,Auchan Station service
way,65260361,45.2559390,4.6881531,7430005,Intermarché,Intermarché,Intermarché
way,65301791,45.6878876,-0.3131844,16100005,Avia,,Avia
way,65313345,49.4147572,1.0625559,76140002,Leader Price,,Leader Price
way,65329993,45.4809333,3.7263034,63940001,TotalEnergies,,TotalEnergies
way,65361695,49.4017301,1.0645821,76120008,Total,,Total
way,65386486,45.5676519,5.4544971,38110001,Carrefour,,
way,65390530,47.3251666,1.0043211,37150003,Intermarché,Groupement des Mousquetaires,Intermarché
way,65397132,-20.9466017,55.2986121,,Vito,Shell,Vito
way,65397171,-20.9458861,55.2983109,,Tamoil,,OLA Energy
way,65406126,49.4510024,1.0342548,76380006,Auchan,,Auchan Supermarché
way,65421786,46.8849022,-0.0595796,79600001,Avia,,Avia
way,65431763,49.4783800,1.0474995,76250004,Avia,,Avia
way,65444155,47.4986533,6.8120448,25200005,E.Leclerc,E. Leclerc,Station Service E. Leclerc
way,65448029,48.0526665,-1.6099517,35770002,Avia,SARL Vern Auto Services,Avia
way,65454114,43.6642174,0.5921207,32000004,E. Leclerc,E. Leclerc,Station Service E. Leclerc
way,65460735,43.6318853,0.5827031,32000001,Carrefour,Carrefour,Carrefour
way,65511908,46.6670009,-0.2529960,79200003,E.Leclerc,E. Leclerc,E.Leclerc Station
way,65530711,45.6926806,-0.3284155,16100008,Total Access,Total,Relais Corderie Cognac
way,65538524,43.0608981,2.2145838,11300001,Dyneff,Dyneff,Dyneff
way,65554557,47.9851601,0.1859650,72100001,,Carrefour,
way,65557799,47.9970232,0.2175885,72000020,Total Access,,
way,65560259,47.9960961,0.1865622,72100014,Total Access,,Total Access
way,65564689,47.9917812,0.2255260,72000002,Carrefour,,Carrefour
way,65636798,45.4758911,4.3848253,42270002,E. Leclerc,E. Leclerc,Station service E. Leclerc
way,65637036,45.4788090,4.3586646,42270004,Intermarché,,Intermarché
way,65655874,48.6973069,2.1859024,91400008,Total,,Total
way,65669606,48.6270213,4.9739852,52100009,E.Leclerc,,E. Leclerc
way,65702879,48.5292747,7.4974790,67120002,Total,,Total
way,65713618,43.5462980,5.2939336,13122002,Intermarché,,Intermarché Ventabren
way,65720109,43.5428080,5.2747874,13122001,Total,M. L. Daret,
way,65730520,44.9080125,2.4213756,15000016,TotalEnergies,,Total Access
way,65738614,47.3516998,6.3491086,25110003,évole énergies,évole énergies,Évole énergies
way,65746171,44.1898471,0.6562059,47240002,Intermarché,Groupement des Mousquetaires,Intermarché Super
way,65781551,45.6848678,-0.3047063,16100001,Auchan,Auchan,C. C. Auchan
way,65884881,43.6010025,1.0687577,32600002,Carrefour Market,,Carrefour Market
way,66033707,47.8493700,2.0454834,45640001,Super U,,Super U
way,66099944,46.9108319,-2.0474668,85230001,Super U,Super U,Super U
way,66111017,46.9091389,-2.0297016,85230003,Intermarché,Groupement des Mousquetaires,Intermarché
way,66141947,47.1020284,0.6144661,37800005,Intermarché,Groupement des Mousquetaires,
way,66153778,48.7702580,2.4092471,94600007,TotalEnergies,,Total Le Lugo
way,66163750,43.5084899,6.4792509,83720001,Carrefour,,Carrefour
way,66167073,43.5133863,6.4771543,83720005,TotalEnergies,,Total Access
way,66201769,48.0176056,0.2192868,72000010,Total,,Total
way,66242262,41.9683909,8.8172624,20167012,,,Station Vito Aiacciu-Baléone
way,66274240,41.9293782,8.7616575,20090007,Vito,,Vito
way,66278782,41.9182286,8.7433226,,,,Station Vito Tino Rossi
way,66278818,41.9285326,8.7653267,20000006,Total Access,,Relais Ceccaldi
way,66279407,41.9426428,8.7525103,20189001,TotalEnergies,,Total
way,66279872,41.9324678,8.7419377,20000002,Vito,,Station Vito Amirauté
way,66283920,41.9435725,8.7550488,20090001,Vito,,Vito
way,66284984,41.9523853,8.7800232,20167003,Vito,,Station Vito Martinetti
way,66285034,41.9445203,8.7557686,20090011,Vito,,Vito
way,66295320,44.5475443,6.4831511,5200009,TotalEnergies,Total,TotalEnergies
way,66303854,43.9571533,2.8747966,12400002,Total Contact,Total,
way,66307109,43.9581603,2.8694929,12400001,Carrefour,Carrefour,Carrefour
way,66396554,44.0487265,1.4627961,82410003,Carrefour,,
way,66443363,15.9924719,-61.7290086,,JET,,Jet
way,66446981,16.0079797,-61.7397152,,Vito,,Vito
way,66453117,41.6015137,9.2765472,20137007,Total,,Total Poretta
way,66457582,41.5982840,9.2756631,20137009,Vito,,Vito
way,66465222,46.8458843,-0.4826802,79300006,E.Leclerc,E. Leclerc,Station Service E. Leclerc
way,66465406,46.8486799,-0.5003398,79300005,E.Leclerc,E. Leclerc,Station Service E. Leclerc
way,66486389,43.5284673,4.1510960,30240002,,,Station Mon Plaisir
way,66513777,44.5183297,3.4934231,48000005,Total,Total,Total
way,66535693,43.5947147,5.4827722,13770004,,,Carburant Loti
way,66593176,47.6411145,6.9164872,90160001,Auchan,Auchan,Auchan
way,66626189,43.9441894,0.3608126,32100003,Carrefour,Carrefour,
way,66627279,43.5620128,4.0875150,34280004,TotalEnergies,Total,TotalEnergies
way,66656266,45.5859103,4.7552931,69700001,Carrefour,,Carrefour
way,66657550,41.3887226,9.1611963,,,,marine fuel
way,66669498,45.7471625,4.7407593,69290001,Esso,Esso,Esso
way,66670963,45.7835373,3.1229141,63100011,Intermarché,,Intermarché
way,66686348,45.7636275,3.1265620,63000009,Esso Express,,Esso Express
way,66734176,45.7619791,3.1269922,63000015,E. Leclerc,Clermont-Ferrand Distribution,Station Service E. Leclerc La Pardieu
way,66766516,48.6548303,7.6071742,67370001,Système U,,Station U
way,66830727,43.6617146,4.1776335,34590001,Système U,,Système U
way,66835230,45.8139555,3.1090036,63100003,Auchan,Auchan,Auchan
way,66851180,46.4011877,6.6541116,74500005,Intermarché,,Intermarché
way,66856574,47.9716041,-1.7957318,35580001,Super U,,La Station U
way,66924662,46.6383700,1.0620616,36300004,E.Leclerc,E. Leclerc,Station Service E.Leclerc
way,66925812,46.6312577,1.0788597,36300006,Super U,,Station U
way,66958095,45.2396859,5.6654403,38120001,Carrefour,Carrefour,
way,66958947,45.2726829,0.0425198,16210001,Intermarché,,Intermarché
way,67016919,45.7889424,3.1177380,63000022,TotalEnergies,,Total
way,67048836,46.3591712,6.4596238,74200002,Carrefour,Carrefour Market,Carrefour
way,67097053,45.7410302,-0.6260137,17100006,E.Leclerc,E. Leclerc,
way,67099755,45.7408113,-0.6028918,17100007,Intermarché,,Intermarché
way,67170558,43.5793530,7.0009355,6110008,Independent,,Station service La Roseraie
way,67170961,43.5720614,7.0014644,6110006,E.Leclerc,E. Leclerc,Station Service E. Leclerc
way,67258426,47.9025024,7.2392385,68500002,E.Leclerc,E. Leclerc,Station Service E. Leclerc
way,67357557,45.7829479,3.0738714,63000025,TotalEnergies,,TotalEnergies
way,67427811,48.0170945,0.1425037,72000021,Total Access,,Total Access
way,67434304,48.0275496,0.1818507,72000015,Intermarché,,Intermarché
way,67435993,48.0218383,0.2276625,72016001,E. Leclerc,E. Leclerc,
way,67498436,43.6548580,1.4709135,31240004,Intermarché,Groupement des Mousquetaires,Intermarché
way,67535568,43.4179978,5.3605234,13751002,Intermarché,,Intermarché Hyper
way,67540777,43.4656216,5.3535014,13480001,TotalEnergies,Total,TotalEnergies
way,67620736,45.2772597,4.8210650,26140004,E. Leclerc,E. Leclerc,Station service E. Leclerc
way,67620980,45.2754191,4.8293596,26140002,Esso,Esso,Station Esso
way,67672588,45.9189926,6.7044409,74190003,Système U,,Station U
way,67683339,-21.3003951,55.4231986,,Vito,,Vito
way,67723041,46.1680352,1.8740368,23000007,Avia,Avia,Avia
way,67723987,46.1800958,1.8764181,23008001,E.Leclerc,E. Leclerc,Station Service E. Leclerc
way,67776260,48.0563812,-0.7362675,53061001,E.Leclerc,E. Leclerc,Station Service E. Leclerc
way,67836537,43.6332336,6.9577101,6130009,Esso,,Esso
way,67850182,44.7212411,4.6100001,7210001,Avia,,Avia
way,67896782,43.5504763,1.5043356,31673001,Carrefour,,Carrefour
way,67899640,46.2313960,1.5052262,23300002,Avia,Avia,Avia
way,67906971,46.2034042,1.3904296,,AS24,,AS 24
way,68129047,47.2994259,2.5165821,18250002,Intermarché,Groupement des Mousquetaires,Intermarché
way,68151797,45.5415739,0.6663343,24300004,Intermarché,Groupement des Mousquetaires,Intermarché Super
way,68156497,45.8648221,6.6255136,74120006,TotalEnergies,,TotalEnergies
way,68260257,45.7564117,-0.6516446,17102001,U,,C. C. Hyper U
way,68389751,44.6100457,2.0274785,46100006,Total,,Total
way,68393390,47.9358383,1.8891756,45770002,Intermarché,Groupement des Mousquetaires,Intermarché
way,68442122,44.8323645,0.4967090,24100010,Total,Total,Station Total
way,68443381,44.8448690,0.4831452,,Elan,,Elan
way,68499861,48.0386337,3.0526748,45320004,Intermarché,,Intermarché
way,68548853,44.8477528,0.4924988,24100007,Carrefour Market,,Carrefour Market
way,68551454,44.7924768,-0.6713001,33600011,Total Access,,
way,68552949,44.8625952,0.4978913,24107001,E.Leclerc,,Station Service E.Leclerc
way,68657293,44.0911357,3.0772844,12100004,Carrefour,Groupe Carrefour,Carrefour
way,68659333,49.0397375,-1.4483043,50200001,Carrefour,Carrefour,Carrefour
way,68659621,49.0680587,-1.4312984,50204001,E.Leclerc,E. Leclerc,Station Service E.Leclerc
way,68662261,49.0625517,-1.4369902,50200005,Intermarché,Groupement des Mousquetaires,Intermarché
way,68682286,44.1104228,3.0819778,,,,
way,68769882,47.3376341,0.6982917,37172001,Auchan,,Auchan
way,68773391,47.3269808,0.7058788,,AS 24,,AS24
way,68842761,44.9589766,4.8836419,26503001,E.Leclerc,E. Leclerc,Station service E. Leclerc
way,68857511,43.1098965,-0.0380889,65100005,E. Leclerc,,E. Leclerc
way,68857589,43.1100873,-0.0380103,65100005,E. Leclerc,,E. Leclerc
way,68857833,43.1086545,-0.0381087,65100004,Esso Express,,Esso Express
way,68902990,44.8700432,0.3768836,24130003,Carrefour,,Carrefour Express
way,68928440,45.6918749,0.1827557,16430006,Auchan,Auchan,Auchan
way,68948515,43.3162250,5.3829555,13003004,Total Access,Alisoa,Total Access
way,68954389,47.3329709,0.4251281,37130001,Carrefour,Carrefour,
way,68986367,43.2984848,5.3924493,,E.Leclerc,,Station service du Camas
way,69108141,45.2709883,5.8925419,38190006,Auchan,,Auchan
way,69112545,44.6923846,5.9416294,,,,Station du Dévoluy
way,69123996,43.2847085,5.3900636,13006005,Total,Total,Total
way,69288485,48.0610003,-0.7547189,,,,Ets QUARGNUL
way,69303333,45.6828126,0.1773356,16160001,Avia,Picoty S.A.,Avia
way,69310337,45.1799771,0.7462756,24000004,Total Access,,Total Access
way,69318570,45.6064276,0.0902451,16400002,Système U,,Station U
way,69380603,47.4243744,0.6740539,37003001,E.Leclerc,,Station Service E.Leclerc
way,69459431,45.3398859,5.0595338,,,Elan,
way,69504477,16.2571317,-61.5117878,,Esso,Esso,Esso
way,69505138,16.2787310,-61.4983078,,Total,,Total
way,69519559,16.2702411,-61.5116366,,Total,,Total
way,69533567,16.2517166,-61.5199953,,Total,,Total Dugazon
way,69533585,16.2527455,-61.5406535,,Total,,Total Grand Camp
way,69541233,16.2521816,-61.5249503,,Esso,,Esso
way,69551856,47.3811369,0.6679148,37000014,Total,Total,Relais St François
way,69552891,47.3937835,0.6697370,37000016,Carrefour Market,Carrefour Market,Carrefour Market
way,69622740,47.8296035,-3.4033819,56620001,Super U,Super U,Super U
way,69646560,43.3293336,5.4008095,13014001,Carrefour,,Carrefour
way,69765128,43.4134331,6.7253590,,BP,,BP
way,69776313,47.2923623,0.7189138,37250002,Intermarché,Groupement des Mousquetaires Intermarché,Intermarché
way,69778812,43.4274990,6.7443086,83600021,Total Access,Total,Total Access
way,69803505,43.4225999,6.7316034,83600027,Auchan,Auchan,Auchan Station-Service
way,69811703,43.7055159,2.1360699,,,,Garage Lautrec
way,69811712,43.7080622,2.1380082,,Peugeot,,Garage Barthe
way,69814528,43.2478948,0.0897461,65800004,Intermarché,,Intermarché
way,69831272,49.3865107,3.3331255,2200007,Esso Express,,Esso Express
way,69841349,49.3698148,3.3148446,2200001,Carrefour,Cora,Carrefour
way,69842841,49.3681696,3.3288069,2200014,Total,,Total Soissons
way,69847166,43.4369245,6.7651774,83600019,Total,,Total - Relais Corniche d'Azur
way,69981114,49.4864853,0.0989778,76600022,Total Access,Total,Total Access
way,70020686,47.2676687,0.4744447,37190002,Carrefour Market,,Carrefour Market
way,70022122,47.2698387,0.4784280,37190001,Total,,Total Contact
way,70038138,45.4183106,3.7277841,63220001,Super U,,Super U
way,70057338,43.2913892,5.3594147,13007001,Esso Express,,Esso Express
way,70072803,46.3720018,2.4684152,3380002,Intermarché,,Intermarché Contact
way,70115732,45.8146936,1.2689177,87000006,Intermarché,,Intermarché
way,70169498,48.9538544,2.3345546,93800005,E.Leclerc,,Station Service E.Leclerc
way,70181105,45.8694920,1.2689999,,E.Leclerc,,Station Service E. Leclerc
way,70225684,46.2440829,6.0946337,1210003,E.Leclerc,E. Leclerc,Station service E. Leclerc
way,70228354,48.7109875,2.3720656,91200001,Carrefour,Carrefour,Carrefour
way,70239426,45.8141675,1.2438733,87000020,Intermarché,Groupement des Mousquetaires,Intermarché Super
way,70261426,45.8214411,1.2416897,87100010,Total,,Total
way,70261637,45.8184557,1.2492891,87000028,E.Leclerc,,E. Leclerc
way,70309302,48.9634705,2.2601378,95110007,TotalEnergies,TotalEnergies,TotalEnergies
way,70327902,47.9067076,7.2184637,68500001,Total,,Total
way,70333485,48.9428595,2.2527629,95100011,Esso Express,,Esso Express
way,70344675,48.9544330,2.2736297,95100034,TotalEnergies,,TotalEnergies Access
way,70367576,47.9789064,-1.7116779,35890001,Carrefour Market,,Carrefour Market
way,70374775,45.8368738,1.2783152,87000030,Intermarché,Intermarché,Intermarché
way,70385175,49.4942778,0.0965764,76600010,Esso Express,Esso,Esso Express
way,70409859,48.7552440,7.5761916,67270001,,Match,Match
way,70428853,44.5632854,3.2920391,48100001,Total,Total,Station Total
way,70483015,49.3873899,1.0715853,76803001,E.Leclerc,Sodistro,
way,70496368,43.5289819,1.3499615,31270004,Intermarché,,Intermarché
way,70567089,45.8448485,6.1498184,74320001,Carrefour Market,,Carrefour Market
way,70573941,45.8872002,6.1182481,,,,
way,70623351,47.2850056,-2.5053571,44490002,Intermarché,,Intermarché
way,70629341,44.7451083,-1.0933251,33510003,Intermarché,Groupement des Mousquetaires,Intermarché
way,70667688,48.7306398,2.2422434,91300022,BP,BP,Station BP Igny Ouest
way,70670603,48.7395004,2.3017892,91300019,TotalEnergies,Elf,Access TotalEnergies
way,70671676,41.8593296,9.3965874,20145001,Total,,Relais de la Côte des Nacres
way,70681559,41.6203289,8.9698978,20100005,Vito,,Vito
way,70681739,41.6188423,8.9681643,20100001,Total,,Total
way,70685579,47.3855866,0.6579197,37520002,Super U,Super U,La station U
way,70692741,41.7119327,8.8013657,20156001,Vito,,Vito
way,70695958,41.6975955,8.8968706,20113001,Total,Total,Total
way,70696502,46.1348124,6.4613345,74180001,Intermarché,Groupement des Mousquetaires,Intermarché
way,70835513,43.0674733,0.1517554,65200003,Carrefour Market,,Carrefour Market
way,70884864,48.7409361,-0.5618835,61100005,E.Leclerc,,E. Leclerc
way,70897084,45.1519891,5.7402184,38320006,Total,Total,Total relais d'Eybens
way,70898887,45.1627294,5.7434137,38320003,Eni,Eni,Eni
way,70900922,48.7436162,-0.5629687,61100010,Intermarché,,Intermarché
way,70934224,46.2053624,3.4323317,3260001,Intermarché,,Intermarché
way,70962877,48.8642989,2.2190581,92150006,TotalEnergies,,Total
way,71016616,47.3529378,-2.5115432,44420002,Système U,,Station U
way,71086260,45.8293705,1.2970492,87350002,TotalEnergies,Alvea-Relais de Panazol,TotalEnergies
way,71091633,45.8320228,1.3041230,87350003,Intermarché,Groupement des Mousquetaires,
way,71096685,44.7153731,4.6144396,7210001,Système U,Alissas Distribution,Système U
way,71098835,47.3509380,0.6800245,37300006,Esso Express,,Esso Express
way,71110964,47.3582699,0.6463245,37300007,,,Station-service Aldi
way,71112543,47.3565573,0.6981376,37306001,E.Leclerc,E. Leclerc,Station Service E.Leclerc
way,71221781,48.1915632,7.3376065,68150003,E.Leclerc,E. Leclerc,E. Leclerc
way,71257836,47.7988524,-3.2574976,56700004,E.Leclerc,,E. Leclerc
way,71310371,46.3366493,-0.4135139,79025002,E.Leclerc,E. Leclerc,Station Service E.Leclerc
way,71315198,49.2534798,2.4283808,60160002,E.Leclerc,E. Leclerc,Station Service E. Leclerc
way,71316297,49.2558572,2.4324476,60160003,Total Access,Total,Relais Montataire
way,71415816,50.2589999,3.9133903,59570003,Intermarché,Groupement des Mousquetaires,Intermarché
way,71455182,48.7323514,0.9207030,27130005,Intermarché,Groupement des Mousquetaires,Intermarché
way,71466749,4.9030340,-52.3240033,,Total,Total,Total
way,71472983,4.9032921,-52.3245194,,Total,Total,Total
way,71480257,4.9319666,-52.3269391,,Vito,Vito,Vito
way,71629140,46.0438807,4.0539064,42153002,E. Leclerc,E. Leclerc,
way,71642943,46.0400442,4.0362620,42153001,Carrefour,,Carrefour Market
way,71751081,48.6601599,-3.9189459,29660002,U Express,Coopérative U,U Express
way,71763769,47.2910807,-2.3978415,44350001,Carrefour Market,,Carrefour Market
way,71774404,47.3296026,-2.4113656,44350004,E.Leclerc,,E. Leclerc
way,71774701,47.3392383,-2.4277753,44350003,TotalEnergies,Total,Station Total
way,71855275,47.2084273,6.1037821,25660002,Super U,Super U,Super U
way,71859373,48.7922112,2.2522011,92140016,TotalEnergies,TotalEnergies,TotalEnergies
way,71877009,48.7923457,2.2527262,92140015,TotalEnergies,TotalEnergies,TotalEnergies
way,71924284,46.1311274,-1.0986417,17440001,TotalEnergies,,TotalEnergies
way,71987923,43.4813927,-1.5426491,64200009,Total Access,,Relais Marne Verdun
way,72023723,43.4756430,-1.5531303,64200002,Total,SARL Mécalandes,Station Saint-Martin
way,72031291,47.2332121,5.9853657,25000007,Super U,Super U,Super U
way,72102086,48.6876259,-3.9885378,29250001,Super U,,
way,72124664,43.6854491,1.4469345,31780001,Intermarché,Groupement des Mousquetaires,
way,72262808,47.0205811,-1.5639138,,Total,Garage Gauvrit,Total
way,72298938,48.5726213,-3.8498702,29600005,Carrefour,Carrefour,Carrefour
way,72339663,48.6309951,-3.9895067,29420001,Système U,,Station U
way,72347302,46.1112163,-1.1025243,17690001,Carrefour,,Carrefour
way,72348364,46.0994552,-1.0922359,17690002,Total Access,,Total Access
way,72367292,47.2176430,5.9682918,25000011,Intermarché,,Intermarché
way,72407028,48.6644009,-4.0996920,29233001,Super U,,
way,72441104,43.3067066,3.4916508,34300006,Intermarché,Groupement des Mousquetaires,Intermarché
way,72478624,43.3989576,-1.6411133,64500004,TotalEnergies,,Lamerain
way,72483276,43.3821588,-1.6491055,64500006,TotalEnergies,,Relais Saint-Jean-de-Luz Chantaco
way,72547850,44.7263600,5.0300546,26400002,Eni,,Station Eni
way,72580231,43.3469185,-1.7665846,64700001,TotalEnergies,SARL Castagnet Paul,Total
way,72583931,44.9402027,4.9084934,26000016,TotalEnergies,,TotalEnergies
way,72591404,47.2593239,6.0292925,25000008,Esso,Esso,Esso
way,72673185,47.2638197,6.0583675,25220002,Avia,Avia,Avia
way,72673291,47.2633893,6.0663164,25022001,Carrefour,Carrefour,Carrefour
way,72675853,47.2007102,6.1402218,25620001,Total,Total,Total Mamirolle
way,72687614,48.0012233,3.7213145,89600003,Total,Total,AutoFlo SA
way,72689327,47.9993649,3.7155473,89600004,Intermarché,,Station Intermarché
way,72690172,48.0005317,3.7186701,89600001,Avia,,Avia
way,72702372,43.5119280,-1.4403388,64100016,Total,M. Damestoy,Total
way,72748718,46.4181768,-0.1951520,79400004,Intermarché,Groupement des Mousquetaires,Intermarché
way,72751175,48.2639512,4.0381239,10430005,Esso,,Esso
way,72753996,44.9362105,1.6008713,46600002,Intermarché,Groupement des Mousquetaires,
way,72770018,47.9725628,3.5108793,89400003,E. Leclerc,E. Leclerc,
way,72773808,43.4228515,-1.5986344,64210006,TotalEnergies,,Relais Bidart Ouest
way,72806031,46.1111960,-0.7390853,17700003,E.Leclerc,,Station Service E.Leclerc
way,72895159,44.3558910,5.1262710,26110003,Système U,Système U,Station U
way,72902869,44.3595911,5.1261467,26110004,Intermarché,,
way,72977582,45.6316060,-0.9925600,17201001,E.Leclerc,E. Leclerc,Station Service E. Leclerc
way,73004689,48.9177544,2.3787977,93300001,Esso,,Esso
way,73061449,49.2089256,1.1823360,27400001,Intermarché,Groupement des Mousquetaires,Intermarché
way,73084763,46.3172862,-0.4809081,,Carrefour,,Carrefour
way,73118279,48.9003527,2.4110933,93500008,Total Access,,Total Access
way,73123785,48.2877025,4.0802159,10000019,Total Access,Total,Total Access
way,73124593,48.2883095,4.0753598,10000006,Casino,,Casino
way,73126815,48.2945433,4.0829073,10000018,Total,Total,Total
way,73285686,43.3303627,5.4853866,13190001,Total,,Total Allauch
way,73368694,48.3330750,4.0231553,10600012,Auchan,Auchan,Auchan
way,73369717,48.3360348,4.0182883,10600009,Total Access,Total,
way,73382794,45.7212625,4.7947859,69600002,Intermarché,,Intermarché
way,73428044,48.8829283,2.4266753,93260007,TotalEnergies,Total,Total Access
way,73440821,45.8121507,1.2814476,87000027,TotalEnergies,Total,TotalEnergies
way,73444662,45.3927542,5.2531259,38260007,Intermarché,,Intermarché
way,73555947,45.6132386,-0.9907377,17110001,Super U,Carrefour Market,Super U
way,73608403,46.9212275,-0.7363796,79700001,Super U,Super U,Super U
way,73663934,50.6968593,3.2094287,59150002,E.Leclerc,E. Leclerc,Station Service E. Leclerc
way,73763320,44.2543819,4.6462516,30130004,Intermarché,,intermarché
way,73786622,44.2870499,4.7511059,84500006,TotalEnergies,,Total Bollène
way,73793777,44.2807525,4.8012031,84500003,,SARL Le Geneste,Le Geneste
way,73794132,44.2868993,4.7506308,,Intermarché,,Intermarché
way,73797984,44.2867548,4.7506435,,Intermarché,,Intermarché
way,73799139,44.2884674,4.7482763,84500001,TotalEnergies,,TotalEnergies
way,73799737,44.3222617,4.7438124,84507001,E. Leclerc,E. Leclerc,Station Service E. Leclerc
way,73843868,43.5401347,1.4796040,31520005,TotalEnergies,Total,TotalEnergies
way,73893671,48.8268576,2.1279674,78150005,Système U,Super U,Système U
way,74004794,46.3698689,-0.5943213,85490001,Intermarché,Groupement des Mousquetaires,Intermarché
way,74004877,45.7187218,4.8104460,69600004,Avia,,Avia xpress
way,74013197,46.3161330,-0.5569765,79460001,Super U,Super U Magné,Super U
way,74038206,43.6350123,3.8229587,34000014,Total,Total,Station Total
way,74170731,46.4287360,-0.5069884,79160003,E.Leclerc,E. Leclerc,Station service E. Leclerc
way,74244352,43.3819292,-1.3125159,,Intermarché,Groupement des Mousquetaires,Station d'Essence Intermarché
way,74302133,43.5696198,1.3087113,31830001,Intermarché,,
way,74485281,43.0605920,0.5922023,31210001,Super U,,Super U
way,74508537,48.0165337,6.6151299,88200006,E.Leclerc,E. Leclerc,Station Service E. Leclerc
way,74578394,46.3552150,-0.3116950,79260004,Carrefour,,Carrefour Contact
way,74583225,46.3482837,-0.3105664,,AS 24,,AS24
way,74588564,43.6552610,3.9622126,34740002,Esso,Esso,Esso
way,74620040,48.7931480,2.1439125,78000020,Total Access,Total,Total Access
way,74657692,46.8355368,-1.8720989,85306001,Super U,Hyper U,Super U
way,74662690,43.6536970,3.9664826,34740004,TotalEnergies,,Total Access
way,74694489,43.5807138,1.3956189,31100010,Total Access,,
way,74700445,42.1164699,8.6922299,20118001,TotalEnergies,Total,Total Sagone
way,74737445,44.5510694,4.7699463,26200001,Carrefour Market,,Carrefour Market
way,74772312,44.5438639,4.7463874,26200003,Esso,,Esso
way,74785397,43.5824054,1.3435788,31170002,Auchan,,Auchan
way,74810982,43.5747430,1.3186224,31170001,Carrefour,Carrefour,Carrefour Market
way,74906736,47.4882871,3.9208530,89200002,Avia,,Avia Xpress
way,74971360,43.6083676,1.3357408,31770005,Total,,Total
way,75010223,43.5854865,3.8820110,34000001,Dyneff,,Dyneff
way,75018507,43.5655311,1.5200677,31650002,E.Leclerc,E. Leclerc,Station Service E.Leclerc
way,75024802,43.5552244,1.5315953,31650003,TotalEnergies,Total,Total
way,75080911,43.5962714,3.8872457,34070020,Eni,Agip,Eni
way,75081756,43.5946446,3.8883675,34770002,Esso Express,,Esso Express
way,75130157,43.6071551,3.8861951,34000009,Esso Express,,Esso Express
way,75164508,43.9213781,2.1665076,81000005,Esso Express,,Esso Express
way,75184843,43.9339144,2.1691870,81000001,Carrefour,Carrefour,Carrefour
way,75239110,46.4073410,-0.2257032,79400003,E. Leclerc,E. Leclerc,Station Service E. Leclerc
way,75243364,48.9368580,2.2069554,95870010,TotalEnergies,,TotalEnergies
way,75338855,47.3407782,0.7378612,37550003,Intermarché,,Intermarché
way,75389245,45.7501180,0.3879268,16110001,E. Leclerc,E. Leclerc,
way,75431312,46.1067802,-0.0701072,79110003,Intermarché,Groupement des Mousquetaires,Intermarché Super
way,75588100,47.2768524,0.6427687,37260001,Super U,Super U,Super U
way,75626590,45.6743782,0.1256661,16710001,Système U,,
way,75676480,42.6049230,2.9777560,66200001,Intermarché,,Intermarché
way,75710126,44.3455595,4.7543922,26130002,Intermarché,Groupement des Mousquetaires,Intermarché
way,75725417,45.8742846,0.1803395,16230002,Système U,,Station U
way,75726411,45.8728399,0.1727074,16230004,Avia,Avia XPress Picoty Réseau,Avia
way,75752597,43.5954301,3.8675727,34070004,Auchan,,Auchan Supermarché
way,75756166,43.5952825,3.8679734,34070012,Dyneff,,Dyneff
way,75770828,45.1890324,0.7629123,,E.Leclerc,,Station Service E. Leclerc
way,75775763,45.1902820,0.7358404,24000001,TotalEnergies,,Total
way,75775996,45.1891012,0.7632705,24750002,E. Leclerc,,E. Leclerc
way,75776880,45.1980914,0.7414300,24750004,,,Intermarché
way,75823711,47.2654990,-2.3335712,44380007,Intermarché,Intermarché,Station Intermarché
way,75851035,-20.9605730,55.6579519,,Engen,,Engen
way,75881129,50.0937949,3.5368471,59360003,,Groupement des Mousquetaires,
way,75929810,48.9857509,2.2383938,95130001,Esso Express,Esso,Esso Express Franconville
way,76004794,43.3583521,-1.5752841,64310001,Intermarché,,Intermarché
way,76084547,46.9781505,-1.3056589,85603001,E. Leclerc,E. Leclerc,Station Service E. Leclerc
way,76126648,46.3813184,5.3450978,1270003,TotalEnergies,,TotalEnergies
way,76154240,44.1628432,4.8767199,84850001,Intermarché,,Intermarché
way,76193109,49.5094667,0.1565237,76610006,Super U,,Super U - Station Essence
way,76210203,44.1155711,4.8965978,84150001,Intermarché,Groupement des Mousquetaires,Intermarché Contact
way,76227441,47.8028282,1.0441128,41100004,E. Leclerc,,E. Leclerc
way,76231707,47.7813446,1.0716083,41100005,Intermarché,Groupement des Mousquetaires,Intermarché
way,76250975,43.4772544,-1.4571165,64990001,Total,SARL Erratxou,Total
way,76306802,43.6423987,1.4671583,31200002,TotalEnergies,Total,Total
way,76311214,44.2352213,4.7112326,84430005,Carrefour Contact,Carrefour,Carrefour Contact
way,76320516,43.6190673,1.4686028,31500006,Esso,Esso,Esso
way,76332901,43.6194689,1.4233114,31200020,TotalEnergies,,TotalEnergies
way,76397926,51.0505621,2.4093508,59240002,Carrefour,,Carrefour
way,76398346,51.0463881,2.4157914,59240001,E.Leclerc,E. Leclerc,Station Service E. Leclerc
way,76522946,46.8577844,-1.0149704,85500005,E.Leclerc,E. Leclerc,Station Service E.Leclerc
way,76696555,48.9194923,2.2213306,92000018,Total Access,Total,Relais du Pont de Bezons
way,76870969,46.9840195,-1.2446865,85530002,Total,,Total Contact
way,76924037,47.1979069,-1.7583157,44640002,Intermarché,,Intermarché
way,76926050,48.9892528,2.2065767,95137001,E.Leclerc,E. Leclerc,Station Service E. Leclerc
way,76999699,46.1056892,5.8232337,1200001,Carrefour,Carrefour,Carburants Carrefour market
way,77061091,46.5328210,3.1880527,3210001,Intermarché,Groupement des Mousquetaires,Intermarché Contact
way,77096224,48.4152699,7.6362013,67150001,Esso,Esso Express De L'ill,Esso
way,77173073,46.2624524,-0.0136411,79120002,Intermarché,,Intermarché
way,77478846,43.4704407,0.9226499,32220001,Intermarché,Groupement des Mousquetaires,Intermarché
way,77521384,47.0816131,-1.4118734,44140004,Intermarché,Groupement des Mousquetaires,Intermarché
way,77592765,48.6750952,2.1746345,91942001,Carrefour,Carrefour,Station Carrefour
way,77619435,48.9941658,2.2802053,95600002,Esso Express,Esso,Esso Express
way,77676136,45.5343790,2.1482506,,TotalEnergies,,Total
way,77762417,46.3557997,2.6200102,3630004,Carrefour,,Carrefour Market
way,77768662,-20.9783842,55.3286433,,Total Access,,Station des Flamboyants
way,77779928,46.3473982,2.6025532,3100001,Carrefour,Carrefour,Carrefour
way,77788949,46.3326561,2.6026047,3100008,Intermarché,,Intermarché
way,77794647,46.3179565,2.5786301,3100007,E. Leclerc,E. Leclerc,Station service E. Leclerc
way,77827583,46.5871558,3.3151966,3000003,E.Leclerc,,E. Leclerc
way,77877620,46.3383132,2.5673149,3410001,Auchan,Auchan,Station essence d'Auchan
way,77924045,44.8291203,-0.5410617,33000023,TotalEnergies,Total Energies,Relais de Touratte
way,77956156,44.8425441,-0.5426536,33100001,Auchan,,Auchan
way,77983354,48.9949096,2.0803372,,Esso,,Esso
way,77983866,49.0064449,2.1185488,78700002,Carrefour Market,Carrefour,Carrefour Market
way,77988535,49.0090682,2.1053105,78700001,Auchan,Auchan,Auchan
way,78019560,48.8464060,2.3874300,75012023,Avia,,Avia
way,78095251,44.5415661,-0.2548747,33210003,E.Leclerc,E. Leclerc,Station Service E.Leclerc
way,78100522,48.5226715,-2.7314910,22000002,Super U,Système U,Super U
way,78144326,48.4288184,7.6585604,67151001,E.Leclerc,E. Leclerc,Station Service E. Leclerc
way,78158556,48.8414869,2.3732320,75012010,Esso Express,,Esso Express
way,78170655,45.8889650,4.8939414,1390009,Eni,,Eni
way,78266348,48.6230195,-3.2958860,22140002,Intermarché,Groupement des Mousquetaires,Intermarché
way,78348144,44.7827578,-0.4958408,33360003,Total,,Total
way,78420950,44.1404847,4.8012056,,,Mairie d'Orange,
way,78528423,48.7798110,2.4408815,94000010,Total,Total,Total
way,78536213,48.8350223,2.3575595,75013024,Total,,Total
way,78618529,44.1192693,4.8399382,84107001,Carrefour,,Carrefour
way,78846759,50.5226347,3.1742163,59242003,E.Leclerc,E. Leclerc,Station Service E. Leclerc
way,78847565,50.4587375,3.2891085,59310009,Carrefour,,Carrefour
way,79023099,44.0136555,3.3046756,12230001,TotalEnergies,Garage Saquet,TotalEnergies
way,79147677,48.8195986,2.3967954,94204001,Carrefour,,Station Service Carrefour Quais d'Ivry
way,79173692,47.6385942,6.8781839,90000013,TotalEnergies,Total,Relais Total Des Glacis
way,79203023,45.4813846,4.4438299,42290001,Carrefour,,Carrefour
way,79218530,44.0252623,3.3593794,,,Commune de Saint-Jean-du-Bruel,Station Service Municipale
way,79230367,45.7074928,4.8538799,69190001,Carrefour,,
way,79283949,48.1384671,-1.9389225,35160002,Total,Total,
way,79316279,48.9414792,2.4314974,93350003,Total Access,,Total Access
way,79354153,44.9014429,-0.2188162,33500001,Carrefour,Carrefour,Carrefour
way,79396588,45.6967201,5.9079632,73100005,Esso Express,,Esso Express
way,79432214,48.9107658,2.2346920,92700023,Esso,,Esso
way,79517802,50.6939847,3.1837840,59100003,Esso,,Esso
way,79539020,43.6495737,3.9777493,34130002,E.Leclerc,E.Leclerc,E.Leclerc
way,79563861,43.3278698,-1.3949709,,,,
way,79579679,47.6262772,6.8597755,90000014,Total Access,,Total Access
way,79589365,43.6453217,7.0492458,6560001,Carrefour Market,,
way,79712312,50.6164027,3.1189387,59260007,Total Access,,Total Access
way,79748364,44.1553996,1.5268333,82300004,Super U,,Super U
way,79822094,45.3653557,5.5834689,38500008,Carrefour,Carrefour Market,Carrefour
way,79895598,44.0810746,3.0424222,12100006,E.Leclerc,E.Leclerc,Station Service E. Leclerc
way,79908756,46.1226291,6.2678212,74930003,Intermarché,,Intermarché
way,79923943,44.0117269,2.9634348,12490001,,,Station Suau Michel
way,80258888,48.1259124,-1.6855239,35000013,Malo express,,
way,80301601,48.1059226,-1.7338257,35000015,Esso Express,EFR France,Esso Express
way,80301803,48.1072621,-1.7258891,35000017,TotalEnergies,Total La Barre Thomas,Total Access
way,80351745,43.8265784,2.8767923,,Agip,,
way,80355911,44.0873452,2.7049699,,,,
way,80393215,48.1155201,-1.7078804,35000023,Total Access,,Relais Malifeu
way,80425087,45.3795328,2.2680451,19160001,Intermarché,Groupement des Mousquetaires,Intermarché Contact
way,80463587,48.4057739,2.1231528,91150007,Esso,Esso,Esso
way,80469431,48.4335061,2.1720939,91150012,TotalEnergies,Elf,Total Access
way,80471821,48.4470013,2.1710960,91150013,TotalEnergies,Total,Relais Total De Chalouette
way,80474322,48.4429718,2.1704983,91150010,Intermarché,Intermarché,Intermarché
way,80486656,48.5304378,2.0293868,91410001,TotalEnergies,,Total
way,80550733,46.1314203,6.2699899,74930001,,Carrefour Market,
way,80556158,48.4082619,2.7911054,77810001,Auchan,,Auchan
way,80604979,42.6079416,2.9233623,66200002,Intermarché,Groupement des Mousquetaires,Intermarché
way,80617097,44.3595667,1.9970657,12200004,E. Leclerc,E. Leclerc,Station Service E. Leclerc
way,80663152,49.2682601,2.4849639,60100007,Total,Total,Station Total
way,80669740,48.1277843,-1.6494647,35000022,Total Access,Relais Rennes Hippodrome,Total Access
way,80710941,48.0976658,-1.6431434,35000024,Avia,Avia,Avia
way,80727740,45.3265621,5.5759296,38430002,Esso Express,,Esso Express
way,80749360,45.6856412,2.7998724,63210003,Carrefour,,
way,80786819,48.0854562,-1.6959940,35200007,Total Access,Guivois,Total Access
way,80877187,48.7528081,2.3073251,92160003,Esso Express,Esso Express,Esso Express
way,80913935,46.9563498,4.3162483,71400016,Avia,,Avia
way,80936487,43.6752812,1.2052343,31530004,TotalEnergies,SAS Cortese Services Energie,Total
way,81079650,43.5367874,3.8580694,34750001,Intermarché,Groupement des Mousquetaires,Intermarché Super
way,81079771,48.1051806,-1.7431363,35132004,Total Access,Relais Les Trois Marches,Total Access
way,81183831,48.9731355,2.3657716,93380010,Total Access,,Total Access
way,81187163,48.9661330,2.3642552,93380009,Total Access,,Total Access
way,81189319,48.1037508,-1.7132734,35000012,E.Leclerc,Renouest,Station Service E. Leclerc
way,81190161,48.9542933,2.4437774,93440004,,Total,
way,81200527,47.1092885,5.5077013,39100006,Intermarché,Groupement des Mousquetaires,Intermarché Hyper
way,81310453,45.5910073,4.8274371,69360012,Total Access,Total,Total
way,81316186,45.5893157,4.8259136,69360013,Total,Total,Relais Total de Communay
way,81358613,48.9043310,2.2566071,92400019,TotalEnergies,,TotalEnergies
way,81402488,43.4814168,1.3360955,31600007,Total Access,Relais Guerin,Total Access
way,81550607,43.4714742,1.3309049,31600011,Avia,,Avia
way,81557850,42.6892772,2.8947726,66000010,Esso,Esso Perpinya,Esso
way,81587738,42.7421219,2.8918195,66962002,E.Leclerc,,E. Leclerc
way,81613605,48.8614662,2.4171635,93170002,TotalEnergies,TotalEnergies,TotalEnergies
way,81629985,45.5433002,2.2972143,19200003,E.Leclerc,E. Leclerc,Station Service E.Leclerc
way,81665198,42.6683679,2.8837430,66028001,Auchan,,Auchan
way,81775037,48.4250600,-1.5710923,35560005,Système U,,Station U
way,81784347,48.1221569,-1.5999789,35510006,Carrefour Market,Carrefour Market,Carrefour Market
way,81786016,48.1140133,-1.6137526,35510005,Total,Relais Cesson-Sévigné,Total
way,81827766,48.8688163,2.4483162,,,,
way,81856304,48.8687227,2.4703380,93100014,TotalEnergies,,Total Access
way,81899639,43.2705589,-0.2003911,64420001,Intermarché,Groupement des Mousquetaires,Intermarché
way,81926793,46.4596091,-1.1452094,85403001,E.Leclerc,E. Leclerc,Station Service E. Leclerc
way,81986066,48.1721573,-1.6414228,35830002,Esso,Action Automobile,Esso
way,82048219,49.0216559,1.1356162,,,,
way,82055310,49.0216990,1.1361740,27009001,,Cora,Cora
way,82105745,45.2475404,5.6667528,38120002,Total,,
way,82109776,45.6874632,-1.1702845,17570001,TotalEnergies,Total,Total
way,82250343,48.8998404,2.2608465,92400020,Total Access,Total,Total Access
way,82250476,48.9018133,2.2598069,92400017,Total,,TotalEnergies
way,82519685,45.5519205,3.7395458,63600004,TotalEnergies,Total,TotalEnergies
way,82532796,47.2569625,-1.5110985,,Carrefour,,Carrefour
way,82533157,47.2568907,-1.5113422,,Carrefour,Carrefour,Carrefour
way,82655328,48.1361938,-1.9396043,35160001,La Station U,,La Station U
way,82719765,46.9968266,-0.2075059,79100003,E.Leclerc,E. Leclerc,Station Service E.Leclerc
way,82743822,43.7597188,1.9640187,81300001,E. Leclerc,E. Leclerc,Station Service E. Leclerc
way,82770449,43.7087071,1.8177624,81500003,Intermarché,,Intermarché
way,82820082,46.6113002,-0.4196601,79130001,Système U,,Station U
way,83096565,43.6204322,2.2697775,81100005,Système U,Super U,Station U
way,83172619,43.5958306,2.2282183,81100007,Intermarché,,Intermarché
way,83197339,46.3451190,2.6195584,3630003,TotalEnergies,,TotalEnergies
way,83312470,47.9551551,-1.5032635,35150003,Intermarché,SA Excelis,Intermarché
way,83316131,47.9586952,-1.4872663,35150001,Super U,Super U,Station U
way,83436680,43.8842717,5.3796112,84400001,Auchan,Auchan,Auchan Supermarché Tankstelle
way,83436779,43.8832873,5.3811464,84400007,TotalEnergies,Total,TotalEnergies Access - Relais du Luberon
way,83496463,45.6674897,-1.0117141,17200006,Intermarché,,Intermarché Contact
way,83548265,47.8295467,-0.6865758,53200005,E.Leclerc,,Station Service E. Leclerc
way,83620997,43.9907082,3.6086600,30120002,Super U,Super U,Super U
way,83677263,48.7490562,-0.0268837,61200001,Carrefour Market,,carrefour market
way,83683977,48.7519055,-0.0136616,61200006,E.Leclerc,E. Leclerc,Station Service E. Leclerc
way,83760459,43.9411720,4.8267272,84000011,Intermarché,,Intermarché
way,83763808,43.9061667,4.8900261,84140007,TotalEnergies,,Total Access
way,83774179,43.9212630,4.8670336,84013001,Auchan,,Auchan
way,83791472,48.8213581,2.3122044,92242003,Total,Total,Total
way,83829181,43.8554965,7.1973426,6670010,Total Energies,,
way,83839145,47.4542412,5.5895191,70100008,Intermarché,,Les Mousquetaires
way,83854836,47.4552830,5.5884833,70100007,Avia,,Avia
way,83857284,45.7204100,4.9242457,69803001,Auchan,Auchan,Centre commercial Porte-des-Alpes
way,83943276,45.6864809,4.9448688,69800016,TotalEnergies,Total Market,TotalEnergies
way,84006759,48.5861946,-2.0615227,35730001,U,,Station Super U
way,84026940,48.6215637,-2.0583543,35800004,TotalEnergies,Total,Total
way,84107198,48.9019038,2.4618478,93130006,Esso,,Esso
way,84109054,48.0657265,-0.8092050,53940001,E.Leclerc,Laval Distribution,Station Service E.Leclerc
way,84114319,48.8878542,2.4555605,93130009,,Total Access,Relais Brément
way,84163951,48.9057039,2.4815165,93140002,Esso Express,,Esso Express
way,84166735,47.8367644,-0.6890686,53200003,TotalEnergies,,Total
way,84185151,48.9075885,2.4906489,93140003,Esso,,Esso
way,84197398,45.7383900,4.9494725,,,,
way,84224846,45.7367358,4.9737600,69680002,Carrefour Market,Carrefour,Carrefour Market
way,84249745,46.7968615,0.5507114,86100003,Système U,,Station U
way,84251626,46.7974937,0.5317753,86100001,Auchan,Auchan,C. C. Auchan
way,84254349,46.8183792,0.5255770,86100015,Intermarché,Groupement des Mousquetaires,Intermarché
way,84262190,46.8246772,0.5604324,86100009,E.Leclerc,,Station Service E. Leclerc
way,84338848,44.1632190,1.5525297,82300006,Carrefour Market,,Carrefour Market
way,84342371,48.1795615,-1.4383297,35340003,Intermarché,,Intermarché Contact
way,84369136,43.5249181,1.4006663,31120010,Total Access,,Total Access
way,84373590,43.5332958,1.4002478,31120001,Carrefour,,Carrefour
way,84374025,43.5245329,1.3987184,31120009,Total Access,,Total Access
way,84406167,48.9174853,2.4199760,93700003,Carrefour,,Carrefour
way,84428933,47.2272471,2.0537968,18100011,Total,Total,Relais Total De La Chevrolerie
way,84484123,47.2077816,-0.7185025,49120001,Super U,,Super U
way,84520735,48.5620255,-3.8234199,29600003,Intermarché,,Intermarché Super
way,84557482,45.8404495,3.1218115,,AS24,AS 24,AS 24
way,84590940,45.7629242,4.8767460,69100030,Esso,Esso,Esso
way,84692176,47.2377113,-1.5692451,44300015,Total,SARL Madouas,Total Petit Hermitage
way,84700458,47.1595433,-1.5451448,44412001,E.Leclerc,E. Leclerc,E. Leclerc - Océane
way,84796271,46.7539887,0.4843726,86530001,,,Q8 Oils
way,84828881,45.2192116,5.6607595,38360001,Carrefour,Carrefour,
way,84848824,14.4383220,-60.8760898,,Vito,,Vito
way,84863839,46.5706917,0.2726575,86580002,Carrefour,,Carrefour Contact
way,84926737,47.2135778,-1.7238952,44220005,Carrefour,Carrefour,Carrefour
way,84982012,45.9040902,6.6833453,74700003,Intermarché,Groupement des Mousquetaires,Intermarché
way,84990806,48.1953553,-3.8198219,29520001,E.Leclerc,E. Leclerc,Station Service E. Leclerc
way,84992487,46.1766809,-1.1033009,,,,
way,84993421,46.1735191,-1.1177884,17285001,Super U,Hyper U,Super U
way,84993850,46.1732158,-1.1177033,17285001,Super U,,Hyper U
way,84994354,46.1771585,-1.1040655,17138007,Total Access,Total,Total Access
way,85022941,45.7786270,4.8711195,69100028,Esso,,ESSO
way,85049034,48.8225061,2.4654736,94340007,Esso,,Esso
way,85070599,48.0054108,-2.0923642,35380001,Super U,,Super U
way,85115929,43.8285882,5.0349620,84300006,Intermarché,Intermarché,Intermarché
way,85116029,43.8364178,5.0505660,84301001,Auchan,,Auchan
way,85177832,49.1747900,6.8842593,57600005,,Cora,Station-Service Cora
way,85219295,48.0889618,-1.0994966,35370003,TotalEnergies,Total,Relais Total de Mondevert
way,85228354,43.7467193,5.3370540,84160001,Super U,,
way,85229217,49.0263518,2.1028343,95610007,Esso,Esso,Esso
way,85348299,47.5011033,-0.4894557,49480007,Avia,,Avia
way,85498712,43.6400754,5.5232978,13650002,Esso,,Esso 4 Vents
way,85575538,43.7207482,5.2881597,13640001,Total,,Total Contact
way,85672651,50.4761140,3.2349223,59310006,Auchan,,Auchan
way,85819059,48.6432771,-2.8363726,56270001,Carrefour Market,,Carrefour Market
way,85861414,48.7982625,2.0357641,78390003,E.Leclerc,E. Leclerc,Station Service E. Leclerc
way,85895989,44.5712152,2.0745739,12700001,Intermarché,,Intermarché
way,85910579,43.9582293,5.7922007,4300002,Intermarché,Groupement des Mousquetaires,Intermarché
way,85916878,43.9507398,5.7713381,4300005,Auchan,Auchan,Auchan
way,86012573,49.1108373,6.6980471,57740004,Cora,Cora,
way,86037089,43.5914205,6.9294328,6580001,Super U,,Super U
way,86180240,46.6735268,-1.4042967,85000007,E.Leclerc,E. Leclerc,Station Service E. Leclerc
way,86200296,46.6923300,-1.4294429,85000010,Esso,,Esso
way,86283119,46.6454480,-1.4350500,85000008,E.Leclerc,E. Leclerc,Station Service E.Leclerc
way,86486246,43.8844638,5.1686548,84220002,,,Relais du Ventoux
way,86518830,45.3967423,4.3235766,42500001,Carrefour Market,,Carrefour Market
way,86602257,49.2540404,3.9758129,51430002,Carrefour,,Carrefour
way,86649041,46.7127726,-1.9610290,85270001,Système U,,La Station U
way,86723663,46.1603700,0.3109277,86400003,Intermarché,Groupement des Mousquetaires,Intermarché
way,86725810,47.6676299,-1.6614093,44590001,Super U,Super U,Super U
way,86837034,49.1736614,4.1838908,51360001,Total,,Total
way,86929244,50.2575952,3.6313842,59530002,Intermarché,,Intermarché
way,87038676,45.9490215,6.0461503,74330003,Avia,,Avia
way,87059499,45.8718006,5.9378771,74150003,Intermarché,,Intermarché
way,87080406,49.1201995,4.2427214,51400010,Total,Total,Station Total
way,87080532,49.1188640,4.2467464,51400011,Total,Total,Station Total
way,87259459,47.2838513,5.9935907,25480001,Carrefour,Carrefour,Station Carrefour
way,87260116,47.2770880,5.9940670,25480004,Avia,Avia,Station Avia
way,87349641,43.6732529,7.2260186,6200028,Total Access,,
way,87500771,44.2474429,5.0931618,84110005,Intermarché,Intermarché,Intermarché
way,87582773,46.7957045,-2.0494815,85160006,Intermarché,Groupement des Mousquetaires,Intermarché
way,87619619,47.1091750,6.1279415,25290001,Avia,Avia,Avia Xpress
way,87737944,47.2151551,2.1086865,18100010,Esso,Esso,Esso Express
way,87757239,46.4828633,0.1833155,86600002,TotalEnergies,,TotalEnergies
way,87863515,49.2866899,4.0257651,51068001,Carrefour,Carrefour,Carrefour
way,87944929,46.9050650,0.5233986,86100014,,Carrefour,
way,88034811,49.1876895,6.6976629,57150006,E.Leclerc,E. Leclerc,Station Service E. Leclerc
way,88056614,45.4576969,6.1110834,73110002,Carrefour,,Carrefour
way,88192961,43.5513195,7.0569300,6220005,TotalEnergies,,
way,88551607,44.2426005,5.0813403,84110004,Super U,Super U,Super U
way,88589057,44.2420616,5.0803383,84110001,TotalEnergies,,Total Access
way,88665684,50.4771388,2.6782913,62290001,E.Leclerc,E. Leclerc,Station Service E. Leclerc
way,88859456,49.5226746,0.1092102,76620001,Auchan,Auchan,Auchan
way,88874321,48.5351447,4.1298731,10700003,Intermarché,Groupement des Mousquetaires,Intermarché Super
way,88912935,46.6963373,-1.9147798,85800003,E.Leclerc,E. Leclerc,Station Service E. Leclerc
way,88929726,46.7230613,1.6037010,36330001,Shell,Shell,Station Shell
way,88943515,49.3561299,6.1401798,57100002,Carrefour,,Carrefour
way,88996200,49.3579012,6.1307202,57100006,E.Leclerc,E. Leclerc,Station Service E.Leclerc
way,89077182,48.6517606,6.1782624,54500005,E.Leclerc,E. Leclerc,Station Service E. Leclerc
way,89096633,48.6595410,6.1830850,54500004,Esso Express,Esso,Esso Express
way,89097131,48.6547035,6.1855345,54500007,TotalEnergies,Total,Station Total
way,89113262,43.6245184,7.1029290,6410003,Avia,,Avia
way,89272310,47.6355790,7.4928070,68870001,Essence Hypermarché,,
way,89306036,49.3665676,2.4188636,60600001,Auchan,,
way,89331196,43.8379359,5.8053731,4100007,E.Leclerc,E. Leclerc,Station Service E. Leclerc
way,89337407,43.8234847,5.7874972,4100010,TotalEnergies,Total,Total - Relais des Ponches
way,89339737,43.8223712,5.7872473,4100011,TotalEnergies,Total,Total Access Relais Plantiers
way,89340470,43.8310646,5.7909277,4100012,Independent,Christian Atamian,Christian Atamian
way,89437779,45.9526966,-0.5302428,17400003,Intermarché,Groupement des Mousquetaires,Intermarché Saint-Jean-d'Angély
way,89441335,45.9444839,-0.5054208,17400002,E.Leclerc,E. Leclerc,Station Service E.Leclerc
way,89735853,44.0814241,4.9824870,84260001,Intermarché,Groupement des Mousquetaires,Intermarché
way,89767343,47.1677008,-1.6433196,44340011,Avia,,Avia
way,89853767,47.8703343,-3.5679838,29300002,E. Leclerc,,Station Service E. Leclerc
way,89943227,48.5251205,-4.6045779,,Armorine,,Armorine
way,89994997,44.0418612,4.8998000,,,,SARL Germand et Fils
way,90201288,47.1860605,5.8225531,25410007,Netto,Groupement des Mousquetaires,Netto
way,90202117,47.1863363,5.8277420,25410002,Super U,,Super U
way,90202652,47.1828095,5.8149720,25410004,Intermarché,Groupement des Mousquetaires,Intermarché
way,90279266,47.1726775,5.7805790,,TotalEnergies,,TotalEnergies
way,90411545,47.1500659,6.3367426,25800001,Super U,Super U,Super U
way,90417677,46.9685161,4.2740721,71400005,Intermarché,Groupement des Mousquetaires,Intermarché
way,90486520,49.0465845,7.4267832,57230003,Intermarché,Intermarché Super Bitche,Station-service Intermarché
way,90541368,45.8984226,6.8117464,74310003,Total,Total,Total Les Houches Nord
way,90719373,49.2593578,4.0640415,51067001,Carrefour,,Carrefour Cernay
way,90805102,45.9226923,-0.9594253,17300003,E. Leclerc,,Station Service E. Leclerc
way,90811337,45.9566045,-0.9774835,17300004,Intermarché,,Intermarché
way,90841996,47.1583258,6.7219991,25210004,,Rognon Produits Pétroliers,
way,90882122,44.5441634,6.0663046,5000005,Auchan,,Auchan
way,90891383,44.5412215,6.0575690,5000017,Total,Total,Total
way,90899183,44.5637942,6.0939091,5000006,E.Leclerc,E. Leclerc,Station Service E. Leclerc
way,90926602,44.0512009,5.0420256,84976001,E.Leclerc,,E. Leclerc
way,90985972,48.2811345,4.0951280,10800002,Intermarché,Groupement des Mousquetaires,
way,90988602,48.2669120,4.0870055,10800003,Intermarché,Groupement des Mousquetaires,Intermarché
way,91033125,48.2682521,4.0882174,10800007,Intermarché,SARL Van Wynsberghe,Intermarché
way,91092090,47.1281710,6.5228685,25390001,Super U,,La Station U
way,91102209,47.9017830,-4.0277755,29170001,E. Leclerc,E. Leclerc,Station Service E. Leclerc
way,91126674,49.7400085,4.7247040,8000010,Total,Total,Relais Total Bayard
way,91127407,49.7460275,4.7268285,8000008,Intermarché,Groupement des Mousquetaires,Intermarché
way,91131615,47.1295892,-1.5812354,44860002,Super U,,Super U
way,91142254,49.7669300,4.7179580,8000005,Esso Express,Esso,Esso Express
way,91158220,49.7399695,4.7076900,8000001,Carrefour,,Carrefour
way,91165567,43.9231147,5.9073510,4700002,Intermarché,Groupement des Mousquetaires,Intermarché
way,91166400,43.9223832,5.9142765,4700007,TotalEnergies,Total,TotalEnergies
way,91255160,47.8715381,2.1313530,45550002,Système U,,U Express
way,91278115,47.2512770,5.9669845,25480003,Total,Total,Total
way,91312301,49.6982726,4.9248423,8200005,E.Leclerc,E. Leclerc,Station Service E. Leclerc
way,91406550,43.1367745,1.6064200,9100006,,,Station Service Intermarché
way,91424631,47.2536595,6.8005430,25120001,,,Station Libre-service
way,91449191,43.9529912,4.8997947,84310002,E.Leclerc,,Station Service E. Leclerc
way,91466008,43.3115820,1.9692590,11400008,E.Leclerc,,Station Service E. Leclerc
way,91477150,47.9063639,2.0376991,45430004,E.Leclerc,,E. Leclerc
way,91560293,48.5214337,7.6954799,67118002,E.Leclerc,E. Leclerc,Station Service E. Leclerc
way,91867192,49.3968732,2.4193748,60600006,,,Sarl Autoservices
way,92071144,47.8763429,3.0954091,89120003,Intermarché,,Intermarché
way,92071872,47.8869497,3.0957238,89120001,Avia,,Avia XPress
way,92077279,43.1818890,2.9812845,11100003,Dyneff,,Dyneff
way,92099022,43.1804688,2.9612455,11100004,Dyneff,,Cap de Pla
way,92124707,47.8846914,-4.1696552,29120001,Système U,,Station U
way,92185813,48.3706189,3.9918156,10180001,Intermarché,,Intermarché
way,92276930,48.6929695,2.3373453,91420002,Elan,,Station Elan
way,92282350,43.9579296,4.7779365,30400005,TotalEnergies,Total,TotalEnergies
way,92284787,43.9581302,4.7794316,30400004,Eni,Eni,Le Relais de l'Olivier
way,92303180,43.9602285,4.7500808,30133001,E. Leclerc,E. Leclerc,Station Service E. Leclerc
way,92318904,48.2727696,4.0552187,10120006,Avia,,Avia Xpress
way,92346340,48.2818032,4.0525294,10123001,Carrefour,Carrefour,Carrefour
way,92439438,43.9405885,4.7968860,84000009,E.Leclerc,,Station Service E.Leclerc
way,92446764,43.4473548,5.8640477,83470004,Intermarché,Groupement des Mousquetaires,Intermarché
way,92562463,48.3630325,-1.1882720,35300004,Total,,
way,92568886,43.2925229,5.5932911,,,,
way,92583501,43.3085180,5.5764690,13400018,Avia,,Avia
way,92593934,48.3623725,-1.2087975,35300001,Esso Express,,Esso Express
way,92600263,43.2946195,5.5599220,13400007,Esso Express,ESSO,Esso Express
way,92603028,43.2837872,5.5439866,13400017,Intermarché,,Intermarché
way,92682145,43.9268890,4.9856400,84250001,Intermarché,Groupement des Mousquetaires,Intermarché
way,92695633,48.0557855,-1.5247140,35410002,,Groupement des Mousquetaires,
way,92759662,43.4621280,5.4071020,13320012,TotalEnergies,Total,TotalEnergies
way,92760635,43.4353519,5.3971104,13320004,Esso Express,,Esso Express
way,92866597,47.0112467,-0.7507385,49360003,U,Super U,Station Super U
way,92885492,48.1312445,-1.2264755,35500008,Intermarché,Groupement des Mousquetaires,Intermarché
way,92892655,48.1097185,-1.2136765,35500006,,Groupement des Mousquetaires,
way,92902633,48.1136495,-1.2082535,35500004,E.Leclerc,,Station Service E.Leclerc
way,93171428,48.6054948,-4.5044591,29880002,Intermarché,Groupement des Mousquetaires,Intermarché
way,93176961,48.1675940,-1.8760335,35590008,Total,Relais le Pays de Rennes,Total
way,93382228,47.6044472,7.5417385,68300003,E.Leclerc,E. Leclerc,Station Service E.Leclerc
way,93451695,47.0995210,5.8861155,25440001,Intermarché,,Intermarché
way,93499268,47.8331290,-4.1816655,,Elan,,Elan
way,93749758,50.7062771,1.6154967,62280001,Carrefour,Carrefour,Carrefour
way,93767167,47.8203026,-4.2887139,29120006,Intermarché,,Intermarché
way,93922267,44.0335265,4.9950719,84170001,Avia,,Avia
way,93934122,48.7992584,2.5000414,94100006,Esso Express,Esso,Esso Express
way,93962932,47.6043928,-2.9954820,56950002,Intermarché,,
way,94052076,45.0676580,4.8479583,26600015,Netto,,Netto
way,94052783,45.0680456,4.8451806,26600016,Avia,,Avia
way,94096479,47.5993503,-3.1124664,56340001,Super U,,Super U
way,94196618,45.2681238,6.3669675,73300001,Carrefour,,Carrefour
way,94288253,47.9812540,-4.0400540,,AS24,AS 24,AS 24
way,94289546,47.9838990,-4.1103650,29196001,Carrefour,,Station Services Carrefour
way,94289570,48.0159185,-4.0819635,29000006,E.Leclerc,,E. Leclerc
way,94307292,48.0098957,-4.1044478,29000014,E.Leclerc,,E. Leclerc
way,94424053,49.1658012,5.3807088,55100004,E.Leclerc,E. Leclerc,E. Leclerc
way,94494317,48.5004963,-2.7783083,22440001,E.Leclerc,,E. Leclerc
way,94536655,47.7981140,-3.5796463,29360002,Carrefour,,Carrefour Contact
way,94787607,47.1799971,0.2633042,37500003,E.Leclerc,E. Leclerc,Station Service E. Leclerc
way,94851878,14.6100092,-61.0476166,,Total,Total,Total
way,94852231,14.6177117,-61.0462155,,Vito,,Vito
way,94868261,14.6121114,-61.0530969,,Esso,,Esso
way,94873458,14.6130152,-61.0806831,,Total,,Total
way,94908888,14.6051323,-61.0859865,,Vito,,Vito
way,94909528,14.6117562,-61.0533813,,Vito,,Vito
way,94925338,14.6125785,-61.0795425,,Vito,,Vito
way,94935261,14.6281793,-61.0565206,,Texaco,,
way,94936236,14.6131102,-61.0529622,,Total,Total Caraïbe,Total Sainte Thérèse
way,94936277,14.6162737,-61.0492109,,TotalEnergies,,Total
way,94940147,14.6166648,-61.0565033,,Total,,Total
way,94942632,14.6328738,-61.0542047,,Total,,Total
way,94969954,47.8690133,-3.5865468,29300003,Intermarché,Groupement des Mousquetaires,Intermarché
way,94987017,48.6134182,-1.9830714,35400011,TotalEnergies,,Total Access
way,95007946,14.6335746,-61.0594945,,Vito,,Vito
way,95058282,46.0655201,4.0569003,42334001,Carrefour,,
way,95105514,48.6129195,-1.9818434,35400012,TotalEnergies,,Total Access
way,95229352,48.6837668,6.1969791,54000001,Auchan,Auchan,Station essence Auchan Nancy Lobau
way,95232422,50.6261903,2.9667199,59320001,Auchan,,Auchan
way,95393515,47.5816520,6.7715955,70400003,E.Leclerc,E. Leclerc,Station Service E. Leclerc
way,95449374,43.8770300,1.9083310,81600004,E.Leclerc,,Station Service E. Leclerc
way,95519989,47.2410086,-1.5933849,44800007,TotalEnergies,Total,Total
way,95656744,47.9903541,2.7702798,45200006,,Groupement des Mousquetaires,Groupement des Mousquetaires
way,95664985,46.6677370,-1.4093259,85000003,Super U,Super U,La Station U
way,95680085,48.4516605,-2.0195331,22100007,Système U,,Station U
way,95726181,47.2620728,-1.5915716,44700002,E.Leclerc,,Station Service E. Leclerc
way,95890243,44.0090914,5.0513142,84210001,Intermarché,Groupement des Mousquetaires,Intermarché
way,95934826,50.7105743,1.5779192,62480001,Intermarché,,Intermarché
way,96016824,48.4497001,-2.0748714,22100001,Carrefour,,Carrefour
way,96091495,50.7403750,1.6131570,62200004,Intermarché,,Intermarché
way,96147522,44.3262210,3.0614830,12150004,Intermarché,,
way,96446712,14.5968783,-60.9952294,,Vito,,Vito
way,96447734,14.6236168,-61.0189143,,Total,,Total
way,96449878,14.5964493,-60.9953654,,Vito,,Vito
way,96466870,4.9255868,-52.2860173,,Total,Total,Total
way,96476352,46.9089409,6.3387937,25300013,Intermarché,Intermarché,Intermarché
way,96498244,43.9578930,4.8507829,,station U,,
way,96499727,43.9635086,4.8526622,84130011,Total,,TotalEnergies (Access) - Relais du Pontet
way,96503682,43.9788078,4.8771251,84130001,Auchan,Auchan,Auchan
way,96654910,43.6981722,1.2185962,31530003,Intermarché,,Intermarché
way,96659167,43.5878229,1.4103815,31000001,Total,,Total
way,96711347,48.8275666,2.2716287,92130006,TotalEnergies,,TotalEnergies access
way,97127306,48.1872620,3.3177500,89100009,Intermarché,Netto,Intermarché
way,97247282,48.5637476,7.6910803,67380001,Super U,Super U,Super U
way,97270147,48.3662795,5.7020740,88300005,Intermarché,,Intermarché
way,97274588,48.3518460,5.6925645,88300001,,,Match
way,97275461,48.3589045,5.6929215,88300008,Total Access,,Relais des Capucines
way,97389906,47.9176766,-3.3327180,56240003,Carrefour,Carrefour,Carrefour
way,97479830,44.0272072,4.8740900,84700005,Total Access,,Totalenergies
way,97484176,44.0225191,4.8709785,84700002,Esso Express,,Esso Express
way,97487562,44.9126101,4.9139003,26000013,Intermarché,Groupement des Mousquetaires,Intermarché
way,97493411,44.9237144,4.9172498,26000015,Total Access,Total,Total Access
way,97580476,48.6623187,2.3749119,91170003,E. Leclerc,E. Leclerc,
way,97629459,48.2995570,5.8421655,88170003,,Super U,
way,97745129,46.5463376,6.0170869,39400003,Avia,,Avia Xpress
way,97958646,43.6597475,3.9037044,34830001,Intermarché,Groupement des Mousquetaires,Intermarché
way,98017878,43.6177360,3.4523380,34800004,Intermarché,Groupement des Mousquetaires,
way,98583227,48.1900885,-2.2035050,35290001,Système U,,
way,98781559,43.5233169,4.9634921,13800004,E. Leclerc,,Station Service E. Leclerc
way,98986038,49.2754878,-0.1032510,14160002,Système U,Super U,La Station U
way,99076769,49.1800822,6.1764138,57140003,Esso,,Esso aire de Saint-Rémy
way,99106093,47.1268446,-1.6287479,,,,
way,99112043,43.4102114,5.0241632,13500006,Intermarché,,Intermarché
way,99402246,49.3307865,6.0574615,57700002,Esso Express,,Esso Express
way,99460319,49.0292290,1.9906130,95180001,Carrefour Market,Carrefour Market,Carrefour Market
way,99478961,45.4396930,5.2956290,38260009,Elan,Elan,Elan
way,99541277,48.6686444,6.2099813,54140001,Intermarché,Intermarché,Intermarché
way,99584165,48.7812980,2.5714605,94510001,Total Access,,Total Access
way,99603089,49.8221468,4.7429350,8700004,Carrefour,,Carrefour
way,99633838,44.7626728,6.8197441,5350001,,Elan,
way,99644416,50.5441625,2.5413005,62920001,Total Access,SARL Delabroy,SARL Delabroy
way,99736364,43.8878257,4.8498170,13160002,Intermarché,Groupement des Mousquetaires,Intermarché
way,99960540,48.8449593,7.6194418,67350004,Match,Match,Match
way,100202114,44.9126422,-0.2554045,33500007,TotalEnergies,Total,Total
way,100219269,48.7488154,2.5085401,94470002,BP,,BP
way,100357903,43.6285578,5.1160609,13300005,E.Leclerc,Salondis,E. Leclerc
way,100383557,43.6084990,5.0977043,13300009,Independent,,Garoucha
way,100384940,43.6344744,5.0775850,13626002,Intermarché,,Intermarché
way,100385503,43.6402207,5.0487545,13300010,TotalEnergies,,Total Access
way,100457613,47.8015125,3.5273525,89000003,Avia,,Avia XPress
way,100482003,43.6441565,1.5320670,31850003,Super U,,
way,100493202,45.3585810,5.4935480,38140001,Carrefour,,
way,100568416,49.5168100,-1.7979965,50340003,Intermarché,,Intermarché Les Pieux
way,100569311,49.5117550,-1.8126670,50340002,Super U,,Super U
way,100589017,50.3812016,3.0857167,59501001,E.Leclerc,E. Leclerc,E. Leclerc
way,100794154,48.1884680,6.4433667,88000007,Intermarché,Intermarché,Intermarché
way,100805376,48.1847808,6.4672984,88000002,Système U,,Station service U Express Epinal
way,100840943,48.8177305,2.2769300,92130005,Esso Express,,Esso Express
way,100869311,45.1996451,6.6691543,73500007,Casino,Casino,
way,100878385,43.6058050,3.1499560,34600001,Carrefour Market,Carrefour Market,Carrefour Market
way,100941398,49.3278430,1.0983453,76410002,Carrefour,Carrefour,
way,100946584,48.2589505,-1.4118971,35140001,Carrefour Market,,Carrefour Market
way,101022008,44.8540095,-0.5169130,33150003,Esso,Esso,Esso
way,101025262,43.4528850,5.4526478,13120003,Intermarché,Groupement des Mousquetaires,Intermarché
way,101027808,43.4652056,5.4645266,13120012,Carrefour Market,,Carrefour Market
way,101168384,49.0497410,2.0752215,95520002,Total Contact,SAS ROUSSEAU CERGY PONTOISE,Total Contact
way,101176558,49.0771728,2.0769368,95520001,Auchan,Auchan,Auchan
way,101235253,43.4255573,5.2702063,13127006,E. Leclerc,,Station Service E. Leclerc
way,101265834,44.8807160,-0.5170325,33310006,Avia,Avia,Avia Lormont
way,101946489,45.5671185,5.9344965,73000009,,,Avia Xpress
way,101988312,49.2706645,1.2071919,27100001,Auchan,,Auchan
way,102107016,43.6660483,4.6366454,13200019,Esso,,Esso
way,102382877,50.3774770,3.0577700,59553003,,,U Express
way,102454156,49.0565990,2.1233870,95310003,E. Leclerc,E. Leclerc,
way,102559900,48.9250689,1.9930960,78630010,Total Access,,TotalEnergies Access
way,102615182,43.7103022,-0.8344357,40380003,Carrefour,,Carrefour Contact
way,102699604,48.1774149,-1.9188284,35137001,E. Leclerc,Kermeleuc,E. Leclerc
way,102786760,46.4772990,6.0650385,39220004,Avia,,Avia
way,102787203,46.5003593,6.0278244,39400002,Intermarché,Groupement des Mousquetaires,Intermarché
way,102800426,48.4319475,1.4923405,28000007,Intermarché,,Intermarché
way,102818327,44.9274253,4.9153456,26000008,Esso,Esso,Esso
way,102913843,48.3272238,4.1128720,10150002,Intermarché,Groupement des Mousquetaires,Intermarché
way,102933595,45.2151815,5.7818385,38240004,Eni,Eni,Station Service Eni
way,102937672,45.1976090,5.7807066,38240006,TotalEnergies,Total,TotalEnergies
way,102983480,49.0529945,2.0462290,95800003,Esso,,Esso Saint-Christophe
way,102984778,49.0466359,2.0244316,95800007,,BP,
way,103023362,48.4086908,3.7380993,10350001,Intermarché,,Intermarché Contact
way,103052552,46.9461581,-0.5948129,79250002,Intermarché,,Intermarché
way,103153718,48.3894384,2.8050282,,,,
way,103176151,49.0670026,6.1420532,57155002,E.Leclerc,E. Leclerc,Station service E. Leclerc
way,103368950,44.3034434,5.8374861,5300003,Intermarché,Groupement des Mousquetaires,Intermarché
way,103433584,49.3224709,2.4473286,60290002,E. Leclerc,E. Leclerc,Station Service E. Leclerc
way,103634821,45.2645830,5.6230250,38113001,Esso,,
way,103667729,43.6311515,3.9063290,34170004,Netto,,Netto
way,103713381,49.0182261,2.2201471,95150005,Esso,,Esso
way,103716482,49.0153810,2.2227714,95150001,Auchan,Auchan,Auchan Carburant
way,103884523,48.6761080,7.2020604,57850001,Avia,,Avia
way,103925820,48.5049269,3.7633483,10100004,E.Leclerc,E. Leclerc,Station Service E.Leclerc
way,103983439,44.8787007,4.8781380,26800008,Eni,Eni,Eni
way,104005286,48.8190786,2.0027057,78450001,Carrefour,Carrefour,Station Carrefour Market Villepreux
way,104139427,45.0727115,5.7650175,38220001,Carrefour,,
way,104319445,49.1029249,1.4533268,27950002,Intermarché,Groupement des Mousquetaires,Intermarché
way,104812361,43.5944042,5.1282431,13680004,Intermarché,,Intermarché
way,104869455,43.1983678,5.8060019,83330006,Auchan,Auchan,Auchan
way,105029706,48.9801083,2.4481459,95500011,TotalEnergies,,TotalEnergies Access
way,105037901,48.9921133,2.4284673,95500012,Total Access,,Total Access
way,105041398,50.9425851,1.8101095,62100001,Auchan,,Auchan
way,105050411,49.0471210,7.2837045,57410001,Super U,Super U,Station U
way,105296673,43.6540824,6.9433220,6130010,Total,Total,Total
way,105447663,50.9548010,1.9079255,62100024,Total,Total,Station-service Total
way,105456392,43.4649415,4.9406880,13270005,Intermarché,Groupement des Mousquetaires,
way,105479539,50.4164110,3.0253350,62970003,E.Leclerc,E. Leclerc,Station Service E. Leclerc
way,105484095,43.4644876,5.0030621,13920010,Dyneff,Dyneff,Dyneff
way,105531935,50.4140285,2.8350530,62210001,Carrefour,,Carrefour
way,105541276,45.0055745,-1.1683965,33680004,Avia,,Avia
way,105577894,-22.2479235,166.4484220,,Shell,,Shell Pacific Petroleum
way,105777026,45.0572325,4.8404735,7300006,Total,,
way,105793121,46.0589160,6.5739057,74300003,Esso,,Esso
way,105798702,46.0688860,6.5678045,74300001,Carrefour,,Station Service Carrefour
way,105800348,46.0500047,6.5951449,74300008,Esso Express,,Esso Express
way,105839530,46.0659455,6.5503120,74950002,Carrefour Market,,Carrefour Market
way,105935416,43.2513831,6.0965595,83390003,Intermarché,,
way,106058647,49.4122792,2.1102101,60000011,Carrefour,,Carrefour
way,106058667,49.4089987,2.1167593,60000001,Auchan,Auchan,Auchan
way,106099255,46.0863830,6.5237390,74300004,Intermarché,Intermarché,Intermarché
way,106164301,50.4271930,2.8068555,62300006,Esso Express,,Esso Express
way,106255897,49.4302005,2.0917230,60000006,Esso Express,,Esso Express
way,106269116,49.4307943,2.0713001,60000007,Carrefour,Carrefour,Carrefour
way,106455038,44.9767683,-1.0666876,33680005,Super U,Super U,Super U
way,106658930,48.6916150,5.9733575,54840004,Carrefour Contact,,Carrefour Contact
way,106693805,47.3188427,-1.7392269,44360005,Système U,,Station U
way,106825923,47.3788065,1.7375770,41200003,E. Leclerc,,E. Leclerc
way,106830006,47.3531515,1.7444330,41200002,Total,SARL RELAIS VILLEFRANCHE,Total
way,106884051,48.7678915,2.4860155,94380004,TotalEnergies,,TotalEnergies
way,106884312,48.7650340,2.4781810,94380002,Esso Express,,Esso Express
way,106952293,43.6725069,1.2840030,31700001,Carrefour,,
way,107331733,45.0546080,4.8388130,7300001,Carrefour Market,,Carrefour Market
way,107346577,46.0801115,6.5020295,74970001,Système U,,Station U
way,107375658,48.5649435,2.2915860,91630001,Carrefour Market,Carrefour,Carrefour Market
way,107559925,45.7990994,3.2421055,63430004,Intermarché,Groupement des Mousquetaires,Intermarché Super
way,107564340,45.7911596,3.2621022,63430006,Super U,Super U,Super U
way,107599764,46.4517202,-0.8063087,85200001,Système U,Hyper U,Hyper U
way,107758498,48.4857184,3.4912349,10400003,Intermarché,Groupement des Mousquetaires,
way,107782055,46.0726130,6.4209198,74130001,Carrefour Market,Carrefour,Carrefour Market
way,107784371,46.0838645,6.4037525,74130006,Intermarché,,Intermarché
way,107811907,45.7285730,3.3395100,63160004,TotalEnergies,,Total
way,107961952,46.6075061,-1.6641203,85150001,Super U,,Super U
way,107962032,46.6074520,-1.6643065,85150001,U,,U Energy
way,107967092,46.0731785,6.3925400,74800002,Esso Express,,Esso Express
way,107987760,43.6294529,5.1344691,13330001,Intermarché,Intermarché,Intermarché
way,108042877,45.2657186,6.8121670,73100008,Intermarché,Groupement des Mousquetaires,Intermarché Contact
way,108211981,48.9105926,-0.2075409,14700004,E.Leclerc,E. Leclerc,Station Service E. Leclerc
way,108386552,48.5420270,2.3666110,91710001,Intermarché,Groupement des Mousquetaires,Intermarché
way,108523321,48.4998263,2.3513750,91760001,Intermarché,Groupement des Mousquetaires,Intermarché
way,108663188,49.2354948,1.1833613,27406001,E.Leclerc,,E. Leclerc
way,108679143,45.5883785,5.8894000,73024001,Independent,,Station
way,108780096,44.3307611,5.0839223,,,,Garage Torrent
way,108793146,50.6534148,3.0615922,59110001,Carrefour,,Carrefour
way,108835825,46.2271301,5.9931281,1710001,Migrol,Migros France,Station U
way,108877252,45.2909674,6.3571035,73300004,Intermarché,,Intermarché
way,108898889,46.5135016,-1.7776958,85340003,E.Leclerc,E. Leclerc,Station Service E. Leclerc
way,108915121,46.5179130,-1.7756895,85340004,TotalEnergies,,Total
way,108965473,48.9085870,2.1592119,78360004,Total Access,,TotalEnergies Access
way,109005050,48.9297105,2.1448585,78360001,Carrefour,Carrefour,Carrefour
way,109021010,44.9530153,-0.6299029,33290001,Total Access,,Total Access
way,109021059,44.9555053,-0.6301540,33290003,E.Leclerc,E. Leclerc,Station Service E. Leclerc
way,109095220,48.9069475,2.1163860,78360002,Carrefour Market,Carrefour Market,Carrefour Market
way,109157382,45.9240655,1.0453530,,,,
way,109159324,45.9342228,1.0316491,87520002,Système U,,Station U
way,109188234,43.2613965,1.1157076,31220006,,SARL FONTENERGIE,24/24
way,109221048,46.4245725,-1.4951695,85560004,Intermarché,,Intermarché
way,109466220,46.4690370,-1.6290579,85440001,Système U,,Système U
way,109474190,46.4677265,-1.6285925,85440002,TotalEnergies,,Total
way,109481480,48.6133968,2.3771623,91000001,TotalEnergies,,Total
way,109530791,48.8229010,2.4945700,94500011,TotalEnergies,TotalEnergies,TotalEnergies - Relais du Tremblay
way,109542986,48.8198935,2.5312710,94500007,E.Leclerc,E. Leclerc,Station Service E. Leclerc
way,109571033,48.8301933,2.5615059,93160001,Total,,Total
way,109603206,43.8316957,-0.8116721,40400003,Intermarché,,
way,109796437,45.7588655,5.7040365,1300001,Carrefour,Carrefour,Carrefour
way,109803904,49.0901325,6.1263060,,,Stef,
way,109888766,43.5772810,3.8346303,34430001,TotalEnergies,Total,Station Total Beyssac
way,109929212,44.9046031,-0.7463636,33160003,Intermarché,Intermarché,
way,109949611,44.8839049,-0.6916996,33167001,E.Leclerc,,Station Service E. Leclerc
way,110056050,43.5507590,5.2019030,13580003,,,Relais de la Fare
way,110070443,43.4923165,5.2278947,13340001,Carrefour,,Carrefour
way,110076543,43.5103635,5.2055275,13340006,Avia,Avia,Avia
way,110206651,43.7651376,0.1679704,32190005,TotalEnergies,Total,Total
way,110229533,47.8247510,-1.8412675,35480002,Elan,,Elan
way,110279047,48.4574626,0.1262772,,Total,Total,Total
way,110283087,43.8637833,0.1073445,32800001,E. Leclerc,E. Leclerc,Station Service E. Leclerc
way,110291556,43.8623257,0.1015919,,,,
way,110491805,-22.2702790,166.4533187,,,Mobil,Mobil Vallée des Colons
way,110583390,45.5795235,5.9094125,73000007,Esso Express,Esso,Esso Express
way,110719872,50.6936075,2.8665020,,Total Contact,,Total Contact
way,110881260,50.4744325,2.5363460,62700003,Intermarché,,Intermarché
way,110904970,45.8038976,0.1393913,16330001,Intermarché,Groupement des Mousquetaires,Intermarché
way,111005478,48.8820710,2.6005870,77500008,Esso,,Esso
way,111033522,48.8697793,2.5891715,77500001,Auchan,,Auchan
way,111095332,48.7019213,6.2135252,54130001,,,Match
way,111111649,48.0798195,-1.8347928,35310002,Super U,,Super U
way,111129824,49.3524417,0.0611618,14800008,Avia,Avia,Avia
way,111132431,48.7054470,6.1915425,54220001,Esso Express,,Esso Express
way,111172324,46.1790645,-1.3273845,17630001,Intermarché,,Intermarché
way,111226382,47.9432435,-1.2329810,,TotalEnergies,,TotalEnergies
way,111229544,47.9474562,-1.2238269,35130003,Intermarché,,Intermarché
way,111275103,46.1583674,-1.3243624,17740001,Total,,Total
way,111295288,46.8455275,5.4770888,39230004,CocciMarket,,CocciMarket
way,111307526,49.3078965,6.1183760,57290002,E.Leclerc,E. Leclerc,E. Leclerc
way,111381370,48.3527621,-1.2364692,35133001,E. Leclerc,,E. Leclerc
way,111577974,49.3467610,0.0957650,,Carrefour,,Carrefour
way,111580681,49.3465465,0.0959150,14800006,Carrefour,,Carrefour
way,111725666,48.8725570,2.1070355,78160002,TotalEnergies,Total,TotalEnergies - Parc de Marly
way,112038850,48.7977650,2.6046720,,TotalEnergies,Total,Total Access
way,112053275,48.9572470,2.8848505,77100008,Esso Express,,Esso Express
way,112058490,48.9541807,2.9124916,77100025,Auchan,,Auchan
way,112058611,48.9574628,2.9169609,77100009,E.Leclerc,E. Leclerc,Station Service E.Leclerc
way,112059216,48.9490380,2.8797270,77100022,Total Access,Elf,Total Access
way,112096880,49.6348005,-1.6144695,50100007,TotalEnergies,Total,Total Access
way,112199399,49.6455768,-1.5979996,50110002,Esso Express,Esso,Esso Express Port de Cherbourg
way,112214205,49.6348170,-1.5913150,50110003,E.Leclerc,,Station Service E. Leclerc
way,112221971,49.6373050,-1.5958935,50110004,Intermarché,Groupe Les Mousquetaires,Intermarché
way,112250523,48.6018830,2.5607875,77176001,Esso,,Esso
way,112272253,49.6602285,-1.6862700,50460001,E.Leclerc,,Station Service E. Leclerc
way,112296240,48.7574627,2.6995661,77330003,E. Leclerc,Groupe E. Leclerc,E. Leclerc
way,112299164,48.7670961,2.6502824,77330004,Total,Total,Total
way,112304998,48.7634265,2.6745775,,,Groupe Casino,Franprix
way,112532203,44.0861730,6.0084545,4160004,Total Access,Total,Total Access
way,112534151,44.0746435,5.9926693,4160008,Avia,,Avia
way,112535213,44.0992238,6.0106850,4160002,TotalEnergies,,Total Energies
way,112741090,43.6118910,4.0054645,34130003,Intermarché,Groupement des Mousquetaires,Intermarché
way,112741451,43.5488340,3.9787725,34280005,Total,Total,
way,112826578,43.3384810,5.4203455,13013017,Total Access,,
way,112895792,45.5736860,5.9459730,73000001,Carrefour,Carrefour,Carrefour
way,112911682,44.4202882,5.7196119,,,,Yacco
way,113010787,43.6260480,0.8795982,32200001,Carrefour Market,Carrefour,
way,113035939,46.8389973,-1.4905529,85170010,Carrefour Contact,,Carrefour Contact
way,113056630,47.5985048,7.5521016,68300004,Total Access,,Total Access
way,113063818,48.6977180,2.6061580,77170004,Total,Total,Total
way,113064185,48.7029838,2.6011802,77170006,La Station U,,La Station U
way,113078887,48.5086160,2.6035800,77190004,E.Leclerc,E. Leclerc,Station Service E. Leclerc
way,113108729,48.7007658,2.6008834,77170013,Total,Total,Total Access
way,113125896,48.5593990,3.2863895,77160005,Eni,,Eni
way,113130252,48.5588315,3.3088923,77160003,Intermarché,Groupement des Mousquetaires,Intermarché
way,113147631,48.5337574,2.5333009,77310006,Esso,,ESSO
way,113216926,43.7772689,-0.1874350,32460001,Spar,Baquerisse SARL,
way,113247945,48.8774290,2.7294915,77400011,TotalEnergies,Total Access,Total Access
way,113325202,44.6499586,-1.1866880,33120007,Total,,Total
way,113335124,44.6523490,-1.1468280,33120003,Avia,,Avia
way,113447833,48.7472492,2.6146078,77150006,Carrefour,Carrefour,Carrefour
way,113458470,48.6176835,2.5478350,77127001,Carrefour,Groupe Carrefour,Carrefour
way,113481779,48.6128657,2.8846940,77229001,E.Leclerc,Groupement des Mousquetaires,E. Leclerc
way,113611206,44.7814175,1.7270336,46500006,Carrefour,Carrefour,Carrefour
way,113620042,47.0401450,6.0696895,25330001,Avia,,Avia XPress
way,113627199,44.7830913,1.7320813,46500001,TotalEnergies,,Total
way,113628504,44.7847127,1.7208612,46500003,E.Leclerc,E. Leclerc,Station Service E. Leclerc
way,113733221,48.7805795,2.0405140,78180010,TotalEnergies,,TotalEnergies Access - Relais Porte Sud
way,114027475,47.6412459,6.1440506,70000008,Intermarché,,Intermarché
way,114028706,47.6308160,6.1681405,70000004,Super U,,Super U
way,114186794,49.0126649,2.2489489,95320006,TotalEnergies,,TotalEnergies Access
way,114222937,44.5477020,4.8064480,26740005,Avia,,Avia
way,114264484,48.7399951,2.7766277,77220005,Carrefour,,Carrefour
way,114283422,48.5257015,2.6946890,77000003,Carrefour Market,,Carrefour
way,114321222,44.4793716,4.2479446,7260001,Carrefour Market,Carrefour,Carrefour
way,114406668,48.7844055,2.0599645,78280004,TotalEnergies,Total,TotalEnergies Access - Relais Les Saules
way,114485445,43.5336165,1.2272870,31470004,Intermarché,,Intermarché
way,114489203,46.8281150,5.5668490,39230001,Maximarché,,Maximarché
way,114788633,46.9014219,6.3336390,25300007,GME,,
way,114954763,43.9023420,4.8033885,13870001,Système U,,Station U
way,115163191,48.8153735,3.0796650,77120005,,Groupement des Mousquetaires,
way,115165659,48.8043995,3.0925519,77120003,E.Leclerc,E. Leclerc,Station Service E. Leclerc
way,115196829,48.3955360,2.7994480,77430001,Carrefour,,Carrefour Market
way,115249122,43.9172808,-0.9151018,40370003,E.Leclerc,E. Leclerc,Station Service E. Leclerc
way,115324337,48.8507257,2.6557511,77200001,Total,Renault,Total
way,115337535,48.5190505,3.2388925,77650001,,Groupement des Mousquetaires,
way,115416002,48.8144343,2.6322565,,,,
way,115416862,48.8284374,2.6438144,77183001,Intermarché,Groupement des Mousquetaires,
way,115425651,48.8085122,2.6170454,77184004,Intermarché,Groupement des Mousquetaires,Intermarché
way,115516258,43.9277149,-1.2557768,40260006,E.Leclerc,E. Leclerc,Station Service E. Leclerc
way,115894466,48.5980948,6.4922579,54300006,E.Leclerc,E. Leclerc,Station Service E. Leclerc
way,115897989,46.8589204,0.9392246,37290002,TotalEnergies,,Total
way,116082536,48.8274900,2.7035660,77164002,Intermarché,,Intermarché
way,116090603,48.9438077,3.1209184,,Total,,Total énergie
way,116093195,48.9383794,3.1286546,77260004,E.Leclerc,E. Leclerc,Station Service E. Leclerc
way,116099359,48.9436955,3.1211927,77260009,TotalEnergies,,Total énergie
way,116109411,49.0266110,3.0238825,77440001,Intermarché,Intermaché,Intermarché
way,116138418,48.8514364,2.6234211,77186003,TotalEnergies,,Total
way,116139057,48.8405425,2.6208760,77186001,TotalEnergies,,Total
way,116143814,48.9577875,2.9404956,77100023,Total Access,Total,Total Access
way,116147677,43.7738880,-0.5673355,40500002,Intermarché,Groupement des Mousquetaires,Intermarché
way,116149523,43.7490645,-0.5648530,40500001,Carrefour,,Carrefour Market
way,116167317,49.0356899,2.8014241,77165002,Carrefour Market,,Carrefour Market
way,116181300,48.7576216,2.0818718,,,,
way,116190429,46.6110364,4.6713420,71460001,Avia,,Avia
way,116195923,48.8530248,2.7770802,77700001,Auchan,,Auchan
way,116231743,48.7698207,2.4085772,94600005,Intermarché,Groupement des Mousquetaires,Intermarché
way,116265664,47.8360970,-1.3245335,,,,Garage Pelhate
way,116277919,51.0241854,2.3672841,59210004,Intermarché,Groupement des Mousquetaires,Intermarché
way,116329773,48.9051937,2.6411662,77410009,Total,Total,Relais Total De Villevaudé
way,116483079,45.7818485,5.0061665,69330005,Intermarché,Groupement des Mousquetaires,Intermarché
way,116483939,45.7680525,4.9874390,69882001,E.Leclerc,E. Leclerc,Station service E. Leclerc
way,116579741,48.7372310,6.1624490,54250001,,,Supermarché Match
way,116664827,46.2171885,5.2128835,1440003,Avia,,Avia
way,116879356,48.1963925,-2.0393410,35360001,Intermarché,Groupement des Mousquetaires,Intermarché
way,116923663,48.5560171,-3.1513311,22203001,E.Leclerc,E. Leclerc,Station Service E. Leclerc
way,116986623,48.5857500,2.4503660,91814001,Carrefour,,Carrefour
way,116986668,48.5950918,2.4417184,91100014,TotalEnergies,,TotalEnergies
way,116986670,48.5942915,2.4439775,91100015,TotalEnergies,Total,Relais Total de Villabé
way,117053127,47.1326110,4.9668410,21700001,Carrefour,,Carrefour
way,117213237,46.1883970,-1.0688960,17139001,Super U,Système U,U Express Dompierre-sur-Mer
way,117269925,48.7258652,-3.4487805,22300002,E.Leclerc,,E. Leclerc
way,117490921,47.0961815,4.9124790,21700005,Total,,Total contact
way,117523272,47.0416670,4.8439463,21200005,E.Leclerc,,Station Service E.Leclerc
way,117659518,47.2542699,3.6822205,58800002,,,Station service - Weldom
way,117727807,47.3384120,5.0362245,21121007,Total Access,Total,Total Access
way,117730966,47.3367455,5.0324075,21121003,Intermarché,,Intermarché
way,117844823,48.7623218,2.0423281,,BP,,BP
way,117869453,47.6228165,4.3527140,21500002,Total,Total,Station-Service Total
way,118094392,48.5662475,2.4424245,91540005,BP,,Bp
way,118140983,48.7605162,0.6420314,61302001,E.Leclerc,E. Leclerc,Station Service E. Leclerc
way,118163398,45.7349585,4.7755955,69340001,Carrefour,Carrefour,Station Carrefour Francheville
way,118202043,44.7652640,-0.4856590,33360002,Super U,Super U,Station U
way,118220652,47.2517029,-0.0823745,49400007,Total Access,Total,Total Access
way,118230583,45.9418107,4.4344721,,,,Garage Rosset
way,118284065,49.8579237,0.6931829,76460002,E.Leclerc,E.Leclerc,E.Leclerc
way,118335010,45.7485550,6.2884510,74210001,Carrefour Market,,Carrefour Market
way,118697321,47.4124880,5.8121305,70700004,Intermarché,Groupement des Mousquetaires,Intermarché
way,118744505,47.5955565,1.3009775,41000020,Carrefour,,Carrefour
way,118750547,45.7963120,5.0493675,69330002,Carrefour Market,,Carrefour Market
way,118845201,43.5499497,6.9717071,6150005,Intermarché,,Intermarché
way,118856810,51.0289250,2.3584795,59430002,Esso,,Esso
way,118898707,48.8301213,7.4900800,67330001,,,Supermarché Match
way,118980611,46.0546895,4.0858780,42300013,,,Petrol Polygone
way,118984176,45.3493185,5.9460930,38660002,E.Leclerc,,Station-service
way,119162252,48.0532284,-2.9574571,56300005,Intermarché,Groupement des Mousquetaires,
way,119192985,45.4620819,4.4947903,42400004,E.Leclerc,E. Leclerc,E. Leclerc
way,119231932,49.1562940,-0.3453085,14123008,Total,,Total
way,119235168,49.1407195,-0.3368540,14123004,E.Leclerc,,E. Leclerc
way,119257828,44.9116884,-0.6251254,33290009,Total Access,,Total Access
way,119319203,47.2349776,-0.7236611,49120004,E. Leclerc,E. Leclerc,
way,119326344,49.1644675,-0.4213410,14760002,,,Relais Du Virois
way,119342373,16.3079265,-61.7941616,,CAP,,CAP
way,119346271,16.3212255,-61.7864406,,Total,,Total
way,119357377,49.1629690,-0.2975551,14125001,Carrefour,Carrefour,Carrefour
way,119359101,49.1730906,-0.3263022,14120001,Super U,,Super U
way,119380768,47.3470720,5.1805078,21560001,Système U,,Station U
way,119454114,48.7786240,-3.0575280,22500004,E.Leclerc,,Station Service E. Leclerc
way,119513523,47.3958024,0.7877472,37700004,E.Leclerc,,Station Service E. Leclerc
way,119606956,49.1608128,-0.3988932,14111001,Intermarché,Groupement des Mousquetaires,Intermarché
way,119635529,16.2258722,-61.7854021,,Vito,,Vito
way,119830291,46.1698865,-1.1261185,17000005,E.Leclerc,E. Leclerc,Station Service E.Leclerc
way,119896223,14.7370987,-61.1765795,,Esso,,Esso
way,119954136,48.6856645,6.2193490,54510001,Auchan,,Auchan
way,120173268,45.5857168,5.2645697,38300004,Esso,Esso,Esso Express
way,120178906,45.5857690,5.2665348,38300018,Total,Total,TotalEnergies
way,120187821,48.7078046,6.2354592,54270002,Esso Express,,Esso Express
way,120221355,16.1289393,-61.7696083,,Vito,,Vito
way,120738304,47.3560545,3.3872550,58210001,Avia,,Avia Express
way,120836763,47.8359265,7.3949310,68390004,TotalEnergies,Total,Relais Total De Battenheim
way,120867729,43.4197374,1.3737029,31600001,Super U,Super U,Super U
way,120889447,43.5289270,6.4720600,83300001,Total,,
way,120893451,43.5267514,6.4546443,83300003,Carrefour,,Carrefour Draguignan
way,120894779,43.5291230,6.4713795,83300004,Avia,,
way,120967523,43.4050040,6.0829225,83170010,Intermarché,,
way,120967777,43.4096915,6.0618953,83170014,Auchan,,Auchan
way,120972458,43.4067241,6.0499336,83170007,E. Leclerc,E. Leclerc,
way,121000025,48.8098516,2.4336053,94700008,Total,Total,Total
way,121005107,48.3131431,2.0752555,91660001,Intermarché,Groupement des Mousquetaires,
way,121034434,48.1598760,2.2331430,45300006,Intermarché,Groupement des Mousquetaires,Intermarché
way,121131462,43.3847495,5.3583511,13015004,Esso Express,,Esso Express
way,121216211,43.2683966,0.1063088,65800002,E. Leclerc,E. Leclerc,
way,121276085,45.8265787,-1.0955695,17320003,Intermarché,Groupement des Mousquetaires,Intermarché
way,121433394,48.3071744,6.1336095,88500006,Avia,AVIA,Avia
way,121560909,45.9605955,-0.8349590,,Avia,,Avia
way,121577835,46.7897453,4.8611837,71100030,Eni,,Eni
way,121579142,46.7727839,4.8594940,71100002,Carrefour,,Carrefour
way,121580348,46.7973628,4.8355450,71100031,Intermarché,,
way,121582469,46.7982371,4.8477212,71100003,Carrefour,Carrefour,Carrefour
way,121682128,48.1883229,5.8830777,88140003,E.Leclerc,E. Leclerc,Station Service E. Leclerc - Poids lourds
way,121683171,48.1884891,5.8833909,88140003,E.Leclerc,E. Leclerc,Station Service E. Leclerc - Véhicules légers
way,121694388,45.9511649,-0.8964701,17430001,Super U,,Super U
way,121709120,48.8509069,2.5343191,93160005,Esso Express,,
way,121737466,47.3100105,5.1064535,21800002,Carrefour,,Carrefour
way,121755289,46.9112918,5.7700574,39600001,Avia,,Avia Xpress
way,121764813,46.2413285,6.0282150,1630001,Carrefour,,Carrefour
way,121894821,48.2393136,1.0815179,28160004,Esso,,Esso
way,121915934,45.8693221,-0.3277885,17160003,Casino,,Casino
way,121996950,45.8947250,-0.6033705,17350006,Eni,,Eni
way,122330008,43.2355960,0.0550900,65000011,Carrefour Market,Carrefour Market,Carrefour Market
way,122340188,43.2196630,0.0800078,65000007,E.Leclerc,E. Leclerc,Station Service E. Leclerc
way,122466090,42.7036956,9.4422931,20200016,,,Station Vito Fangu
way,122466136,42.6764850,9.4445512,20600007,Eni,Esso,Eni
way,122466156,42.6792905,9.4431037,20600014,Vito,,Vito
way,122467395,42.6752608,9.4443443,20600015,Vito,Vito,Vito
way,122467426,42.6808858,9.4436256,20600002,,,Station Vito
way,122469115,42.6741166,9.4436826,20600006,TotalEnergies,Total,Relais Total de l'Arinella
way,122470188,42.6900361,9.4468709,,,,
way,122476130,43.6566505,3.1501838,34260001,Intermarché Contact,Groupement des Mousquetaires,
way,122534300,47.6745332,-2.0640221,35600003,Intermarché,Anjou Beaulieu,Intermarché Hyper
way,122581816,48.6164625,6.1753170,54710001,Intermarché,,Intermarché
way,122781108,45.7763440,4.9903885,69330003,Esso,,Esso
way,122904196,45.5880138,-0.0495215,16120001,Super U,CHATEAUDIS,Station U
way,122927031,48.4670545,-2.5207200,22400001,Carrefour,,Carrefour Market
way,123360974,45.5741925,-0.5610220,17800004,E.Leclerc,E. Leclerc,Station Service E. Leclerc
way,123506994,47.6207553,-2.9117032,56870001,,Carrefour,
way,123646740,47.6688010,-2.9610340,56400001,Carrefour,,Carrefour Market
way,123713401,50.4501130,2.7201055,62160004,Intermarché,,Intermarché
way,123714112,50.4476562,2.7209123,62160002,Carrefour,Carrefour Market Bully-les-Mines,Carrefour - Station Service
way,123784027,45.6792495,-0.9148900,17600001,Super U,,Super U
way,123784431,48.0928125,-1.7823225,35650003,Intermarché,,Intermarché
way,124102164,46.4936543,5.3835909,71480001,Système U,,Station U
way,124234690,46.9555801,4.3118531,71400013,Total Access,Total,Total Access
way,124396563,44.4001341,0.2989920,47400002,E. Leclerc,E. Leclerc,Station Service E. Leclerc
way,124452706,44.2868204,4.9428927,26790003,Système U,,Système U
way,124570693,45.1533767,1.5339135,19100014,Esso,,Esso
way,124579965,45.1524587,1.5045237,19100001,Auchan,,
way,124580078,45.1457554,1.4818672,19316001,Carrefour,,Carrefour
way,124592254,45.1666970,1.5466351,19100011,E.Leclerc,,Station Service E. Leclerc
way,124592669,45.1644780,1.5039939,19100010,Intermarché,,Intermarché
way,124615241,45.1551101,1.5141128,19100016,Total Access,,Total Access
way,124617884,48.4348850,0.0983070,61000006,Carrefour,,Carrefour
way,124619629,48.4398515,0.1049330,61000005,Esso Express,,Esso Express
way,124626427,44.3621464,2.5662607,12000016,Intermarché,Janeli 2,Intermarché
way,124628792,46.0321739,4.0671956,42300001,Carrefour Market,,Carrefour Market
way,124745225,46.8082486,4.4289511,71200011,Carrefour,,Carrefour
way,124870782,45.7325337,4.9083386,69500013,Intermarché,,Intermarché
way,125025305,16.2516695,-61.2776422,,Total,,Total
way,125026747,16.2563917,-61.2754452,,Vito,,Vito
way,125043903,16.2217297,-61.5231674,,Total,Total,Total
way,125047859,16.2116991,-61.5000165,,Vito,,VITO
way,125052675,16.2156943,-61.5034437,,Vito,,Vito
way,125059725,46.0823647,6.7242854,,Total,,Total Contact
way,125060215,16.2084448,-61.4700578,,Vito,,Vito
way,125075631,45.7805705,4.8004162,69009003,Esso,Esso Express,Esso
way,125155882,47.7050031,6.6818349,70270002,Intermarché,Intermarché,Intermarché
way,125216521,49.8427847,3.3235710,2100009,E.Leclerc,,E. Leclerc
way,125248300,47.9402866,0.1830222,72230007,Super U,Super U,Super U
way,125258116,16.3259989,-61.6905948,,Esso,,Esso
way,125259691,16.3320319,-61.6961075,,Vito,,VITO
way,125322754,16.2701145,-61.6326905,,,,
way,125325104,16.2773913,-61.6635094,,Vito,,Vito
way,125383220,47.2330100,4.9831095,,,,
way,125385195,14.4846983,-60.9943529,,WIP,,WIP
way,125415620,43.6551966,4.0000090,34670001,Intermarché,Groupement des Mousquetaires,Intermarché
way,125423815,47.6501255,-2.7218248,56860004,Total,Total,Total
way,125424551,47.6249270,-2.7291375,,Total,,Total
way,125466139,50.5643650,2.8992405,59184002,Carrefour,,Carrefour
way,125474588,47.0611010,3.9360192,58120001,Avia,,Avia XPress
way,125549368,49.5092926,0.2255431,76700005,E.Leclerc,,E. Leclerc
way,125558595,50.5325380,3.0462350,59113011,Esso,Total,Esso
way,125560339,50.5289130,3.0456560,59113013,Eni,,Eni
way,125562259,50.5461125,3.0496951,59113009,Total Access,Elf,Total Access
way,125640451,46.7527990,4.4676050,71210010,Avia,,Le Relais de Montchanin
way,125713173,47.3324155,5.0925970,21850002,,Groupement des Mousquetaires,
way,125801850,50.9556270,1.8644995,62100019,BP,BP,Station BP
way,125828014,45.8008940,4.7858620,69410006,Eni,,Eni
way,125874184,46.4368787,4.9528429,1190001,Avia,Avia,Avia
way,125931021,48.5300920,-2.0118645,22490001,Super U,,Super U
way,125975243,47.9811827,0.2734132,72560001,Independent,Super U,
way,126069441,47.3637415,5.0470845,21000025,Total,Total,Relais Total De La Rocade
way,126072090,47.3424825,5.0451970,21000009,Esso,Esso,Esso
way,126072675,47.3583640,5.0474735,21000001,,,Station service Carrefour
way,126077782,46.2107984,6.6725471,74430001,Carrefour Market,Carrefour,Carrefour Market
way,126103371,48.7582125,2.3473838,94150005,TotalEnergies,,Total
way,126105387,48.7540173,2.3618882,94150008,Esso,Esso,Esso
way,126105403,48.7531989,2.3611873,94150009,Esso,Esso,Esso
way,126124938,45.6536680,4.7931380,69390001,Total,,Total
way,126130093,48.7489963,2.3559941,94150006,TotalEnergies,Total Energies,Total Access - Relais Rungis Lindbergh
way,126200471,48.2921182,-0.9268207,53500004,Carrefour,,Carrefour
way,126208987,44.3224923,3.0639310,,Netto,,Netto
way,126237780,46.7660310,4.8422745,71100027,TotalEnergies,,Total
way,126292912,45.8846775,0.5753725,16270003,Intermarché,Groupement des Mousquetaires,Intermarché Super
way,126360297,46.3102575,4.8134120,71850001,Carrefour Market,,Carrefour Market
way,126371109,46.7963635,4.8112485,71880002,Carrefour,Carrefour,Carrefour
way,126371195,49.2779043,-0.1348142,14390001,Carrefour Market,,Carrefour Market Cabourg
way,126422561,45.6102535,0.4528710,16380001,Avia,,Avia
way,126500203,43.8872105,-0.5134772,40000011,Esso Express,,Esso Express
way,126527569,45.6648367,0.5009454,16220001,Intermarché,Groupement des Mousquetaires,Intermarché
way,126555036,46.3306695,4.8282640,71000009,E. Leclerc,E. Leclerc,
way,126620087,46.0848175,6.7055445,74340001,Carrefour Market,Carrefour,Station Samoens
way,126725994,46.7460016,4.8508672,71100019,AS 24,,AS 24
way,126765992,46.6275410,3.7365610,71140003,Intermarché,Groupement des Mousquetaires,Intermarché Super
way,126767239,46.6232545,3.7588630,71140001,Avia,,Avia XPress
way,126927300,47.4814061,-0.5736066,49100002,E.Leclerc,,Station Service E. Leclerc
way,126943206,47.4570624,-0.5716526,49000014,Total,Total,TotalEnergies - Relais Baumettes B
way,126955146,47.4670315,-0.5259275,49000016,Auchan,,Auchan
way,127032968,45.8474740,5.0473811,1120005,Intermarché,Groupement des Mousquetaires,Intermarché
way,127199382,43.6749489,3.9825441,34160003,Carrefour Contact,,Carrefour Contact
way,127510736,46.2078730,5.2371300,1000016,TotalEnergies,,Total Énergie
way,127512383,46.1954274,5.2286465,1000009,Intermarché,Groupement des Mousquetaires,Intermarché
way,127612158,49.9783942,1.9383910,80270001,Carrefour,,Carrefour
way,127614297,46.9874018,3.1627485,58000010,Esso,,Esso
way,127714099,46.5967358,4.0516672,71130005,,Total,
way,127751536,44.0034591,1.3555943,82000006,E.Leclerc,E. Leclerc,Station Service E. Leclerc
way,127795819,44.0222239,1.3792243,82000011,Intermarché,Groupement des Mousquetaires,Intermarché
way,127866593,43.6686311,1.5160632,31180001,E. Leclerc,E. Leclerc,Station Service E. Leclerc
way,127939676,48.4024625,-1.3287625,,Elan,,Elan
way,127961862,44.2454103,6.6227023,4260002,,,Le Relais de Rochecline
way,128062134,44.3902596,6.6683379,4400005,TotalEnergies,,Station des 5 cols
way,128174652,47.2180877,6.5424094,25510002,bi1,,bi1
way,128188413,44.9293121,-0.2403069,33500004,E.Leclerc,E. Leclerc,Station Service E. Leclerc
way,128312441,49.9046135,3.6454405,2120004,Intermarché,Groupement des Mousquetaires,Intermarché
way,128388724,46.0315545,0.2046385,16700004,Intermarché,,Intermarché
way,128510737,46.3307378,-0.4688933,79004001,E.Leclerc,E. Leclerc,Station Service E. Leclerc
way,128529307,48.5608720,-3.1247995,22200004,Intermarché,Groupement des Mousquetaires,Intermarché
way,128582463,16.2308526,-61.5909827,,Vito,Vito,Vito
way,128583877,16.2316437,-61.5912678,,Total,Total,Total
way,128584107,16.2058064,-61.6040036,,Esso,,Esso
way,128584791,16.2059789,-61.6513282,,Total,,Total
way,128624686,45.7325475,4.6720911,69670002,Esso,,Esso
way,128730097,46.7452660,5.4505574,39140003,Système U,,Station U
way,128742405,43.6960610,4.2007990,30470004,Total Access,Total,
way,128760694,48.5040125,-4.0724890,29403001,E.Leclerc,Landi Distribution,E. Leclerc
way,128946713,45.6432765,4.2331365,42210001,,,Station libre-service
way,129010006,47.1290563,4.4888691,21230007,Eni,Eni,Eni
way,129010644,47.1311657,4.4797005,21230006,Avia,,Avia
way,129010776,47.1315213,4.4905264,21230005,Carrefour Contact,,Carrefour Contact
way,129043985,43.6376522,-1.4263459,40130004,Intermarché,Groupement des Mousquetaires,Intermarché
way,129044806,43.6453945,-1.4266495,40130003,E.Leclerc,E. Leclerc,Station Service E. Leclerc
way,129050613,47.2440626,5.9841051,25000026,,,Évole Énergies
way,129236850,48.5998510,2.4343765,91090001,Intermarché,Groupement des Mousquetaires,Intermarché
way,129294662,43.4990870,2.3690265,81200003,Intermarché,,
way,129330778,43.0304565,2.9652655,11130001,Intermarché,,Intermarché
way,129679791,43.7150295,7.1171345,6140004,Total,,Station La Rocade
way,129739522,45.1442137,5.3054970,38160002,E.Leclerc,E. Leclerc,Station Service E. Leclerc
way,129770933,48.5580785,-0.4191865,,TotalEnergies,,Total
way,129771551,48.5500820,-0.4023455,61140004,Intermarché,,Intermarché
way,129817931,-22.2273227,166.5034181,,Mobil,,Station Mobil Conception
way,129817933,-22.2253994,166.5078908,,,,Station Total Robinson
way,129836650,47.0045429,3.3991296,58270001,Intermarché,,Intermarché
way,130010243,48.7265565,2.0825943,78114001,Intermarché,,Intermarché
way,130028432,44.4002803,0.6142357,47140001,Intermarché,,Intermarché
way,130083768,43.6737339,7.1229572,6480002,E. Leclerc,E. Leclerc,Station Service E. Leclerc
way,130239324,49.8477230,3.3015912,2100019,Intermarché,Groupement des Mousquetaires,Intermarché Super
way,130256726,49.8439230,3.2791615,2100008,Esso,,Esso
way,130316992,49.1306430,0.2248420,14100007,Intermarché,,Intermarché
way,130321265,49.1446762,0.2654984,14100003,E.Leclerc,,E. Leclerc
way,130362452,16.3345815,-61.3499622,,Esso,,Esso
way,130376597,16.3341045,-61.3554579,,Vito,,Vito
way,130489557,43.4318129,6.8056173,83700004,E. Leclerc,E. Leclerc,Station service E. Leclerc
way,130503755,49.3727521,6.2187949,57970002,Intermarché,Groupement des Mousquetaires,Intermarché
way,130587261,45.6413800,5.1364425,38290003,Total,,
way,130591896,-21.2832159,55.5184067,,,,Ngen Balbolia
way,130692462,43.5889164,-1.4280527,40530003,Intermarché,Intermarché,Intermarché
way,130780745,48.7438257,6.1491433,54390001,E.Leclerc,E. Leclerc,Station Service E. Leclerc
way,130805243,-22.2458200,166.4625187,,,,Total Riviéra
way,130828535,44.1171405,4.1074480,30100007,E.Leclerc,E. Leclerc,Station Service E.Leclerc
way,130830797,44.1390995,4.0890825,30100012,,Groupement des Mousquetaires,Station-Essence Intermarché
way,130914752,45.1657480,6.4324850,73450001,Elan,Elan,
way,131086305,45.6234545,6.7808648,73700001,Système U,Super U,Station U
way,131088157,45.6239715,6.7802190,73700005,Intermarché,Groupement des Mousquetaires,Intermarché 24/24
way,131125101,16.2445042,-61.5548004,,,wip,wip
way,131125722,16.2371458,-61.6288577,,Vito,,Vito
way,131128562,16.2338282,-61.5536733,,Total,,Total Pointe Jarry
way,131128688,16.2539095,-61.5879833,,TotalEnergies,,Total
way,131129821,16.2543982,-61.5634021,,Total,Total,Total
way,131130371,16.2407725,-61.5848180,,Vito,,Vito
way,131130412,16.2408693,-61.5688054,,Esso,,Esso
way,131131573,16.2544247,-61.5583326,,Esso,,Esso
way,131134582,16.2538901,-61.5633674,,Total,Total,Total
way,131140093,48.5688694,2.1628584,91650001,Carrefour Market,,Carrefour Market
way,131216031,45.2858124,6.8842618,73480001,Avia,Avia,Avia
way,131357055,45.6345150,4.2389230,42210003,,,Michalon
way,131398707,48.9039349,2.1671295,78420004,BP,,Esso Express
way,131435565,-21.3309067,55.4719386,,TotalEnergies,yes,TotalEnergies
way,131459147,16.0241705,-61.7015039,,Total,,Total
way,131521639,48.9327739,2.1816465,78800006,TotalEnergies,Total Access,TotalEnergies Access Relais la Vaudoire
way,131526827,48.9218726,2.2026473,78800004,Esso Express,,Esso Express
way,131701695,48.1933471,-2.7573847,22600006,Super U,,Station Service Super U
way,131772611,49.0498970,2.5006690,95380001,Auchan,,Auchan
way,131854134,48.3048463,4.0725654,10000020,Total Access,Total,Total Access
way,132086803,48.7009064,7.3747878,67441001,E.Leclerc,E. Leclerc,Station Service E. Leclerc
way,132136831,49.2853803,-0.7042476,14400009,,Carrefour,
way,132298504,48.8920935,1.6785032,78790001,Carrefour Contact,,Carrefour Contact
way,132383665,45.0572570,6.0347365,38520005,Intermarché,,Intermarché
way,132384424,45.0670541,6.0214411,38520001,Total,Total,
way,132585011,48.9762189,2.0464157,78570005,Intermarché,,Intermarché
way,132625377,49.1498183,6.1850259,57140005,Esso,Esso,Esso aire de la Maxe
way,132968612,42.6927272,2.6866986,66170001,,Groupement des Mousquetaires,
way,133005542,47.6725122,6.5115525,70200005,,Groupe des Mousquetaires,
way,133009446,47.6840340,6.5187185,70200004,E.Leclerc,E. Leclerc,E. Leclerc
way,133223923,43.3464645,3.2412730,34500028,Total,,Total Access
way,133273632,43.3542768,3.2291498,34500026,TotalEnergies,Total Access,TotalEnergies
way,133277655,43.3546325,3.2219975,34500025,Total,,Total
way,133351030,46.7789590,4.4413840,71210001,Géant Casino,,Géant Casino
way,133351581,46.7874247,4.4461071,,,,
way,133407287,48.7908344,1.6285016,78550006,Intermarché,Groupement des Mousquetaires,Intermarché
way,133443937,46.1378610,3.4362160,3300003,Station U,Coopérative U,Station U
way,133446934,46.1382102,3.4479420,3300001,Carrefour Market,,Carrefour Market
way,133455205,43.3400622,3.2637843,34500030,E.Leclerc,E.Leclerc,
way,133456013,43.3375040,3.2385375,34311001,E.Leclerc,,Station Service E.Leclerc
way,133458680,43.3315310,3.2474200,34500027,Total,Total,Total Access
way,133470278,43.3661180,3.2085180,34500023,Intermarché,,Intermarché
way,133552838,45.7409469,4.6917395,69290002,E.Leclerc,E. Leclerc,Station service E. Leclerc
way,133640043,46.7142365,4.8641730,,,,
way,133852303,43.2866320,3.1277326,,Franprix,Franprix,
way,134077873,43.1339429,5.9810299,83160008,Auchan,,Auchan
way,134088260,48.9759963,1.9954303,78540001,Carrefour Market,,Carrefour Market
way,134232824,49.4821020,5.2023555,55700005,Intermarché,Groupement des Mousquetaires,Intermarché
way,134431691,49.2140880,6.1699756,57280003,E.Leclerc,E. Leclerc,Station Service E. Leclerc
way,134444214,46.6770880,4.3718240,71300001,Casino,Casino,Casino
way,134455038,45.9427526,4.7153223,69480002,Avia,,Avia
way,134539428,43.0152780,3.0499200,11210002,Super U,,Super U
way,134562439,46.6013430,-1.6565355,85150003,Avia,Brétéché Ouest,Station Service Avia Brétéché
way,134747825,50.4141430,1.6092676,62180002,Intermarché,Groupement des Mousquetaires,Intermarché
way,134829327,47.4854237,-0.5116014,49124001,Super U,,
way,134882204,46.5172140,3.6914870,3290002,Système U,,Station U
way,134882299,46.5285525,3.6693508,3290001,Avia,Avia,Avia
way,134888276,46.5842509,3.0615965,3160001,,Carrefour,
way,135019942,47.7013886,-0.0557794,72200004,E.Leclerc,E. Leclerc,Station Service E.Leclerc
way,135075371,47.2222827,-1.6031788,44802001,Carrefour,Carrefour,Carrefour
way,135075405,47.2473936,-1.6079746,44800001,Auchan,Auchan,Auchan
way,135194656,49.0208425,6.3805720,57580002,U,Super U,Station Super U
way,135404691,48.0710731,7.2974228,68920001,Auchan,Auchan,Auchan
way,135514635,47.8338440,5.3361697,52200004,E.Leclerc,E. Leclerc,E. Leclerc
way,135533221,48.6796590,-1.3403830,50304001,E.Leclerc,,E. Leclerc
way,135539126,49.3261450,2.4634410,60140003,E. Leclerc,E. Leclerc,
way,135605361,48.6467145,2.3351616,91700006,Total,,Total
way,135685377,47.7189985,-3.3349805,56670001,Intermarché,Groupement des Mousquetaires,Intermarché
way,135796434,45.8126385,4.6010855,69210004,Esso Express,,Esso express
way,135816924,43.4074784,3.7046584,34200002,Carrefour Market,,Carrefour Market
way,135818564,43.4038048,3.6627111,34200012,Avia,,
way,135820850,43.4099225,3.6688830,34200001,Auchan,Auchan,C.c. Auchan
way,135825099,43.4117929,3.6906326,34200013,TotalEnergies,,Total Access
way,135834705,45.8372060,4.6123400,69210003,Total,,Total
way,135924432,48.5995440,-2.2865350,22550001,Station U,,Station U
way,135942313,49.7493790,0.4035080,76400001,Carrefour,,Carrefour Market
way,136138114,48.5997790,2.2397929,91290006,TotalEnergies,,TotalEnergies
way,136410517,45.8561330,4.7042940,69380004,E.Leclerc,E. Leclerc,Station service E. Leclerc
way,136638053,45.7365974,-0.6490171,17100008,Intermarché,,Intermarché
way,136642232,45.7417240,-0.6490997,,,,
way,136643440,45.7393776,-0.6421914,17100011,Esso,,Station Esso
way,136644906,49.9088310,1.1078628,76370004,E.Leclerc,,
way,136738887,46.4650039,-0.8227152,85202001,E.Leclerc,E. Leclerc,Station Service E.Leclerc
way,136755666,49.1078080,6.1189360,57160002,Carrefour Market,,Carrefour Market
way,136769783,49.4162652,0.2589942,14600003,E. Leclerc,E. Leclerc,Station Service E. Leclerc
way,136774607,49.4131735,0.2502700,14600007,TotalEnergies,,Total Access
way,136799335,45.9973400,4.7334000,69658001,Carrefour,Carrefour,Station Essence Carrefour
way,136804467,45.9796925,4.7173925,69400014,Total Access,Elf,Total Access
way,136931377,45.8235105,4.6072425,69210005,Super U,,
way,137140526,48.4536040,1.4721410,28300004,Intermarché,Groupement des Mousquetaires,Intermarché
way,137349185,48.6155465,6.0916065,54230002,Intermarché,,Intermarché
way,137358560,45.5896022,4.6665863,,,,
way,137384713,48.0802259,7.3789526,68000012,E.Leclerc,E. Leclerc,Station Service E. Leclerc
way,137467380,48.6945513,6.1308574,54520004,Avia,,Avia Xpress
way,137760804,14.6084799,-61.0944832,,Esso,,Esso
way,137768028,14.6084376,-61.0952423,,Total,,Total
way,137994819,49.3209860,2.7006655,,,,XPO
way,137994980,49.3195795,2.7000930,,,,IDS
way,138070884,45.8904115,4.4456460,69170004,TotalEnergies,,TotalEnergies
way,138072481,45.8906820,4.4427955,,,,
way,138665000,43.7100537,7.1884180,6201002,E.Leclerc,,E. Leclerc
way,139065338,43.5890023,-0.7479100,,,,Garage Pierre Basque Agent Renault Dacia
way,139355710,49.3645227,1.0140701,76530003,Intermarché,Intermarché,Intermarché
way,139360181,49.3537371,1.0297775,76530002,Esso Express,Esso express,Esso Express
way,139364750,50.0997748,1.8567810,80100002,Super U,U,Station U
way,139461274,43.6675803,4.6347349,13200009,Intermarché,Groupement des Mousquetaires,Intermarché
way,139566261,48.7935761,2.4156874,94400004,E.Leclerc,,
way,139906051,43.7269920,7.2827165,6000029,Total,,Total
way,139999375,48.1015502,7.4662553,68320001,Total,Grage Fuchs,Total
way,140102591,43.7461139,-0.7575365,40250001,Carrefour,,Carrefour Contact
way,140176368,46.4916020,5.2439698,71480005,Avia,,Avia
way,140610977,43.0920890,6.0790850,83320002,Intermarché,,Intermarché
way,140897834,49.9125001,2.3377759,80136001,E.Leclerc,E. Leclerc,E. Leclerc
way,140919690,48.9637493,2.5645249,93290006,Total Access,,Total Access
way,141063519,45.0917779,1.9311995,19400006,Intermarché,,Intermarché
way,141237040,50.4188877,2.9289701,62640003,Intermarché,,Intermarché
way,141263955,45.1908168,6.6422924,73500005,Intermarché,,Intermarché
way,141264899,50.4241045,2.9179680,62740001,Total,,Total
way,141286652,45.9834990,4.6995935,69400008,E. Leclerc,E. Leclerc,Station service E. Leclerc
way,141393681,48.2320151,7.4044425,67600003,E.Leclerc,E. Leclerc,Station Service E.Leclerc - Véhicules légers
way,141393682,48.2314213,7.4045773,67600003,E.Leclerc,E. Leclerc,Station Service E.Leclerc - Poids lourds
way,141437442,49.3067195,2.5928190,60700002,Intermarché,,Intermarché
way,141675684,46.0533465,4.7214765,69830003,E.Leclerc,E. Leclerc,Station service E. Leclerc
way,141837935,48.9241130,2.4860220,93600020,,,3V Station
way,141946333,48.9108410,2.5154730,93320002,Total,,Relais Aristide Briand
way,142205483,44.8353985,0.2182550,33220003,Station-service de La Trapelle,,Station-service de La Trapelle
way,142215920,43.7070869,7.2926979,6000026,Total,Total,Total Armée des Alpes
way,142310294,48.4850981,2.3459042,91590001,Carrefour Market,,
way,142353071,43.7202395,7.2869720,6300018,Total Access,,Total Access
way,142354819,46.2673218,-0.2245594,79370001,Intermarché,Groupement des Mousquetaires,Intermarché
way,142403349,44.8419620,0.2283020,33220009,TotalEnergies,,Total
way,142470626,45.5894935,5.2965975,38300001,Carrefour Market,,
way,142726006,45.7235650,5.2389245,38460002,Carrefour,,Carrefour Market
way,142729329,44.7402324,3.2895370,48130001,Auchan,,
way,142816171,45.8375739,5.2864939,1150002,Total,Actiserve,Total
way,142951920,48.1912159,6.4192910,88190001,E.Leclerc,E. Leclerc,Station Service E. Leclerc
way,142952616,48.1774757,6.4270101,88190003,Auchan,,Auchan
way,143142976,43.1037235,5.8185694,83140001,Carrefour,,Carrefour
way,143143120,43.1100425,5.8130495,83140008,Total Access,Total Access,Total Access - Relais Total de Bonnegrâce
way,143214182,43.7530879,7.4325127,6240004,Independent,,L'Español
way,143318655,48.7425415,2.4080825,94310002,E.Leclerc,E. Leclerc,Station Service E. Leclerc
way,143631509,48.5873540,2.3043255,91220001,Auchan,Auchan,C. C. Auchan
way,143700824,48.6306095,2.2975320,91240003,BP,BP,BP
way,143706414,48.6738300,5.9247550,54204001,E.Leclerc,E. Leclerc,Station service E. Leclerc
way,143716997,43.6695301,7.2167687,6200032,Esso,,Esso
way,143841737,45.3931163,1.3766542,19230001,Intermarché,,Intermarché
way,144036108,47.6658760,-2.7940150,56000004,E.Leclerc,Vannes Distribution,E. Leclerc
way,144036129,47.6597540,-2.7893175,56006001,Carrefour,,Carrefour
way,144086825,48.0774280,-2.2717905,,TotalEnergies,,
way,144095981,48.0773930,-2.2716091,,TotalEnergies,,
way,144153409,47.6615280,-2.7578995,56000009,TotalEnergies,,Total Access
way,144153536,47.6640495,-2.7670465,56000006,Intermarché,SA Samur,Intermarché
way,144174294,48.8777232,2.4819484,93110005,Total,Total,Relais Total des Soudoux
way,144219947,50.2804920,2.7815260,62000005,E.Leclerc,E. Leclerc,Station Service E. Leclerc
way,144226639,48.6104005,6.3516705,54110001,,,Match
way,144408538,46.1651485,5.5710965,1460003,Intermarché,,Intermarché Station Port
way,144467529,48.2821638,-3.5601464,29833001,E. Leclerc,E. Leclerc,Station Service E. Leclerc
way,144496176,45.5329430,4.6274296,42800003,Intermarché,,Intermarché
way,144579440,48.1315569,-1.6329655,35700001,Intermarché,SAS Rechan,Intermarché
way,144594515,47.6631377,-2.4587141,56230005,Carrefour,,Station Carrefour
way,144741002,50.2757810,2.7694750,62217003,Intermarché,,Intermarché
way,144769902,47.9619647,-2.5461919,56120001,E.Leclerc,,E. Leclerc
way,144793970,48.5345240,-2.7603282,22190001,E.Leclerc,,E. Leclerc
way,144893930,46.5892856,0.3400294,86000023,Avia,,Avia
way,144914789,48.9206810,6.0572795,54700005,,,Roady
way,144943512,47.5451875,-0.1103353,49150001,Système U,,Station U
way,145138080,43.1539250,5.7442941,83150001,Carrefour,,
way,145142127,48.9051364,2.5222669,93190002,Carrefour,,Carrefour
way,145162138,49.5868452,3.6488874,,,,Station Leclerc Service
way,145162217,49.5870210,3.6486592,2000008,E. Leclerc,E. Leclerc,Station Service E. Leclerc
way,145194392,47.6593867,-2.7749233,56000008,Total Contact,,Total
way,145320192,43.1273103,5.9050553,83200006,Auchan,,Auchan
way,145323655,43.1395210,5.8865481,83200002,Eni,,Eni
way,145339475,47.6417888,-2.7764851,56000005,Système U,,Station U
way,145369678,43.1276230,5.9197325,83100006,TotalEnergies,,
way,145370348,43.1129620,5.9347135,83000011,Total Access,,Total Access
way,145455019,48.8543678,2.5198479,93330005,Total,,Total
way,145488917,48.4882011,2.1851375,91580001,Netto,Groupement des Mousquetaires,Netto
way,145516067,43.6074440,-1.0114330,,Total,Total,Total
way,145595445,50.3040732,2.7898197,62223001,E.Leclerc,E. Leclerc,Station Service E. Leclerc
way,145638370,45.5102285,4.5739085,42420001,Carrefour,,Carrefour
way,145686065,48.0663383,-2.8735169,56920001,Intermarché,Groupement des Mousquetaires,Intermarché
way,145735563,48.6968219,2.4151139,91270002,Intermarché,Groupement des Mousquetaires,Intermarché Super
way,145737296,48.7000309,2.4200746,91270003,Esso,,Esso
way,145749261,49.1534650,-0.3145178,14123009,E.Leclerc,,E. Leclerc
way,145985990,48.6524226,2.2735901,91310002,Intermarché,Adelaur SA,
way,146067569,48.6227775,2.2679829,91310004,,Auchan,
way,146089860,48.8450586,6.0701082,54380011,Carrefour,,Carrefour Express
way,146100381,48.6643203,2.2109753,,,,
way,146146445,48.6250209,1.8295381,78120003,Carrefour,Carrefour,Carrefour
way,146146859,48.6438404,1.8391026,78120013,TotalEnergies,,Total
way,146147644,48.6460788,1.8561934,78120005,E.Leclerc,E. Leclerc,Station Service E. Leclerc
way,146242701,44.3451713,2.5677049,12000015,Dyneff,,Dyneff
way,146245692,48.7854900,2.3046817,92220010,Esso,,Esso
way,146252462,48.7975848,2.2982430,92220009,Esso,,Esso
way,146391311,45.7289645,3.2229445,63800005,Intermarché,Groupement des Mousquetaires,Intermarché
way,146519987,48.9747962,2.4966622,93420004,BP,,
way,146555695,48.6946121,2.3564220,91260002,Intermarché,Groupement des Mousquetaires,Intermarché
way,146728668,49.0097027,2.3126784,95160003,Intermarché,,Intermarché
way,146751062,43.7098960,-1.0410700,40100001,Carrefour,Carrefour,Station Service Carrefour
way,146754670,43.7171785,-1.0509500,40100008,TotalEnergies,Total,Total Access
way,146865920,47.5815504,5.1713424,,Independent,,
way,146876015,-21.0476077,55.2672456,,,,
way,146929475,-20.8882804,55.4582415,,Engen,Caltex,Engen
way,146937076,-20.8903443,55.4612811,,Tamoil,Tamoil,Ola energy
way,146952310,48.9603328,2.3263322,95170002,Esso Express,,Esso Express
way,146953257,-20.8913551,55.4609790,,Total,Total,Total
way,146981209,48.3935410,2.4665926,91490003,Intermarché,Groupement des Mousquetaires,Intermarché
way,147094076,47.5802695,5.1683775,21260001,B1,Auchan,Station-service
way,147130801,45.8911554,3.5985285,63550001,,,Station service du Lac
way,147195216,45.8683195,3.6328080,63650001,Carrefour Market,,Carrefour Market
way,147266975,46.7053975,2.6947855,3360001,Intermarché,Groupement des Mousquetaires,Intermarché Super
way,147349651,-20.8927751,55.4886057,,,,ENGEN
way,147353046,-20.8856106,55.4745090,,Tamoil,,Ola energy
way,147355492,-20.8966511,55.4739783,,Vito,,Vito
way,147365609,47.4738885,3.5185365,58500003,E.Leclerc,,Station Service E.Leclerc
way,147366618,47.4569360,3.5091910,58500001,Avia,Auchan,Avia
way,147419031,49.1367199,2.3733491,95270002,E.Leclerc,Carrefour,Station Service
way,147421959,49.1186695,2.4269205,95270001,Carrefour Market,Carrefour,Carrefour Market
way,147655096,-20.9090117,55.5085600,,Vito,,Vito
way,147661039,-20.8997156,55.5192116,,Vito,,Vito
way,147807188,-21.2558288,55.5224048,,Vito,,Vito
way,147828570,-21.2578188,55.5023145,,,,
way,147899043,-20.9369017,55.3307830,,,Shell,
way,147937402,47.9392626,-2.4071346,56800004,E.Leclerc,,E. Leclerc
way,147937769,47.9247945,-2.4021370,56800005,Intermarché,,Intermarché
way,148000932,47.5263360,5.1110540,21120001,Avia,,Station service Avia
way,148035721,50.6306895,3.0959081,59800003,Carrefour,,Carrefour
way,148119923,44.5995609,4.3845348,7200006,E.Leclerc,E. Leclerc,Station service E. Leclerc
way,148291033,47.7768470,7.3350160,68200026,Auchan,Auchan,Auchan
way,148371420,44.3942851,2.6029600,12850002,E.Leclerc,E. Leclerc,Station Service E.Leclerc
way,148372119,44.3638010,2.5877140,12850004,E.Leclerc,E. Leclerc,Station Service E. Leclerc
way,148553486,47.7907327,7.3419592,68260001,E.Leclerc,E. Leclerc,Station Service E. Leclerc
way,148616489,45.7660365,4.9266657,69120011,Total,,Total
way,148928766,45.6725640,3.1277385,63450002,Intermarché,Groupement des Mousquetaires,Intermarché Contact
way,148957380,45.7022125,3.1386980,63670002,Intermarché,,Intermarché Contact
way,149319582,49.0951778,1.4658996,27201001,E.Leclerc,,Station Service E.Leclerc
way,149371639,45.4133713,3.3196793,63570003,Intermarché,Groupement des Mousquetaires,Intermarché Super
way,149566071,48.9515230,6.0381355,54121001,Total,,Total Vandières
way,149684608,48.7032832,2.4624390,91230001,Esso Express,Esso,Esso Express
way,149689059,48.7158427,2.4465188,91230003,E.Leclerc,E. Leclerc,Station Service E. Leclerc
way,149690718,48.7031980,2.4585506,91230004,Super U,,Super U
way,149710923,49.4721210,1.0938690,76131001,Carrefour,,Carrefour
way,150087982,47.3030910,5.1215680,21800010,Carrefour Market,,Carrefour Market
way,150138132,45.5438070,6.3001940,73220002,Carrefour,Carrefour,Carrefour
way,150213985,45.8783416,3.1169519,63200001,Carrefour,Carrefour,Carrefour
way,150414704,49.2785095,1.7864700,27140002,Carrefour Market,,Carrefour Market
way,150449697,49.1562081,2.2546247,60230002,E.Leclerc,E. Leclerc,Station Service E. Leclerc
way,150500962,44.9138119,4.4424518,7160003,Intermarché,Groupement des Mousquetaires,Intermarché
way,150692873,46.4359770,-0.7409203,,,,
way,150734390,49.1490480,0.9196319,27110002,E.Leclerc,E. Leclerc,Station Service E. Leclerc
way,150997282,46.9447611,-2.1797662,85630001,U,Système U,U Express
way,151238714,47.8379875,-0.2998272,72300007,E.Leclerc,,E. Leclerc
way,151902774,49.6604861,1.9407210,60210002,Carrefour,,Carrefour Market
way,151949983,46.9474795,5.8760045,39110007,Total Access,,Total Access
way,151950464,46.9253309,5.8857561,39110003,Super U,Super U,Super U
way,151958345,48.3099359,-0.6053953,,Total,,Total
way,151959735,48.2875971,-0.6216493,53102001,Système U,,Système U
way,152032446,46.9776620,5.8062980,39330001,Intermarché,DATS 24,Intermarché
way,152123151,45.6611745,6.3840890,73202001,Total,Total,
way,152205005,48.8997729,2.3300926,75018014,TotalEnergies,,Relais Saint-Ouen Bichat
way,152571958,47.2635776,-0.0916058,49412001,E.Leclerc,E. Leclerc,Station Service E. Leclerc
way,152637038,47.6796211,-0.8783833,49500002,E.Leclerc,E. Leclerc,Station Service E.Leclerc
way,153000714,43.3478395,1.4718945,31190002,Netto,,Netto
way,153002840,43.3532391,1.4689388,31190004,TotalEnergies,,Total Access
way,153255748,43.4430512,0.0422297,65700002,Super U,,Super U
way,153279859,48.6058545,0.1834475,61500002,TotalEnergies,,Total
way,153538572,43.2329340,5.4002845,13009006,E. Leclerc,,
way,153545597,43.2510015,5.4219000,,,,
way,153576799,48.5820560,2.2308928,91520001,Intermarché,Groupement des Mousquetaires,Intermarché
way,153643384,46.4472640,4.8449005,,,,Viré Automobile
way,153727094,44.1403247,5.9690485,4200003,Intermarché,Groupement des Mousquetaires,Intermarché
way,153899171,46.7016650,4.3884290,71450002,Avia,,Avia
way,153971309,46.0742575,5.3765143,1160003,,Groupement des Mousquetaires,
way,154049537,49.3855846,-1.7531695,50270002,Carrefour,Carrefour,Carrefour
way,154149044,44.8874730,-0.5527220,,,Q8,
way,154217087,44.8747949,-0.6188001,33523001,E.Leclerc,E.Leclerc,Station Service E.Leclerc
way,154266090,47.0902575,1.8449687,36150006,Fulli,Fulli,Fulli
way,154273012,45.5264055,4.2594495,42160003,TotalEnergies,,TotalEnergies
way,154274977,45.5365067,4.2865525,42160004,E. Leclerc,E. Leclerc,Station service E. Leclerc
way,154306306,47.4648090,-0.6705935,49070006,E.Leclerc,E. Leclerc,
way,154358631,44.8632290,-0.5669839,33300003,E.Leclerc,E.Leclerc,Station Service E.Leclerc
way,154358741,44.8615330,-0.5703235,33000024,Total,Total,Relais Ravezies
way,154535675,45.6614479,6.3818829,73200005,Intermarché,Groupement des Mousquetaires,Intermarché
way,154576534,43.2778772,5.4260295,13010001,Auchan,Auchan,Auchan Saint-Loup
way,154692086,44.8607195,-0.6120355,33110007,TotalEnergies,TotalEnergies,TotalEnergies
way,154884395,44.8368830,-0.5987405,33000022,TotalEnergies,,Trinquet
way,154977463,47.7675696,7.2513970,68460001,Total,,Relais de Lutterbach
way,155085361,48.5964055,2.2545060,91180002,Intermarché,Groupement des Mousquetaires,Intermarché
way,155087583,48.6094610,2.2526350,91180007,Total Access,,Relais Grande Folie
way,155089140,48.6095993,2.2527308,91180007,Total Access,,Relais Grande Folie
way,155089170,48.6031980,2.2478545,91290007,Total Access,,Total Access
way,155279625,49.2332535,-0.0386725,14430001,U,,Station U
way,155321158,43.4897935,1.3166655,31600005,Intermarché,,
way,155496247,43.2784175,5.6155175,13420001,Avia,,SVF
way,155519836,48.6680616,2.3379217,91360003,Carrefour,Carrefour,Carrefour
way,155520063,48.6685035,2.3385770,91360004,Total Access,Total,Total Access
way,155548626,48.7666332,2.3677315,94550001,Esso Express,,Esso Express
way,155648084,49.2096071,-0.3736029,14000003,TotalEnergies,Total,Station Total
way,155656155,49.1727505,-0.3895755,14000020,TotalEnergies,TotalEnergies,Total Access
way,155657535,49.1998655,-0.3600547,14000021,TotalEnergies,,Total Access
way,155661028,49.1861909,-0.3820910,14000014,E.Leclerc,,Station Service E. Leclerc
way,155727562,50.6408368,2.6543422,59660002,Système U,,Station U
way,155895850,43.1844050,5.6091150,13600026,Total Access,,Relais de Figuerolles
way,155973940,44.8188540,-0.6019020,33000016,Esso Express,Esso,Esso Express
way,156021855,45.8883323,3.0683858,63201001,E.Leclerc,E. Leclerc,Station Service E.Leclerc
way,156058339,44.8413015,-0.6266840,33000010,Intermarché,,Intermarché
way,156094063,49.2854137,-0.1092664,14160004,TotalEnergies,Total,Total
way,156198039,14.6204940,-61.0215401,,,,Station Vito Galléria
way,156346421,50.5251334,2.6279059,62400001,Auchan,,Auchan
way,156435034,43.2039535,2.4408010,,Dyneff,,Station Dyneff
way,156478611,50.6368298,2.4103169,62120001,Carrefour,,Carrefour
way,156517376,47.6120355,3.5019870,89560001,TotalEnergies,Elan,Total
way,156517742,47.6198545,3.4968435,,TotalEnergies,Total,Station de l'Armance
way,156562167,50.5112840,1.6465080,62630002,Esso,,Esso
way,156586872,43.2723484,5.6878778,,,,
way,156629795,43.3839765,5.5567020,,,,
way,156632089,48.4347140,0.0542230,61250002,TotalEnergies,,Total
way,156633787,48.4333049,0.0625573,61250005,Carrefour,,Carrefour
way,156681899,48.9782035,4.3564020,51000009,Intermarché,Groupement des Mousquetaires,Intermarché Super
way,156686943,48.9423930,4.3890625,51000001,Carrefour,,Carrefour
way,156698700,48.9543475,4.3320631,51000005,Esso Express,,Esso Express
way,156712213,48.9908880,4.3422495,,,,
way,156765975,48.9587445,4.3139890,51510002,E. Leclerc,E. Leclerc,Station Service E. Leclerc
way,156767052,48.9418910,4.3412513,51510001,Esso,Esso Express,Esso Fagnières
way,156803084,48.4443225,0.1120015,61000002,Carrefour,Carrefour,Carrefour Alençon
way,157006959,49.4012065,2.9943282,60350002,Intermarché,Groupement des Mousquetaires,Intermarché
way,157060029,48.4079910,0.0861265,72610001,E.Leclerc,E. Leclerc,Station Service E. Leclerc
way,157441442,48.9815428,1.7200308,78200003,Total Energies,,Total
way,157677039,43.1031114,0.3868578,65300002,Carrefour,,Carrefour
way,157684284,48.7800973,2.2378105,92140005,Esso Express,Esso,Esso Express
way,157883090,48.8842535,2.8425970,77740002,Total,,Total
way,158107545,43.2954155,5.4329795,13012024,Auchan,,Auchan
way,158272013,43.3836500,5.6028245,13112005,Avia,,Avia
way,158340802,44.8076179,4.7921120,7800003,Intermarché,Groupement des Mousquetaires,Intermarché
way,158486589,47.1875527,3.9465146,,,,
way,158650095,44.6611110,-0.1818655,,Total,,
way,158672947,47.2799083,5.0189768,21160005,E.Leclerc,E. Leclerc,Station Service E. Leclerc
way,158712466,46.2073939,6.2788028,,,,
way,158733580,43.5237890,-1.4639430,40220006,Carrefour,,Station Service Carrefour
way,159112257,50.4044836,2.7425415,62153004,Eni,,Eni
way,159270607,44.8168805,-0.5482600,33130006,Esso Express,,Esso Express
way,159281908,46.2500590,5.6445350,1100002,Carrefour Market,Carrefour,Carrefour Market
way,159412207,44.8064640,-0.5558830,33323001,E.Leclerc,E. Leclerc,Station Service E.Leclerc
way,159443757,49.2406766,3.0996017,2603001,E.Leclerc,E. Leclerc,Station Service E. Leclerc
way,159565577,45.9811724,4.3336373,69550002,,,Relais de la Gaite
way,159573242,45.1684757,5.7550103,38400005,Esso Express,Esso Express,Esso Express
way,159732887,48.0064350,6.8785855,88250002,Super U,,Station U
way,159769807,49.0372800,3.3904070,2400004,E.Leclerc,E. Leclerc,Station Service E. Leclerc
way,159770062,49.0616204,3.3940256,2400007,Netto,,Netto
way,159771908,49.0408882,3.3880326,2400001,Carrefour,Carrefour,Carrefour
way,159826979,47.5998575,7.5366859,,,,
way,160001945,43.6068460,6.7635975,83440004,E.Leclerc,E. Leclerc,Station Service E.Leclerc
way,160002274,43.6058925,6.7668935,83440003,Total,,Total
way,160145333,14.5279477,-60.9808200,,Vito,,ViTO
way,160169647,49.2132700,-1.5296868,50430003,,,Station service AVIA
way,160460448,43.6058917,6.4800119,,Avia,Établissement Henriet,Avia
way,160537312,14.5239858,-60.9811732,,Total,,Total
way,160641824,45.3003105,3.3799935,43100004,,,Garage Delmas
way,160990141,47.1896308,-0.2911512,49700001,Super U,Super U,Super U
way,161063647,48.9453771,3.1115792,77260005,Intermarché,,Intermarché
way,161184153,48.6699019,2.2769487,,Carrefour,,Carrefour
way,161185121,48.6697563,2.2771460,91620001,Carrefour,Carrefour,Carrefour
way,161204488,45.7488132,3.5451181,63120004,,Pireyre Fuel,Pireyre & Pascal energy
way,161204657,45.7594309,3.5421679,63120003,,Lorenzini-Adam,
way,161204914,45.7622942,3.5403269,63120002,Intermarché,Groupement des Mousquetaires,Intermarché Super
way,161212910,48.7056075,2.2963183,91380012,Intermarché,Groupement des Mousquetaires,Intermarché
way,161308596,43.7704698,1.2859922,31330002,Intermarché,Intermarché,Intermarché
way,161358375,48.9970030,1.7111176,78200008,Intermarché,Groupement des Mousquetaires,Intermarché
way,161425165,45.8553406,3.5086215,63300002,TotalEnergies,,Total
way,161433803,45.8390943,3.5096551,63300001,Carrefour,,Carrefour
way,161434043,45.8424319,3.5150518,63300007,,,Pireyre & Pascal Energy
way,161447804,45.8493716,3.5370033,63300004,E.Leclerc,E. Leclerc,Station Service E.Leclerc
way,161531020,44.7902140,-0.5664270,33130007,Auchan,,Auchan
way,161729772,48.3221144,5.5757600,88350002,Système U,,Station U
way,161802415,47.8297475,0.0773455,72330001,Carrefour Market,,Carrefour Market
way,161819572,45.6209281,6.0805744,73340002,,,Les Aillons
way,161902165,47.8059668,7.3376580,68270002,Esso,,Esso
way,161986550,44.7723426,-0.3356555,33670002,Carrefour,,Carrefour
way,162099837,47.1537115,-1.0569428,49450005,Intermarché,Groupement des Mousquetaires,Station Intermarché
way,162115742,48.7018210,-1.3393900,50300006,Elan,,Elan
way,162208178,48.6990663,-0.3638705,61220001,G20,,G20
way,162300959,47.0650579,2.3975606,18000024,Intermarché,,Intermarché
way,162479771,45.0127725,-0.4249400,33240013,Auchan,,Auchan
way,162487685,44.9952345,-0.4400865,33240007,,,Station Service Intermarché
way,162578072,45.5693575,5.8997810,,,,
way,162670802,49.0249454,3.9447856,51430004,E.Leclerc,E. Leclerc,Station Service E. Leclerc
way,162786410,45.2620175,3.1992510,15500003,Intermarché,Groupement des Mousquetaires,Intermarché Super
way,162869475,48.5848422,-1.3265100,50240003,TotalEnergies,Relais Total du Mont-Saint-Michel,TotalEnergies
way,162941656,48.7548421,2.3746442,94651002,BP,BP,Station BP
way,163361375,44.9750303,-0.4327017,33240005,Esso,,Esso
way,163450104,43.4546390,4.4276630,13460003,,,Flamants service
way,163465463,45.5533515,6.1640340,73250001,Intermarché,Groupement des Mousquetaires,Intermarché
way,163479355,44.8419157,-0.6645994,33700020,TotalEnergies,,Relais de Pichey
way,163497223,44.9067474,-0.4872852,33560002,E.Leclerc,E. Leclerc,Station Service E. Leclerc
way,163643932,49.2048140,-0.3278900,14200010,Système U,,Hyper U
way,163652712,49.2133715,-0.3420245,14200011,Auchan,,Auchan
way,163697837,48.4785580,6.3102605,,Total,,Total
way,163697946,48.4730950,6.3153215,54290001,Carrefour,,Carrefour Contact
way,163853259,47.2626460,-1.4470475,44470002,Station U,,Station U
way,163876633,47.1032302,2.4101919,18000001,Carrefour Market,,Carrefour Market
way,164000418,45.5957240,4.0834410,42600007,Intermarché,Groupement des Mousquetaires,Intermarché
way,164144882,44.8268275,-0.6197930,33700025,Auchan,,Auchan
way,164160915,45.5229265,4.2855980,42480001,,,Granjon Combustibles
way,164161404,45.4967705,4.3192745,42480002,,,Prenat Andre
way,164170381,44.8163758,-0.6344287,,,,
way,164281300,49.5636475,0.9556304,76570001,Carrefour Market,,Carrefour Market
way,164307702,44.8306642,-0.6548015,33700001,Carrefour,,Carrefour
way,164356201,49.1881365,-0.3336725,14200006,Système U,,Station U
way,164443557,45.5397175,5.9890815,73190001,Carrefour,,Carrefour
way,164463763,47.0510529,-0.8490351,49306001,E.Leclerc,E. Leclerc,Station Service E. Leclerc
way,164498201,47.0744568,-0.8431745,49300007,Carrefour,,Carrefour
way,164745627,49.5005446,1.1538321,76230007,Intermarché,SA Montis,Intermarché
way,164931214,47.3401348,5.0681568,21000012,E.Leclerc,E. Leclerc,Station Service E.Leclerc
way,164945648,48.8282941,1.9575825,78370002,Auchan,Auchan,Auchan
way,165102068,43.1248420,5.8758660,83190001,Carrefour,,Carrefour
way,165102178,43.1235446,5.8229374,83190005,Intermarché,,Intermarché
way,165163605,45.3307434,4.3188180,43240001,Carrefour Market,,Carrefour Market
way,165211182,46.0615670,4.6001065,69460004,Carrefour Contact,,Carrefour Contact
way,165291731,48.8603289,2.9012765,,Independent,SDIS 77,Caserne des Pompiers
way,165349053,45.6995483,4.4555277,69610001,Intermarché,,Intermarché
way,165763302,48.8185869,2.1498086,78000019,TotalEnergies,TotalEnergies,TotalEnergies
way,166363929,46.9545329,6.1280037,25270001,Avia,,Avia
way,166524514,48.7726686,1.4295322,28410003,Carrefour Contact,Carrefour,Carrefour Contact
way,166635035,45.2174110,6.4723060,73140001,Carrefour,Carrefour,Carrefour
way,166647122,48.9425731,1.9504989,78630008,TotalEnergies,,TotalEnergies
way,166699115,43.8497619,5.8225561,4100002,Auchan,Auchan Manosque,Auchan
way,166707503,48.7854310,2.3666120,94800008,Total Access,Total,TotalEnergies Access
way,166862296,45.6580103,5.9104808,73420001,E.Leclerc,E. Leclerc,Station Service E.Leclerc
way,166958441,47.0346809,5.7845811,25610001,Avia,,Avia XPress
way,167336988,47.6342130,-2.8225625,56610001,Super U,,Super U
way,167439876,44.8337940,-0.7001730,,E.Leclerc,ADBM,Station service ADBM
way,167621694,47.5343835,7.1811032,68580001,Intermarché,,Intermarché
way,167799385,47.7377000,6.8366245,90200002,Intermarché,,Intermarché
way,167846208,49.1989309,-1.5675256,50710001,Carrefour,,Carrefour
way,168009153,46.6475048,4.3403094,71230002,Intermarché,,Intermarché
way,168158167,47.8385450,-2.6378740,56420002,Total,,
way,168284770,45.1481385,5.6928857,38130002,E.Leclerc,E. Leclerc,Station Service E.Leclerc
way,168312533,47.8209030,-2.5069675,56460002,Intermarché,,Intermarché
way,168330807,50.7380351,2.2813153,62510002,Carrefour,Carrefour,Carrefour
way,168450985,43.5654240,2.5651490,,,,Station Service Municipale
way,168797921,-21.0402899,55.3038246,,,,Engen Lebon
way,168799361,49.4072955,1.1520240,76240002,Carrefour Market,,Carrefour Market
way,168825595,47.0059350,-0.8502290,49280003,,Belloir Distribution (G20),
way,168967842,-17.6391987,-149.6084947,,,,Mobil Punaauia
way,169013327,45.7075132,0.8455323,87150002,Intermarché,Groupement des Mousquetaires,Intermarché
way,169480211,48.3115273,4.0970547,10150001,Esso Express,Esso,Esso Express
way,169481033,47.0644855,5.4548065,39100005,,Cora,C. C. Cora
way,169881579,48.8753878,2.1399799,78290003,Total,Total,
way,169890068,47.9204115,6.6629465,88360001,Total,,
way,169940018,46.7001342,-1.0506231,85110006,E.Leclerc,E. Leclerc,Station Service E. Leclerc
way,170003356,48.4674576,7.4958963,67211001,E.Leclerc,,E. Leclerc
way,170299734,48.8368104,2.1293135,78170002,Esso,Esso,Esso Express Beauregard
way,170339282,46.9226512,6.3433493,25300005,Système U,Système U,Hyper U
way,170372348,46.4867236,-1.7460007,85180004,Super U,Casino,Super U
way,170379708,46.5036130,-1.7293666,85100002,TotalEnergies,,Total Contact
way,170381261,46.4934451,-1.7499813,85180003,Intermarché,Groupement des Mousquetaires,Intermarché Super
way,170443308,47.9365635,-0.9162730,53230003,Carrefour,,Carrefour Contact
way,170613869,49.3572590,5.9799340,57650001,Système U,,Station U
way,170724606,47.2327640,2.4899845,,,,
way,170736246,45.2293212,4.9598965,26330001,Comptoir Énergie,Comptoir Plus,Comptoir Énergie
way,170879350,47.9625784,-2.9833590,56930001,Intermarché,,Intermarché
way,171006531,50.3728185,2.0225760,62140003,Intermarché,Groupement des Mousquetaires,Intermarché
way,171376325,44.8210871,4.5848983,7190001,Carrefour Contact,Carrefour Contact,Station Carrefour Contact
way,171442622,47.3731005,-1.1784785,44150007,Esso Express,,Esso Express
way,171550283,47.3728325,-1.1934745,44150003,E.Leclerc,E. Leclerc,Station Service E. Leclerc
way,171627807,47.6820515,-2.7645930,56890003,U,Système U,La Station U
way,171888186,44.2327318,1.5282322,82270002,TotalEnergies,Total,Relais Total du Bois de Dourre
way,171954285,45.6275300,6.3191920,73460003,Netto,Groupement des Mousquetaires,Netto
way,172175517,48.5747679,-0.3703557,61600002,E.Leclerc,E. Leclerc,Station Service E. Leclerc
way,172175525,48.5868255,-0.3654200,61600003,Intermarché,Groupement des Mousquetaires,Intermarché
way,172196496,48.5492685,-3.4524735,22810002,TotalEnergies,,Relais Porz an Park
way,172617678,47.7313285,7.4170735,68440003,Intermarché Contact,,Intermarché Contact
way,172881546,47.0069900,-1.1907485,85530003,Elan,,
way,172929704,47.4881720,4.3554715,21140002,TotalEnergies,,Total Contact
way,172930133,47.4925345,4.3415445,21140003,Intermarché,Clovienne,Intermarché
way,172947574,46.7156355,4.7038710,71390001,Avia,,Avia XPress
way,173166220,47.0939898,2.3905356,18000017,Total Access,Total,Relais Total des Prés-le-Roi
way,173371156,45.0440412,6.2955310,,TotalEnergies,Elan,Total
way,173438676,48.9023953,-1.5141211,50290001,Système U,,Station U
way,173582751,47.6657445,7.4427730,,,,
way,173904721,47.5777080,7.5390050,68220001,,,Station Frontalière
way,174925492,47.5451742,6.4304803,70110001,Intermarché,,Intermarché
way,174977616,43.1364610,6.3594540,83980001,Carrefour,Carrefour,
way,175155304,-22.2822279,166.4532087,,,,
way,175282478,45.9555910,3.4771910,63290001,Total,,Total
way,175386520,45.6103390,4.0681865,42600002,TotalEnergies,,Total Contact
way,175477155,48.0237831,0.3367115,72470005,Intermarché,Groupement des Mousquetaires,Intermarché Super
way,175501639,48.4154125,1.8785985,,,,garage Motrio
way,175857253,45.6078565,4.0889010,42600003,Super U,Super U,Super U
way,175946304,-22.2495117,166.4439854,,,,SLN : Station service
way,176137172,49.5018310,1.0438755,76770003,Total Access,,Total Access
way,176168336,49.5403285,1.0634475,76710001,Intermarché,,Intermarché
way,176215329,44.5128732,0.1341802,47200005,E.Leclerc,E.Leclerc,Station Service E.Leclerc
way,176347731,43.3811740,6.3042720,83340002,E.Leclerc,,E. Leclerc
way,176393477,46.0179045,5.9233675,74270001,Carrefour Contact,,Carrefour Contact
way,176454064,44.6742845,-1.2404770,,Elan,Elan,Elan
way,176455327,44.7902045,-1.1462790,33950003,Carrefour,Carrefour,Carrefour
way,176594190,43.6953700,7.2842291,,Hyris,Hyris,Hyris - Avia - Nice
way,176625842,43.1326864,5.8459469,83190004,Avia,,Avia
way,176666821,44.3193727,0.0935120,47700002,Intermarché,,Intermarché
way,176722044,46.1638516,6.3494733,74250003,Avia,,Avia
way,176841973,46.9729410,1.6109735,36110001,Carrefour Market,,
way,177192701,47.6360977,-2.6654276,56450005,Total Access,Total access,
way,177196648,47.6376262,-2.6735005,56450002,Avia,Avia,Avia
way,177204741,48.5371425,7.7165688,67540004,Total,Total,Relais Oswald Est
way,177329596,45.9089765,6.3662915,74230004,Intermarché,,Intermarché
way,177437184,47.6700670,-2.4506869,56230003,Intermarché,Groupement des Mousquetaires,Intermarché Super
way,177441621,47.6684119,-2.4524455,56230002,Total,,Total
way,177543528,14.6361445,-61.1352065,,Esso,,Esso
way,177593455,45.6937535,4.9400787,69800010,Carrefour Market,Carrefour Market,Station Carrefour Market Saint-Priest
way,177626892,48.1507355,7.2471448,68240004,Carrefour,,Carrefour Contact
way,177734249,14.6142645,-60.9056390,,,Total,
way,177739310,14.6140558,-60.9134748,,Esso,Esso,Esso
way,177840397,43.3009116,5.5696584,13400014,Total,Total,Total
way,177873838,14.6754393,-60.9463966,,Vito,,Vito
way,177878543,14.6877058,-60.9389764,,Vito,,Vito
way,177880196,14.6738812,-60.9442885,,Esso,Esso,Esso
way,178013878,47.7390898,0.5820475,72340001,Super U,,Super U
way,178022738,49.3068890,1.0294140,76410003,Total,Total,Total
way,178037373,50.9891092,2.1123275,59153001,Système U,,Système U
way,178048127,49.3026800,1.0350340,76410001,Carrefour,,Carrefour
way,178180465,50.9963705,2.1488985,59820001,Total Access,,Total Access
way,178315008,43.5442822,-1.0761996,40300005,Intermarché,Groupement des Mousquetaires,Intermarché
way,178381140,14.6522137,-61.0403702,,Total,,Total
way,178382828,14.6735980,-61.0292400,,Total,,Total
way,178388505,43.4877223,2.7642983,34220002,Gallien,Sarl Gallien,Station Gallien
way,178392209,43.4869848,2.7714232,34220001,Super U,,Super U 24/24
way,178727497,47.0956572,2.4412882,18390003,Carrefour,,Carrefour
way,178728197,47.0970123,2.4506163,18390005,Elan,,Elan
way,178911467,44.1804305,0.6731990,47240001,E.Leclerc,E. Leclerc,Station Service E.Leclerc
way,178962430,45.9050651,-0.9645613,17620002,Système U,,Station U
way,179042530,44.4110663,-1.1696123,40600002,E. Leclerc,E. Leclerc,Station Service E. Leclerc
way,179227571,43.4177380,5.2338525,13730001,Carrefour Market,,Carrefour Market
way,179326184,14.7723743,-61.1331689,,Vito,,Vito
way,179326879,14.7838227,-61.1363578,,Esso,,Esso
way,179369989,46.6901778,5.3671111,71580002,Avia,,Avia XPress
way,179447017,48.5663975,2.4507260,91540004,Intermarché,Groupement des Mousquetaires,Intermarché
way,179526776,44.6347555,-1.1522555,33260001,Intermarché,Groupement des Mousquetaires,Intermarché
way,179599484,45.5893085,3.1208550,63320001,Intermarché,Groupement des Mousquetaires,Intermarché Super
way,179636554,47.6363684,6.8734717,90000009,Avia,Avia,Avia
way,179956471,47.7426996,7.3294163,68100002,E.Leclerc,,Station Service E.Leclerc
way,179992967,46.0962910,5.9646983,,Avia,Avia,
way,180025300,49.2868760,1.0132555,76500004,Total Access,,Relais Carnot
way,180208306,47.5854382,2.0257577,41600005,Intermarché,,Intermarché
way,180210341,47.5919215,2.0241075,,Peugeot,,GGE Lievrre
way,180215339,47.5993100,2.0238344,41600006,Total,,
way,180247381,47.6007705,2.0274620,41600001,Carrefour Market,,
way,180621312,47.6651215,-2.9044425,56400010,Total,Total,Total Plougoumelen
way,180629680,43.7162560,2.3206814,,Elan,,
way,180895606,45.6888475,6.1346120,73630004,Carrefour,Carrefour,Carrefour
way,180915368,-22.2987686,166.4449499,,,,
way,181078039,43.5906610,7.1094380,6600026,Auchan,Auchan,Auchan
way,181129159,47.5425390,-1.8827084,44630002,Carrefour,,Carrefour Contact
way,181135980,14.8323580,-61.0480860,,Esso,,Esso
way,181136827,14.8333054,-61.0624988,,Vito,,Vito
way,181143938,14.8309221,-61.0448509,,TotalEnergies,,Total
way,181160435,45.9791570,5.5981340,1110001,Carrefour,,Station Service Carrefour Market
way,181205778,45.6098918,5.8868048,73000012,Total Access,Total Access,Relais Total de Chambéry
way,181206027,45.6013435,5.8740155,73290001,Super U,,Super U
way,181244340,49.4304760,1.1662575,,Elan,,Elan
way,181260839,47.6966465,-2.8033525,56890001,Carrefour Contact,,Carrefour Contact
way,181268312,47.1652910,0.6311850,37800008,Esso,,Esso
way,181290652,14.5672960,-60.9478460,,Total,,Total
way,181297317,14.5601400,-60.9397065,,Vito,,Vito
way,181505098,47.6592480,-2.8691860,56880001,Intermarché,,Intermarché
way,181531972,47.5730900,1.3687940,41350008,Total Access,,Relais Vineuil Denis Papin 2
way,181534932,47.5843435,1.3760005,41350003,Intermarché,Intermarché,Intermarché
way,181535177,47.5693045,1.3711350,41350001,Auchan,,Auchan
way,181539777,44.8168407,5.9473031,38970000,Total,Total,Total
way,181637845,49.3888680,1.2003920,76520002,Intermarché,Groupement des Mousquetaires,Intermarché Super
way,181906271,49.2901375,1.0395135,76320002,E. Leclerc,,E. Leclerc
way,182565837,48.7481908,1.3438362,28100003,Carrefour,,Carrefour
way,182595785,48.7369396,1.3507144,28100002,E.Leclerc,,Station Service E. Leclerc
way,182685708,45.7826134,3.0753226,63000014,Intermarché,Groupement des Mousquetaires,Intermarché Super
way,182694777,49.0910758,1.4716025,27200001,Carrefour,,Carrefour
way,182717447,47.2038844,-0.9767138,49600004,Intermarché,Groupement des Mousquetaires,Intermarché
way,182753625,47.6228508,-2.8988401,,,,
way,182761613,48.7306516,1.3374719,28500010,,,Relais de la Tuilerie
way,182848827,46.5715315,-1.5099280,85430001,Système U,,Station U
way,182862124,47.1790165,4.9652530,21640001,Avia,,Avia
way,182905597,49.3501135,0.5319265,27500001,Carrefour Market,,Carrefour Market
way,182930675,48.3304620,0.8306300,28400002,E.Leclerc,,Station Service E. Leclerc
way,182980501,48.3388963,7.3176626,67220003,Super U,,Super U
way,183013212,47.2459010,5.2202635,21110005,Intermarché,Groupement des Mousquetaires,Intermarché Super
way,183019163,44.7996575,-0.5837920,33402001,E.Leclerc,Pacadis,Station Service E. Leclerc
way,183019871,44.7894025,-0.5873725,33400009,Esso,,Esso
way,183024756,48.3280680,0.8023060,28403001,BP,,BP
way,183059157,49.0826244,1.5022445,27200002,Total,Total,
way,183119805,-20.5651186,164.2911410,,Shell,,
way,183228109,43.5672503,6.9659570,6150007,E. Leclerc,E. Leclerc,Station Service E. Leclerc
way,183310094,47.7738385,7.0002823,68290002,E.Leclerc,E.Leclerc,Station Service E.Leclerc
way,183340260,43.7837857,4.2989089,30540001,Intermarché,Groupement Les Mousquetaires,Intermarché
way,183480219,45.9349540,4.7904780,1600002,Carrefour,Carrefour Market,
way,183581097,43.6688761,2.3412139,,Dyneff,Dyneff,Dyneff
way,183621558,48.0733972,-4.1873242,29180001,Super U,,Super U
way,183958750,46.1215502,4.9537678,,Carrefour,,Carrefour
way,184162243,48.2631838,-1.6187525,35250001,Super U,,
way,184185122,45.7053160,5.7684095,73170001,Carrefour Market,Carrefour,Carrefour Market
way,184209050,43.7809685,4.0812550,30250001,Intermarché,Groupement des Mousquetaires,Intermarché
way,184279202,48.8181785,7.9629231,67620003,E.Leclerc,E. Leclerc,Station Service E. Leclerc
way,184302317,48.4770850,1.7676380,28700004,U,,Station Service Super U
way,184357068,48.9133314,-1.4399861,50510001,Intermarché,,Intermarché
way,184399855,46.7220511,2.5321866,18200007,E.Leclerc,,E. Leclerc
way,184403842,46.7303440,2.4937182,18200001,Carrefour,Carrefour,Carrefour
way,184423894,46.9542220,-0.3918733,,,,
way,184590981,43.6374855,-0.6135900,40700003,Intermarché,Groupement des Mousquetaires,Intermarché
way,185090130,45.7868535,5.9500040,,,,Garage Rivollet
way,185100566,48.8020974,7.8350788,67500001,Carrefour,Carrefour,Carrefour
way,185439418,45.5780307,5.6345168,38480007,Esso,,Esso - Aire du Guiers
way,185440048,45.5779672,5.6314458,38480005,Avia,,Avia Romagnieu
way,185472072,46.8001685,1.7361620,36000010,,SA Chirault,Chirault
way,185653949,49.2911026,0.8753553,27520001,Carrefour Contact,,Carrefour Contact
way,186151894,48.4716175,1.5099620,28300005,Intermarché,Groupement des Mousquetaires,Intermarché
way,186325372,43.8536255,1.2281630,82600001,U,Super U,Station-service Super U
way,186539646,49.0851503,0.6002398,27300005,Intermarché,,Intermarché
way,186593118,50.5174782,2.8931978,59221001,,Carrefour,
way,186615013,46.1778331,5.2599291,,,,
way,186680303,47.5684990,-1.0331765,49440001,Super U,,
way,186968064,44.4612045,2.9667015,,,,
way,186970030,44.4626680,2.9718675,12130001,Total,,
way,187372859,47.5419647,0.3370623,37330001,Super U;Station U,Super U,Super U
way,187403218,44.8309357,-0.5586671,33000021,TotalEnergies,Total,Total
way,187628588,45.3723885,5.0262283,38270003,Super U,,Super U
way,187857031,44.2348888,2.9873967,12780002,,,Porte du Lévézou
way,187962178,48.7585423,3.9851944,51230001,Carrefour,,Carrefour
way,188400142,48.0287900,-4.5568470,29770002,E.Leclerc,E. Leclerc,Station Service E. Leclerc
way,188476355,45.5371655,5.5769295,38490012,Carrefour,Carrefour,Carrefour
way,188612219,44.2215738,0.5758148,47450002,Intermarché,,
way,188687101,49.1627289,-1.1269990,50000006,Carrefour Contact,,Carrefour Contact
way,188890945,45.0567190,1.1534085,24290001,Intermarché,,Intermarché
way,189318942,48.1832842,7.0039772,88230003,Carrefour,,Carrefour
way,189425279,49.3724075,3.8883695,,Intermarché,Groupe les Mousquetaires,Station Intermarché
way,189525261,46.1156843,4.9639509,1400005,Intermarché,,Intermarché
way,189634031,50.5270175,2.9441600,59112002,Carrefour Market,,Carrefour Market
way,189690918,46.3489201,2.2169777,23600002,U,U Station,U Station
way,189998512,43.5121124,1.1888687,31470005,Intermarché,,Intermarché
way,190058442,46.1822534,5.2054978,1960001,Carrefour,,Carrefour
way,190440850,45.1822868,4.8534245,,Total Contact,Avia,
way,190579263,45.7611880,5.9327625,73410001,Intermarché,Intermarché,Intermarché
way,190737942,46.7208433,-1.1805584,,Avia,Avia,Avia
way,191120954,44.0564218,1.0257150,82210003,Carrefour,,
way,191154915,50.0131985,3.7801605,2170001,Carrefour Market,,Carrefour Market
way,191240020,44.4851010,0.9772715,47500003,E. Leclerc,E. Leclerc,Station Service E. Leclerc
way,191412130,48.8659188,7.4732399,67340001,TotalEnergies,SARL GGE Stehly,TotalEnergies
way,191566487,50.6923379,3.0512169,59118001,Match,Match,
way,191687327,44.7519230,-0.5318953,33140006,Intermarché,Intermarché,Intermarché
way,191752648,48.5361830,-0.8736590,,,,
way,192034380,-20.5621356,164.2818405,,Mobil,,
way,192085057,48.0958670,7.4405092,68320002,Carrefour,,
way,192709799,45.0789025,-1.0366240,33121002,Carrefour,,Carrefour Contact
way,192710139,45.0617410,-1.1308420,,,Spar,Spar
way,192790860,44.6228590,-0.7866945,33114001,Super U,,Super U
way,192904753,47.4898040,6.9211390,90500002,Avia,,Avia
way,192905750,47.4902810,6.9196865,90500001,U,,Station Service Super U
way,192987100,43.8163020,4.3414735,30900002,Carrefour,Carrefour,Station Service Carrefour
way,193378732,47.6442195,6.1446875,70000009,E.Leclerc,E. Leclerc,E. Leclerc
way,193445517,47.8411950,6.4706290,,Station Primeurs,,
way,193626386,-22.2601618,166.4701318,,,,Dépot d'hydrocarbure JETA1
way,193847781,44.6045016,2.2428260,12300004,Intermarché,,Intermarché
way,193847786,44.6045129,2.2428729,12300004,,Groupement des Mousquetaires,
way,194527800,50.3649050,3.4345850,59135001,E.Leclerc,,E. Leclerc
way,194661482,49.5346942,0.9656848,76360001,Carrefour,Carrefour,Carrefour
way,194661834,46.7044880,4.9815692,71370001,Avia,,Avia
way,194661837,46.7045966,4.9688987,71370003,Intermarché,,Intermarché
way,194704436,43.0829565,5.8931489,83500005,E.Leclerc,,Station Service E.Leclerc
way,194798278,46.3899071,6.5248120,74500012,Carrefour,Carrefour,Station Service Carrefour
way,194940353,49.1473135,1.7874914,95420003,E.Leclerc,Leclerc,Station Service E.Leclerc
way,195190390,46.7052813,4.9968767,,Elan,,
way,195278763,49.2424360,-0.3721614,14920001,Esso Express,,Esso Express
way,195714710,45.5489091,6.1575264,73390007,Eni,Agip,Eni
way,195813036,43.7552335,0.2957345,32190001,Carrefour,Carrefour,Carrefour
way,196333179,44.3671335,6.3192155,,,,
way,196579333,44.1614540,6.6069424,4370001,Total,Total,Station-Service Total
way,196582599,46.6263918,5.2340716,71500008,Carrefour Market,,Carrefour Market
way,197047586,47.2077195,5.2899290,,,,
way,197088981,43.1349210,6.0227355,83130005,Netto,,Netto
way,197093012,43.1449085,6.0389685,83130003,K9,,
way,197224809,47.6646860,-3.0039555,56400002,Station U,,Station U
way,197225527,47.6625845,-3.0059355,56400007,E. Leclerc,,
way,197246649,44.3624740,2.5722515,12000010,E.Leclerc,E. Leclerc,Station Service E.Leclerc
way,197282627,46.3311800,6.3728120,74140004,E.Leclerc,E. Leclerc,Station service E. Leclerc
way,197762838,48.8380505,-1.5505865,50400003,E.Leclerc,E. Leclerc,Station Service E. Leclerc
way,198174431,48.9128634,-1.3531941,50450001,Système U,,Station U
way,198286001,44.0498240,3.9870440,30140001,Super U,Super U,Super U
way,198629023,48.6127407,-2.8306769,,,,Station Service SuperU Binic (Guichet)
way,198629024,48.6127154,-2.8304072,,,,Station Service SuperU Binic
way,198629046,48.6126835,-2.8304751,22520001,Super U,Super U,Super U
way,198766634,49.2618324,6.1751384,57303001,,Cora,C. C. Cora
way,198917754,46.2210617,5.2447741,1000007,E. Leclerc,E. Leclerc,Station Service E. Leclerc - Cap Émeraude
way,199060556,48.0777550,2.5425820,45430005,Intermarché,Groupement des Mousquetaires,Intermarché
way,199404638,47.8406275,1.9133445,45160005,E.Leclerc,E. Leclerc,E. Leclerc
way,200185741,50.3371319,3.2023247,59176001,Intermarché,Groupement des Mousquetaires,Intermarché
way,200769922,43.7761256,-0.4345878,40270004,Carrefour,,
way,201270679,44.0250048,-1.2599126,40170003,Super U,,Super U
way,201411146,46.4386345,5.7215970,39260003,Intermarché,,Intermarché
way,201754405,47.0536498,-1.5115995,44140002,Intermarché,,
way,201833869,46.1831556,5.9280445,1630004,Intermarché,Groupement des Mousquetaires,Intermarché Contact
way,201987057,46.1848515,6.2768633,74100008,Intermarché,Groupement des Mousquetaires,Intermarché
way,202171058,46.1937289,6.2411895,74100005,Esso,,Esso
way,202312679,47.8843270,2.5002730,45260001,Intermarché,,Intermarché
way,202335785,48.7756287,2.5932807,77340003,E.Leclerc,E. Leclerc,Station Service E.Leclerc
way,202347983,47.8861440,1.8282539,45380001,Intermarché,Groupement des Mousquetaires,Intermarché Super
way,202386584,44.5259779,2.2694896,12110002,Intermarché,,Intermarché
way,202445587,5.1724393,-52.6506358,,Total,,Total
way,202478850,43.4192840,5.2233580,13700013,Independent,LM Services,LM Services
way,202532949,48.1956425,-2.4174825,22230003,La Station U,,La Station U
way,202812640,49.7430635,3.7737695,2250001,Carrefour,,Carrefour Market
way,203164371,48.1879316,5.8934403,88140006,TotalEnergies,Total,TotalEnergies Access - Relais du Vair
way,203804959,5.1554296,-52.6708945,,Vito,Vito,Vito
way,204310528,50.3880590,2.3483810,62130003,Intermarché,,Intermarché
way,204442505,47.8818528,6.7608662,88160001,Total,Total,Station Total
way,204556964,-17.5233998,-149.5693558,,Shell,,Shell
way,204556978,-17.5239212,-149.5699998,,Shell,,Shell
way,204556985,-17.5255423,-149.5722907,,Total,,Total
way,204557059,-17.5066267,-149.4941507,,Shell,,Shell
way,204650981,45.5472206,6.1557883,73390008,Eni,,Eni
way,204691329,43.1078950,5.8679270,83500013,Total Access,,Relais Vignelongue
way,204988397,49.7068695,0.3648628,76400004,Élan,,
way,205702736,48.0645009,-1.6265853,35770001,E. Leclerc,,Station Service E. Leclerc
way,206365186,45.4135605,6.6400405,73120003,Avia,,Courchevel Auto Services
way,206690333,47.3482475,0.8406200,37270008,TotalEnergies,,Total
way,206767245,46.1923306,5.8142833,,Avia,,Avia
way,207054905,49.2941090,-1.5568890,50250002,Intermarché,,Intermarché
way,207101036,48.7686781,7.8645908,67240002,Super U,Super U,Super U
way,207176743,48.1850903,3.2860500,89100004,TotalEnergies,Total,TotalEnergies
way,208475022,47.8886187,-3.0143150,56150001,Carrefour,,Carrefour Market
way,208496458,45.0380107,3.0653241,15100005,Carrefour,Carrefour Market,Carrefour
way,208523881,44.9222825,2.8387110,,Elan,,Elan
way,208815837,47.4796484,2.4279190,18700001,Carrefour,,Carrefour
way,208949863,45.2891707,-0.9229959,33340003,E.Leclerc,E. Leclerc,Station Service E. Leclerc
way,208951633,45.3092733,-0.9372497,33340001,Total,,Total
way,208994541,43.6671305,-1.2858381,40230001,E.Leclerc,E. Leclerc,Station Service E. Leclerc
way,209083021,49.3801565,-1.2955400,50480001,Total,Total,Total
way,209152143,47.1141152,-0.9907737,49450001,U,U,Station service U
way,209158847,49.2881535,6.5295175,57320004,Intermarché,,Intermarché
way,209210731,47.5270973,1.9427214,,,,Motrio
way,209423469,43.1096282,5.8599799,83500004,E.Leclerc,E. Leclerc,Station Service E. Leclerc
way,209505484,47.6745985,-2.5700310,56250003,Intermarché,,Intermarché
way,209777718,46.8130118,4.8571055,71000010,E. Leclerc,E. Leclerc,
way,209802197,48.6562340,-3.6318569,22310001,E.Leclerc,,Station Service Super U
way,209915632,47.7785706,3.0780247,89350001,,,Maxi Marché
way,210236752,47.0207539,0.3336226,37120001,Intermarché,Groupement des Mousquetaires,Intermarché
way,210288919,49.4675989,-1.6400398,50260003,Intermarché,Groupement des Mousquetaires,Intermarché
way,210301487,44.3771627,2.5929638,12850007,TotalEnergies,SAS FABRE ET RUDELLE,Total Onet le Chateau
way,210349274,46.7921530,4.8292341,,,YACCO,
way,210574577,45.1604861,1.4398732,19600004,Shell,Shell,Shell
way,210671096,43.2992671,6.1838877,83660002,Intermarché,Intermarché,
way,210995934,49.0155937,2.4703007,95190005,TotalEnergies,,TotalEnergies Grand Pré
way,210996538,49.0221698,2.4569916,95190003,Carrefour,Carrefour,Carrefour
way,211006476,49.0375528,2.4554845,95190006,TotalEnergies,,Total Access
way,211192725,44.3059830,4.3426976,30430003,Carrefour Contact,,Carrefour Contact
way,211418422,47.2829610,5.0098195,21300007,Total,,Total
way,211493248,47.6894970,2.6437650,45500010,Carrefour Market,,Carrefour Market
way,211534641,43.1540294,6.0701417,83260001,Carrefour,Carrefour,
way,213142428,48.6796145,5.8721555,54200008,Intermarché,,Intermarché
way,215314052,43.2295498,3.0515026,11110001,Super U,Super U,La station
way,215475632,48.8084561,7.7778275,67500011,TotalEnergies,Total,Total
way,216084978,49.1095282,6.1705920,57000008,Esso Express,,Esso Express
way,216372399,48.5656710,2.4474570,91540003,Netto,Groupement des Mousquetaires,Netto
way,216597766,46.7920567,4.4466499,71200004,Intermarché,,Intermarché
way,217023013,48.9758841,2.6135171,77290002,Intermarché,Groupement des Mousquetaires,Intermarché
way,217466465,48.4670082,1.5793457,28300009,Shell,Shell,Shell
way,217466496,48.4679832,1.5773630,28300010,Shell,Shell,
way,217576726,44.2093222,-0.9262212,40210001,Intermarché,Groupement des Mousquetaires,Intermarché
way,218067183,43.3463506,-0.2551262,64160003,Intermarché,,Intermarché
way,218109363,45.7382372,1.7352280,87120005,Intermarché,,Intermarché
way,218155898,48.8472245,-1.2107500,50800005,Intermarché,,Intermarché
way,218231717,43.3296170,-1.0376380,64120004,Carrefour,,Carrefour Market
way,218232843,43.3307486,-1.0388836,64120001,Total,SARL Restoyburu,Total
way,218247699,45.4881620,5.4746190,,Avia,,Avia
way,218261256,44.8377014,-0.4859980,33370002,Total Access,,Total Access
way,218261811,44.8395694,-0.4921173,,,,
way,218337147,43.1309065,6.2193050,83250011,BP,,BP la Londe-les-Maures
way,218375291,44.0577447,1.1028997,82100006,Intermarché,,Intermarché
way,218700553,44.9268194,4.9156987,26000019,Eni,Eni,Eni
way,218749216,47.8801705,1.9341215,45650001,Intermarché,Groupement des Mousquetaires,Intermarché
way,218766662,46.7102900,-1.3186680,85280002,E.Leclerc,,Station Service E.Leclerc
way,218794661,44.7848867,-0.6361321,33600013,Auchan,Auchan,Auchan
way,218942272,48.5235575,-2.8520565,22440002,Intermarché,Groupement des Mousquetaires,Intermarché
way,219119378,49.0447127,2.0951302,95300004,,Total,
way,219129111,49.3128831,-1.0991985,14230002,Intermarché,,Intermarché
way,219873317,46.8505929,1.1426233,36290002,Total,,Total Contact
way,219955049,49.6210323,0.7657227,76190005,,,Relais du Roy d'Yvetot
way,220036130,48.3318091,6.3392335,88450002,Total,,Total
way,220108720,50.3767285,3.4749665,59494002,Auchan,Auchan,Auchan
way,220220969,44.1254176,1.2295874,82130003,Carrefour Contact,Carrefour,Carrefour Contact
way,220448679,44.1905675,0.6049402,47520003,Intermarché,Groupement des Mousquetaires,Intermarché
way,220458818,50.4579330,1.7574865,62170005,TotalEnergies,Total,Total Access
way,220497962,44.1923380,1.2864975,82220001,Intermarché,,Intermarché
way,220603028,45.3574246,0.6528591,24310003,Carrefour Market,Brantôme DB SAS,Carrefour Market
way,220882581,44.7609255,5.3568100,26150001,Intermarché,,Intermarché
way,220946296,50.2408955,2.6573640,62123005,Carrefour,,Carrefour
way,221071441,48.8316281,2.3594700,75013025,Total Access,,Total Access
way,221394153,45.0143993,-0.0135017,33660003,Système U,,Station Super U
way,221505128,43.9388007,4.5750649,30210001,Carrefour,,Carrefour
way,221548422,48.7376475,2.2949574,92160006,TotalEnergies,,Total
way,221634453,45.4285220,5.9955345,38530005,Intermarché,,Intermarché
way,221689117,49.0023574,2.1861605,95220006,TotalEnergies,Total,TotalEnergies
way,221841314,45.0455845,-0.1203331,33230001,E. Leclerc,E. Leclerc,Station E. Leclerc
way,221886158,50.1992825,2.8826830,62128011,Carrefour,Carrefour,Carrefour
way,221931625,43.1076490,6.1285550,83400015,Auchan,,Auchan
way,221994192,47.1853365,-1.6022494,44340006,Total Access,Total,Total Access
way,222023810,44.9037096,6.6290302,5100008,Total,Total,Relais Total La Grande Boucle
way,222061675,48.7298759,2.2449259,91300006,E.Leclerc,E. Leclerc,Station Service E. Leclerc
way,222071901,43.4567990,5.8524850,83470001,Système U,,Système U
way,222164796,50.1902860,3.3879040,59129001,,,Match
way,222723760,46.3480684,3.7933671,3130002,Dyneff,,Dyneff
way,223446032,49.4028931,2.7356482,60680003,Total Access,,Total Access
way,223459036,48.5228586,5.8938835,54170001,Total,,Total Colombey-les-Belles
way,223603038,48.6397442,2.2520633,91460008,Auchan,,Auchan
way,223689565,42.6561120,9.4409333,20600010,Vito,,Vito
way,223689805,42.6549261,9.4415200,20600004,TotalEnergies,,Total
way,223858328,43.6443161,6.8873161,6530002,,Groupement des Mousquetaires,SA Sokami
way,224206759,47.8034562,7.1194511,68800002,Intermarché,,Intermarché
way,224278019,49.8598727,0.6965822,76460003,TotalEnergies,,TotalEnergies
way,224331062,50.2967122,2.7685905,62000014,Total,Total,Total
way,224338997,47.7938674,7.1696017,68703001,E.Leclerc,E. Leclerc,Station Service E. Leclerc
way,224687504,45.7869775,5.4537850,1470002,Intermarché,Groupement des Mousquetaires,Intermarché
way,225189575,46.8535705,1.7105440,,AS 24,,AS24
way,225199264,43.7807909,1.4053064,31620002,Total,,Total
way,225427833,49.2383701,2.4701832,60740001,Carrefour,,Carrefour
way,225828054,49.1791372,6.0536696,57124001,Shell,Avia,Shell
way,226128869,48.1786940,3.0998100,89150004,,Schiever,
way,226247412,49.0100880,1.3970520,27120002,Intermarché,Groupement des Mousquetaires,Intermarché Super
way,226292959,48.6453940,-4.3694282,29890003,E.Leclerc,,E.Leclerc
way,226562561,48.7558398,2.0547202,78960001,Carrefour,,Carrefour
way,226677771,45.1814099,3.9163009,43800002,Intermarché,,Intermarché
way,226677773,45.1837982,3.9106539,43800001,Total,,Total
way,226679090,43.4216214,3.3135501,34290001,U,,Station Essence Super U
way,226854610,-22.2610937,166.4634067,,Shell,Shell,Shell Portes des Fer
way,226901506,44.7952835,-0.6045075,33600010,TotalEnergies,Total,Total
way,227367888,47.9617567,-3.1752255,56310001,Intermarché,Groupement des Mousquetaires,Intermarché
way,227472836,45.0271409,3.8801824,43750003,Carrefour,Carrefiur,Carrefour
way,227484106,48.4406448,6.7422796,54120004,Intermarché,,Intermarché
way,227599139,44.7857756,-0.5954036,33170003,Avia,,Avia
way,227599736,44.7853177,-0.6024898,33170005,Intermarché,,Intermarché
way,227599893,44.7772094,-0.6103319,33170008,TotalEnergies,,Total Access
way,227620783,45.0324031,5.3096468,26190001,,Garage Magnan,Garage Magnan
way,227709419,43.8085260,4.3341270,,Q8,,Station IDS
way,227710637,43.8214790,4.3294485,30900016,Total Access,,Total Access
way,227979746,43.6869681,3.8639625,34730001,Intermarché,Groupement des Mousquetaires,Station Essence Intermarché
way,228059474,44.8101679,-0.7747148,33127006,Intermarché,Intermarché,Intermarché
way,228084500,44.7481630,-0.5901132,33850001,E.Leclerc,E. Leclerc,Station Service E. Leclerc
way,228448222,44.6533940,-0.3357045,33410003,Intermarché,Intermarché,Intermarché
way,228944757,43.8217260,4.3371240,30900004,Esso Express,,Esso Express
way,228999453,47.5917036,7.5761315,68330001,,Match,Station Service Match
way,229217166,48.2170256,3.7403956,10160001,Intermarché,,Intermarché
way,229306877,48.6773975,2.9687565,77540002,Carrefour,,Carrefour
way,229793379,46.3200503,1.9130084,23220001,Intermarché,Groupement des Mousquetaires,Intermarché Contact
way,229868619,44.8983362,1.4629895,46200003,E.Leclerc,E. Leclerc,Station Service E. Leclerc
way,230071474,49.0481410,2.2016419,95740005,Total Access,Total,
way,230328508,44.7694649,-1.1112918,33740001,E.Leclerc,E. Leclerc,Station Service E. Leclerc
way,230370031,49.2781294,-0.1022350,14160003,Intermarché,Groupement des Mousquetaires,Intermarché
way,230631886,43.4403755,-0.3258612,64450001,Spar,,SPAR
way,230657185,43.4610767,6.6385411,83520002,Intermarché,Groupement des Mousquetaires,Intermarché
way,230705128,48.1783940,0.6635157,72400006,E. Leclerc,E. Leclerc,
way,231026522,48.6926995,6.1673927,54000008,Esso Express,Esso,Esso Express
way,231039390,46.1996473,5.2409261,1000013,Carrefour,Groupe Carrefour,Carrefour
way,231061411,43.2296723,-0.8739567,64130003,Intermarché,Groupement des Mousquetaires,Intermarché
way,231716587,47.2609105,1.3609989,41110001,Super U,Super U,Super U
way,231930957,48.8547765,7.0272710,,,,
way,232208456,43.8640472,3.3122372,34520002,TotalEnergies,Total,Total Energies
way,232508809,46.1970630,2.2385290,23230001,Carrefour,Carrefour,Carrefour Market
way,232932144,43.1345289,6.0484931,83260005,BP,BP,BP
way,232944111,43.6289816,4.1914952,30220003,Super U,,Super U
way,233141707,45.9008330,5.1907755,1800001,Carrefour,,Carrefour Market
way,233175421,48.0645862,0.7332111,72320005,Carrefour Contact,,Carrefour Contact
way,233227717,47.6137968,1.3251698,41000007,E.Leclerc,,Station Service E. Leclerc
way,233339709,50.9724055,2.4233285,59380002,Esso Express,Esso,Esso Express
way,233449544,43.1977887,-0.6174694,64400003,E.Leclerc,E. Leclerc,Station Service E.Leclerc
way,233452402,43.4208510,5.3667226,13480002,E.Leclerc,S.A. Sodiplan,Station Service E. Leclerc
way,233489368,48.9421965,2.0290507,78300003,E.Leclerc,E. Leclerc,Station Service E. Leclerc
way,233489369,48.8384913,-0.8716828,14500005,E. Leclerc,E. Leclerc,Station Service E. Leclerc
way,233489370,49.0090681,2.0858793,78702001,E. Leclerc,E. Leclerc,Station Service E. Leclerc - Conflans
way,233511691,48.2640686,7.4413364,67600004,E. Leclerc,E. Leclerc,Leclerc
way,233511692,48.4007016,-2.8989741,22800002,E.Leclerc,E. Leclerc,Station Service E. Leclerc
way,233511693,48.6106029,7.7378818,67300004,E.Leclerc,,Station Service E. Leclerc
way,233528340,43.0955080,1.6250297,9100004,E.Leclerc,E. Leclerc,E. Leclerc
way,233528343,43.8825548,5.3811821,84400003,E.Leclerc,E. Leclerc,Station Service E. Leclerc
way,233540388,47.2505051,-1.5183646,44300017,E.Leclerc,E. Leclerc,Station Service E. Leclerc
way,233540389,48.9894048,2.4335142,95500006,E. Leclerc,E. Leclerc,Station Service E. Leclerc
way,233540390,48.7322686,7.0460502,57402001,E.Leclerc,E. Leclerc,Station service E. Leclerc
way,233561517,46.4883169,3.9930396,71160002,E. Leclerc,E. Leclerc,Station Service E. Leclerc
way,233561518,47.7058180,-1.3875964,44110003,E. Leclerc,,
way,233561520,44.9140605,2.4413744,15004002,E.Leclerc,E. Leclerc,Station Service E.Leclerc
way,233561521,48.9535806,2.6068682,77270001,E.Leclerc,E. Leclerc,Station Service E. Leclerc
way,233561523,48.9559253,2.0417167,78955001,E.Leclerc,E. Leclerc,Station Service E. Leclerc
way,233561526,45.1450951,0.5235751,24110001,E. Leclerc,E. Leclerc,Station Service E. Leclerc
way,233574142,48.0924519,-4.3446618,29100003,E.Leclerc,E. Leclerc,Station Service E.Leclerc
way,233574143,49.5121840,1.0380204,76770002,E.Leclerc,,E. Leclerc
way,233574144,49.4587261,1.0444659,76380002,E.Leclerc,E. Leclerc,E. Leclerc
way,233574145,48.6578715,-1.9722273,35400007,E.Leclerc,,
way,233574150,43.6523244,6.9458295,6130007,E.Leclerc,E. Leclerc,Station Service E. Leclerc
way,233574907,48.4410138,2.1383119,91150008,E.Leclerc,E. Leclerc,Station Service E. Leclerc
way,233577113,49.2035136,4.0125667,51500002,E.Leclerc,E. Leclerc,Station Service E. Leclerc
way,233577114,43.8575361,1.5070912,31340001,E. Leclerc,E. Leclerc,Station Service E. Leclerc
way,233577115,45.6857072,-0.3393814,16100004,E.Leclerc,E. Leclerc,Station Service E.Leclerc
way,233577116,49.1008147,2.5281801,95472001,E.Leclerc,E. Leclerc,Station Service E. Leclerc
way,233577117,48.1902289,-2.7560725,22600004,E. Leclerc,E. Leclerc,Station Service E. Leclerc
way,233577120,49.1014833,0.6093774,27300004,E.Leclerc,,Station Service E. Leclerc
way,233577450,42.6864602,2.8827111,66005001,E.Leclerc,,Station Service E. Leclerc
way,233599519,43.5117343,1.3685007,31120006,E.Leclerc,,E. Leclerc
way,233599523,48.8936237,2.3029355,92300004,E.Leclerc,E. Leclerc,Station Service E.Leclerc
way,233612182,43.4973894,2.3996296,81660001,E. Leclerc,E. Leclerc,
way,233612188,49.7333521,1.4337443,76270001,E.Leclerc,E. Leclerc,Station Service E. Leclerc
way,233612191,47.9432965,1.9188396,45400004,E.Leclerc,E. Leclerc,Station Service E. Leclerc
way,233612192,47.9775406,2.7328363,45200004,E.Leclerc,E. Leclerc,E.Leclerc
way,233612197,46.6493256,-0.2227387,79208001,E.Leclerc,E. Leclerc,Station Service E. Leclerc
way,233613720,45.2541806,0.3489989,24600004,E.Leclerc,E. Leclerc,Station Service E. Leclerc
way,233617868,47.4320529,-2.0831852,44160003,E. Leclerc,E. Leclerc,Station Service E. Leclerc - Pontchâteau
way,233625662,48.7126923,3.7311948,51120003,E.Leclerc,E. Leclerc,
way,233625663,44.8542979,-0.0613744,33350002,E.Leclerc,E. Leclerc,Station Service E. Leclerc
way,233638181,48.2166101,3.2771140,89100006,E.Leclerc,E. Leclerc,
way,233638182,43.8370079,4.3948476,30000008,E.Leclerc,E. Leclerc,Station Service E. Leclerc
way,233638184,49.0418234,2.3393359,95570003,E.Leclerc,E. Leclerc,Station-Service E.Leclerc
way,233638185,44.4084613,0.7347100,47300003,E. Leclerc,E. Leclerc,Station Service E. Leclerc
way,233638187,49.1076306,-1.1338281,50180001,E.Leclerc,E. Leclerc,Station Service E. Leclerc
way,233638194,48.5734220,-1.0829568,50600004,E.Leclerc,E. Leclerc,
way,233647839,49.3018428,-1.2299176,50500003,E.Leclerc,E. Leclerc,Station Service E. Leclerc
way,233647841,47.8642338,-4.2349377,29120003,E. Leclerc,,E. Leclerc
way,233647842,47.8897221,-3.9164840,29900003,E. Leclerc,,
way,233647844,43.3742383,-0.6231545,64150004,E. Leclerc,E. Leclerc,Station Service E. Leclerc
way,233647845,43.2253580,2.3287235,11000007,E.Leclerc,Leclerc,Station Service E. Leclerc
way,233661569,46.4671510,4.1131787,71600003,E.Leclerc,E. Leclerc,Station Service E.Leclerc
way,233683351,47.8727828,3.9671747,89700002,E.Leclerc,E. Leclerc,Station Service E.Leclerc
way,233683355,45.8826328,4.4696988,69490001,E. Leclerc,E. Leclerc,Station service E. Leclerc
way,233686811,47.6288703,7.2602661,68130003,E. Leclerc,E. Leclerc,
way,233686812,47.3412091,-0.4325705,49320003,E. Leclerc,,Station Service E. Leclerc
way,233688068,48.7564917,5.1923062,55000004,E.Leclerc,E.Leclerc,Station Service E. Leclerc
way,233713205,49.1636820,5.8358221,54800003,E.Leclerc,E.Leclerc,Station Service E.Leclerc
way,233713945,43.9552450,2.1539173,81380001,E.Leclerc,E. Leclerc,Station Service E.Leclerc
way,233731265,49.6483673,2.5816139,80500003,E.Leclerc,E. Leclerc,Station Service E. Leclerc
way,233731267,44.2045783,-1.2179993,40200002,E. Leclerc,E. Leclerc,Station Service E. Leclerc
way,233731268,44.9235239,1.8445491,46130001,E.Leclerc,E. Leclerc,Station Service E. Leclerc
way,233731269,49.2886427,1.8059191,60590001,E.Leclerc,E.Leclerc,Station Service E. Leclerc
way,233870196,44.9090756,2.4459879,15000009,Intermarché,Groupement des Mousquetaires,Intermarché
way,233875096,48.0359748,3.3062615,89330001,Intermarché,Groupement des Mousquetaires,Intermarché
way,233889308,47.6463361,-2.0771226,44460001,E. Leclerc,,E. Leclerc
way,233897161,43.6222367,2.2155129,81100008,E.Leclerc,E. Leclerc,Station Service E. Leclerc - Castres
way,233897164,43.9188031,2.1074271,81000009,E.Leclerc,,Station Service E.Leclerc
way,233920008,50.6342118,3.0986953,59800002,E.Leclerc,E. Leclerc,Station Service E. Leclerc
way,233944501,46.4306838,-0.5026337,79160002,E.Leclerc,E. Leclerc,Station Service E.Leclerc
way,233944502,47.4761312,-1.7501342,44130003,E.Leclerc,E. Leclerc,Station Service E. Leclerc
way,233952119,47.7264950,-3.3213104,56670003,E.Leclerc,E. Leclerc,
way,233952121,48.9808376,-0.4774312,14520003,U,Super U,Station Service U - Thury-Harcourt
way,233960914,49.6598460,3.3457964,2800003,E.Leclerc,E. Leclerc,Station Service E. Leclerc
way,233960918,49.0033719,2.2608977,95390001,E.Leclerc,E. Leclerc,Station Service E. Leclerc
way,233960919,50.4060369,2.7562388,62143002,E.Leclerc,E. Leclerc,E. Leclerc
way,234179429,46.0330745,6.6371455,74300011,,,Spar
way,234204543,50.4473238,2.8649723,62218002,E.Leclerc,E. Leclerc,Station Service E. Leclerc
way,234204544,45.4278200,4.7413256,42410002,E.Leclerc,E. Leclerc,Station service E. Leclerc
way,234204547,48.9616582,2.0584336,78260001,E.Leclerc,E. Leclerc,Station Service E. Leclerc
way,234274641,47.2387100,5.9875105,25000016,,,GME
way,234288041,43.1205555,-0.8675150,,,,
way,234680954,45.4333100,4.4161793,42100005,Esso Express,Esso,Esso Express
way,234798428,48.8228822,8.0308760,67480002,E.Leclerc,E. Leclerc,Station Service E. Leclerc
way,234971646,47.3450315,6.3609478,25110002,Super U,,La station U
way,235166328,46.2059833,-1.0938697,17138010,Carrefour Contact,,Carrefour Contact
way,235288307,48.4625504,-0.1910649,53140003,TotalEnergies,,TotalEnergies
way,235319447,48.4637264,-0.1915770,53140001,U,,
way,235484363,45.2706250,0.1727615,,,,Garage Lacoste
way,235648443,43.9664795,1.5811815,,,,
way,235678834,47.6584572,-0.5740821,49330004,TotalEnergies,,Total Energies
way,235993853,47.2692278,4.5418891,21320001,Super U,,Super U
way,236065975,47.9182955,0.7668585,72120001,,Carrefour Market,
way,236644603,45.7921939,4.3540546,42360001,TotalEnergies,,TotalEnergies
way,236843121,42.5085064,8.8515964,20214003,Eni,,Eni
way,236910692,47.0595920,-0.9413995,49280001,TotalEnergies,,Total
way,237042157,43.6309886,2.2275111,,Renault,,Carrière et Fils
way,237052375,46.2553868,4.8898418,1290001,U,Super U,Super U Laiz
way,237432375,47.1438990,-0.8937189,49122001,Intermarché,,Intermarché
way,237569177,47.2294645,-0.4381505,49540002,Carrefour Contact,Carrefour,Carrefour Contact
way,237594192,48.7246218,7.6911884,67170010,BP,,BP
way,238126730,45.1578845,5.3343320,38160003,Intermarché,,Intermarché
way,238176793,45.1062883,2.8633849,15300003,Intermarché,Groupement des Mousquetaires,Station essence Intermarché Super
way,238283251,43.3729700,5.3535650,13015019,Total Access,,Total Access
way,238428793,48.8881729,6.2293304,54610001,Avia,,Avia
way,238456066,48.9191799,7.3776938,67290002,Carrefour Contact,,Carrefour contact
way,238460143,48.2752260,-2.6175189,,,,G20
way,238533096,44.5647595,4.7477734,26200007,Intermarché,Intermarché,Intermarché
way,238634060,47.0947785,-1.0058206,49450003,,Groupement des Mousquetaires,
way,238770633,45.5296485,5.6853525,73330002,Intermarché,Groupement des Mousquetaires,Station-service Intermarché
way,238976476,43.4750044,-0.9129135,64270001,Total,M. Jameau Christophe,
way,238982370,43.5081620,-1.4984652,,TotalEnergies,M. Castagnet Jean-Claude,Total Contact
way,239196857,49.1168306,6.2771893,57117001,Avia,Jean-Luc Pawlak,Avia
way,239476502,43.4615522,5.0062314,13920005,Esso,Esso Express,Esso Express
way,239636161,47.6021565,-0.8273725,,Elan,Garage Allard,Elan
way,239642555,47.3897691,0.0698548,49390001,Super U,,
way,239724183,48.7844020,3.3078587,77320002,Intermarché,Groupement des Mousquetaires,Intermarché
way,239734400,47.6148500,-0.4642950,49125001,Super U,,Super U
way,239804052,44.7201321,4.8056275,26270007,TotalEnergies,,Total Access
way,240044340,47.9676461,7.3024775,68250003,Intermarché,Groupement des Mousquetaires,Intermarché Rouffach
way,240190004,48.5758547,-2.1494970,22650002,Carrefour,,Carrefour
way,240269700,44.5914590,3.9070830,,Elan,,
way,240590461,47.1509034,5.7269595,39700014,TotalEnergies,,Total
way,240622385,43.5649606,2.1303097,81580001,Super U,,Station U
way,240645449,50.2186304,1.6248462,80550001,Carrefour Contact,,Carrefour Contact
way,240671894,47.8191790,4.7834085,,Avia,,Avia
way,240840387,50.4441350,2.9455380,62710001,Carrefour,Carrefour,Carrefour
way,240853606,50.4608702,2.9609160,62710002,Netto,,Netto
way,240935193,50.4313400,2.8645705,62221001,Intermarché,,Intermarché
way,241147338,47.4403401,-0.1978424,49250001,Intermarché,Groupement des Mousquetaires,Intermarché
way,241526692,50.4419340,2.6959223,62160001,Carrefour,,Carrefour
way,241662924,48.3418365,-0.2717925,53700001,U,Super U,U La Station
way,241766945,42.6055520,2.8964115,,,,
way,241792972,47.9293588,2.9254518,45220001,u express,Super U,u express
way,242238818,45.9221250,-1.0025715,17780001,Intermarché,Groupement des Mousquetaires,Intermarché
way,242252043,47.3835889,0.8432624,37270001,Système U,,Station U
way,242900306,47.1526150,5.7592370,39700018,Intermarché,,Intermarché
way,242990998,42.6247195,9.4366602,20620005,Vito,Vito,Vito
way,243275261,48.7402612,7.0727709,57400001,,Cora,Cora
way,243340155,46.8053527,4.4778449,71670001,E.Leclerc,,E. Leclerc
way,243363005,46.6703190,5.5741110,39570009,Carrefour,Carrefour,Carrefour
way,243399627,50.4865915,2.7459910,62980001,E.Leclerc,E. Leclerc,Station Service E. Leclerc
way,244473201,48.1561499,-1.8323055,35590007,Carrefour Contact,,Carrefour Contact
way,244589588,47.6845308,-2.6468916,56250004,Total,,Station Total Access
way,244693273,44.9678461,2.2011322,,Elan,,
way,244738564,42.5603360,8.7564423,20260002,TotalEnergies,Total,Relais de la balagne
way,244767410,47.8508640,-0.3519160,72300006,Super U,Super U,Station Service Super U
way,244842218,49.2428280,6.1691732,57300005,Total,,Total
way,244888869,44.8550870,2.2327795,15290001,,,Etablissements Lacombe
way,244987683,44.8588604,2.2922844,15220002,Total,CONSTANT AUTOMOBILES,
way,244997385,44.2865068,4.1101145,30160002,,,La Sauvegarde
way,245452644,43.1085443,-0.0391049,65100008,Netto,,
way,245543108,47.8310469,-0.3143737,72300003,Carrefour,Carrefour,Carrefour
way,245555001,43.8152140,4.3693366,30000016,E.Leclerc,E. Leclerc,Station Service E. Leclerc
way,245619634,48.2811588,7.4622235,67603001,E.Leclerc,E. Leclerc,Station Service E. Leclerc
way,245619635,48.3621315,2.5744681,77116001,E.Leclerc,E. Leclerc,E.Leclerc
way,245619637,45.5421068,4.8515279,38200004,E. Leclerc,,E. Leclerc
way,245619639,48.9286465,7.8961192,67250002,E.Leclerc,E. Leclerc,Station Service E. Leclerc
way,245619640,48.3616162,2.5730535,77760003,E. Leclerc,E. Leclerc,Station Service E. Leclerc
way,245619642,45.5421877,4.8511619,38200004,E. Leclerc,,E. Leclerc
way,245626641,47.3455265,0.6428740,37300001,Système U,,Station U
way,245856945,43.3754850,-1.6755511,64122001,E.Leclerc,E. Leclerc,Station Service E. Leclerc
way,246287266,43.5158834,5.4661055,13100017,Total Access,Total,Relais de l'Arc
way,246529071,46.0527216,3.9302525,42370003,Carrefour,,Carrefour Market
way,246615593,46.9206285,4.7502821,21190002,Carrefour,,
way,246983127,47.9233050,1.9078912,45400005,Intermarché,Groupement des Mousquetaires,Intermarché
way,247169795,43.5160756,5.4625577,13100008,Casino,,Casino
way,247234333,50.3058505,2.9519735,62118002,U,,La Station U
way,247264103,46.2885260,4.2993170,71800003,Independent,Relais Clayettois,
way,247291300,45.0421027,-0.5601398,33710002,Carrefour,Carrefour,Carrefour
way,247620410,48.5570158,6.3928833,54360002,Total,,Total
way,247802306,50.2773090,2.2934005,62270002,Carrefour Market,,Carrefour Market
way,248047332,44.9185579,-0.4804688,33440002,E.Leclerc,,E. Leclerc
way,248678466,47.7925137,-1.0660995,53800001,Intermarché,Groupement des Mousquetaires,Intermarché
way,249112084,43.2002299,0.0355109,65290001,Intermarché,Intermarché,Intermarché
way,249264413,49.8329119,0.9172198,76810002,Auchan,,Auchan
way,249742050,47.2952978,5.0254338,,,,
way,249742065,47.2952445,5.0258807,,,,
way,249880356,48.8441097,-3.1369114,22610001,,U,
way,250218326,47.6244540,1.2973240,41000001,Carrefour,Carrefour,Carrefour
way,250538009,47.6690050,-2.2984545,56220003,Super U,,Super U
way,250840710,4.8930444,-52.3318545,,Vito,Vito,Vito
way,251093232,49.1790074,6.9195078,57600014,Super U,Super U,
way,251252688,48.4833282,2.6965238,77590001,Carrefour Market,Carrefour Market,Carrefour Market
way,251734391,48.6766476,-1.3510777,50300005,Intermarché,Groupement des Mousquetaires,Intermarché
way,251767930,49.2230765,2.2937290,60530003,Carrefour,,Carrefour Market
way,251813218,47.9046058,-2.1129450,56380002,,Intermarché,
way,251979682,47.3883128,6.7674265,25150002,Intermarché,,Station Services Intermarché
way,251979688,47.3878458,6.7721612,25150005,Total Access,,Station Services Total
way,251985154,47.4409853,6.7784555,25700004,Intermarché,,Intermarché
way,251990012,47.5083491,6.8074355,25200007,Total Access,Total Access,Total Access
way,252064741,47.9456563,-2.1385482,,,,
way,252065126,47.9106700,-2.1232975,56380003,Carrefour,Carrefour Market Guer - Groupe Carrefour,Carrefour
way,252469705,46.9846232,5.5918504,39380001,Système U,Système U,Station U
way,252472249,45.3539499,5.3347072,38590001,Super U,Super U,Super U
way,252882454,44.6916275,-0.8557295,33380002,Intermarché,,Intermarché
way,253311875,47.9515616,1.9372537,,,,station ZT
way,253322882,48.5302495,-0.4725665,61140001,Carrefour,,Carrefour
way,253518950,47.0112943,4.8422821,,,Q8,
way,253691049,46.1059379,4.7467783,69220001,Carrefour,,Carrefour Market
way,253829072,49.3211345,2.3296475,60250003,Intermarché,,Intermarché
way,254317237,48.7813656,2.1726334,,Total Access,,Total Access
way,254540772,47.7913077,6.9626478,,Avia,,Avia
way,254659513,49.2252695,3.9620070,51370003,Intermarché,,Intermarché
way,254702321,47.2852191,5.0105422,21300004,Super U,,Super U
way,254824230,47.2360335,5.1107105,21110006,Intermarché,,Intermarché
way,254866137,48.6800410,2.5373972,91800005,Cora,Cora,Cora
way,255053824,44.5293660,0.7652545,,,,
way,255292686,43.2202028,6.1453768,83390005,Super U,,Super U
way,255325422,43.8775895,0.9876862,82500002,Intermarché,,Intermarché
way,255850697,48.7722540,-1.5674565,,Elan,,ELAN
way,255852476,45.9187648,6.8743643,74400001,Carrefour,Carrefour,Carrefour
way,256056336,45.3350396,5.2656261,38870001,Intermarché,,Intermarché
way,256242303,47.7334534,-3.3844867,56109002,Intermarché,Intermarché,Intermarché
way,256418240,43.8832644,-0.4979292,40000007,Intermarché,,Intermarché
way,256585678,47.6610091,-2.0844781,35600006,Elan,SARL Rouxel Garage,Elan
way,256868209,48.2814132,2.6989703,77140006,Intermarché,Groupement des Mousquetaires,Intermarché Hyper
way,257002797,46.2632525,6.0298980,1630003,Intermarché,Groupement des Mousquetaires,Intermarché
way,257225659,48.8119110,2.2712425,92140009,Esso,,Esso
way,257487545,48.0460400,1.6916775,45310001,,Groupement des Mousquetaires,
way,257497215,46.8918970,2.5705735,18130001,Avia,,Avia XPress
way,257529492,44.9400521,2.3207186,15250003,TotalEnergies,,Total
way,257999886,47.8129519,1.7475303,45370001,Intermarché,Groupement des Mousquetaires,Intermarché Contact
way,258102744,47.8022460,2.1470025,45510002,Intermarché,Groupement des Mousquetaires,Intermarché Contact
way,258175812,47.7659663,1.6117227,45190003,E.Leclerc,E. Leclerc,Station Service E. Leclerc
way,258282645,48.0289168,-1.7283833,35170002,Super U,Super U,
way,258301281,47.2768955,5.0730640,,,,
way,258318413,48.1993803,2.9922354,89690001,Intermarché,,Intermarché
way,258460602,48.3609636,-4.2595607,29460003,TotalEnergies,,Total
way,259601865,46.6627622,4.3939835,71300009,Intermarché,Groupement des Mousquetaires,Intermarché Super
way,259650795,48.7093560,2.2622063,90160002,Avia,,Avia Xpress
way,259963959,43.5859360,2.1712345,81710002,Total Access,,Total Access
way,260192756,47.8980731,7.2217974,68360004,Total,Total,Total
way,260334777,46.9886962,4.5238851,71360002,DATS 24,,Dats 24
way,260509605,43.4704632,6.5623754,83490001,TotalEnergies,,TotalEnergies
way,261731267,45.3717401,4.2075756,43110002,Auchan,,Auchan
way,261744491,46.7856758,4.9100102,71380002,Netto,Netto,Netto
way,262175672,47.4150320,-1.6598850,44810001,Super U,,
way,262724407,46.2746076,4.0339392,71110001,Super U,,Super U
way,262730115,47.7782863,7.3520218,68110010,Eni,Eni,Eni
way,262886357,44.6020152,4.7188413,7400003,TotalEnergies,,TotalEnergies Rochemaure
way,262897957,47.0148130,4.8399163,21200001,Carrefour,Carrefour,Carrefour
way,262934230,43.5369000,6.3894880,83780001,Campus,,Carrosserie Cotton Ludovic
way,263122876,49.1977495,-0.4609545,14980007,Esso Express,,Esso Express
way,263328439,48.0014350,-4.3362010,29710004,U,SARL Heol,La Station U
way,263447429,14.7456489,-60.9640243,,Vito,,Vito
way,264173129,43.4310375,6.4364290,83550004,Intermarché,,Intermarché
way,264367876,43.4856240,6.3667005,83510003,Intermarché,,Intermarché Lorgues
way,264521076,45.0688933,4.8649574,26600007,Intermarché,,Intermarché
way,265242173,48.6332960,-2.9785550,22290001,Super U,,Super U
way,265395065,43.1878525,2.5554420,11700001,Dyneff,,Dyneff
way,265524508,46.5591183,0.4983570,86800004,Carrefour,Carrefour,Carrefour
way,265592429,45.7149730,2.2468815,,,Elan,
way,265615451,44.8447967,0.1807239,33220001,,E.Leclerc,
way,265811130,47.4263798,0.9815227,37530002,Intermarché,Intermarché,Intermarché
way,266248092,42.6522954,9.4405385,20600011,Eni,Vito,Eni Campometa
way,266402651,43.4470120,6.4737500,83460004,Système U,,Système U
way,267026875,44.8415021,-0.7702450,33127004,Intermarché,,Intermarché
way,267064248,47.0111962,3.1782423,58660001,E. Leclerc,,
way,267213345,48.2678862,2.7135212,77140013,Auchan,,Auchan
way,267429660,43.9516013,4.8581740,84130014,Auchan,Auchan,Auchan
way,267521983,43.8001400,1.2201988,,TotalEnergies,,TotalEnergies
way,267652056,47.5300545,-1.1861780,44540001,Super U,Super U,Super U
way,268040494,45.9636091,6.1312138,74370003,Carrefour,carrefour contact,Carrefour contact
way,268489202,49.1553625,1.3485080,27600001,Auchan,,Auchan
way,268559380,47.5910402,-3.0267498,,,,Ponton carburants
way,269028590,43.4735585,6.5705455,83490005,Intermarché,,Intermarché
way,269162443,45.9449352,-1.3185582,17310004,E.Leclerc,,Station Service E.Leclerc
way,269776303,49.9132945,4.0762630,2500003,E.Leclerc,E. Leclerc,Station Service E.Leclerc
way,270410289,47.5764138,-2.6276427,56450004,Intermarché,,Station Intermarché
way,270563902,47.6398868,0.1521453,72800002,,Groupement des Mousquetaires,
way,270564326,47.6467550,0.1456406,72800003,TotalEnergies,,TotalEnergies
way,270584686,45.7405332,-0.6247847,17100013,Total Access,,Total Access
way,270770639,46.4930989,-1.7622080,85100003,TotalEnergies,,Setacam
way,270958093,43.4423079,6.7048592,83480001,Carrefour,Carrefour,Carrefour
way,271626123,44.9157695,0.9251060,24260001,Intermarché,Groupement des Mousquetaires,Intermarché
way,271728635,43.8862125,0.7638005,32380001,Intermarché,,
way,271798564,44.3058215,2.2491795,12240002,Intermarché,,Intermarché
way,271966382,46.3011520,1.6748074,23800001,Intermarché,Groupement des Mousquetaires,Intermarché Super
way,272615761,50.6558629,3.0740995,59110006,Total Access,Total,Total Access
way,272663829,48.7131416,6.2499484,54280003,Total Access,,Relais Seichamps
way,272706409,50.6168241,3.0245844,59000018,Total Access,Total,Total Access
way,273742217,44.1194648,1.1204445,82200008,Intermarché,,Intermarché
way,273818178,47.7202446,-1.3585170,44110005,Avia,,Avia
way,273875335,48.8614824,-0.8717016,14500003,Carrefour,,Carrefour
way,274002605,43.8589343,4.4331042,30320004,Intermarché,,Intermarché
way,274004291,43.8671813,4.4436370,30320001,Système U,,Station U
way,274027116,42.5680641,9.4411425,20290003,TotalEnergies,Total,Euromaster Marcelli Pneu Bastia Borgo
way,274581636,46.4387365,1.5815650,36270001,Système U,,Station U
way,274623516,47.7218426,1.9444054,45240001,Carrefour Market,Carrefour Market,Carrefour Market
way,274876641,48.8402221,-1.0520854,14380001,Carrefour,Carrefour,Carrefour
way,275240170,46.6042225,1.5080045,36200003,Mousquetaires,Groupement des Mousquetaires,
way,275436893,43.1749645,-0.2342320,64800005,Intermarché,Groupement des Mousquetaires,Intermarché
way,275846699,43.3569950,3.5217435,34340002,Carrefour,Carrefour,Carrefour
way,275882533,48.1473104,-0.4126726,53600001,U,Super U,U La Station
way,275888008,48.1494488,-0.4087890,53600002,TotalEnergies,,Total
way,276641865,49.3022180,-1.2629010,50500005,Intermarché,Groupement des Mousquetaires,Intermarché
way,277839074,48.8825849,-1.0923913,,,,
way,278509075,46.1087394,6.5823446,74440001,Super U,Super U,Station Service Super U
way,278608959,48.4760582,3.1395348,77520002,Intermarché,,Intermarché
way,278858930,49.1138455,-0.3746991,14320003,Carrefour,,Carrefour
way,278860365,49.1150937,-0.3741950,14320004,TotalEnergies,,Total
way,279003933,16.1330824,-61.5801997,,Total,,Total
way,279011598,47.3919185,0.5389393,37230004,Super U,,Super U
way,279582108,49.3589310,1.7712960,60590002,Carrefour Contact,,Carrefour Contact Serifontaine
way,279722018,49.1113230,1.4512305,27950001,Total,,
way,279916786,50.6644079,3.1001319,59700008,Total,,Total
way,279957692,48.5473770,-1.7421156,35120002,Super U,Super U,Super U
way,280178030,48.0287065,-1.7620580,35170001,Intermarché,Groupement des Mousquetaires,Intermarché
way,280406094,46.6413316,1.4244796,36800001,Carrefour Market,,Carrefour Market
way,280989366,45.9044230,4.8199431,1600004,Intermarché,,Intermarché
way,280998343,49.4122916,1.3680465,27910001,Intermarché,Groupement des Mousquetaires,Intermarché Super
way,281032548,46.9972276,2.2533763,18400004,Carrefour,,Carrefour
way,281033051,47.0052285,2.2676763,18400001,Super U,,Super U
way,281869643,47.7787890,-2.1260480,56200004,Casino,,Station Casino
way,282306860,48.0712442,-1.3937369,35113002,Carrefour Market,,Carrefour Market
way,282537373,47.0215752,3.1471180,58640001,Intermarché,Intermarché,Intermarché
way,283086936,47.1537724,2.2125554,18500008,Carrefour,,
way,283757270,49.6704325,1.2845605,76680001,Carrefour,,Carrefour
way,283839211,46.4425830,1.3935385,36170001,Avia,,Avia
way,283839270,46.4441692,1.3952830,,La station,,Station U
way,284490134,42.9916090,-0.4226665,64440002,Intermarché,,Intermarché
way,284777857,45.1826385,5.7342717,38000019,Eni,Eni,Eni
way,285018548,49.8302400,0.9058408,76740002,Intermarché,,Intermarché
way,285268040,42.7832212,3.0339265,66420001,Montaner et Fils,,Montaner et Fils
way,285321009,48.8306230,6.0681405,54380010,Intermarché,,Intermarché
way,285512957,46.9521461,4.6268360,21340001,Avia,,Avia XPress
way,285622900,43.5362365,-0.4101586,64410001,Carrefour Contact,,Carrefour Contact
way,285698243,48.3345319,3.0645039,89340003,Intermarché,Groupement des Mousquetaires,Intermarché
way,285753940,48.7297988,4.6026251,51303001,E.Leclerc,E. Leclerc,Station Service E. Leclerc
way,286349090,48.2488326,-4.4138529,29160004,E.Leclerc,CROZONDIS EXPRESS,Station Service E.Leclerc
way,286618315,14.5362698,-61.0311536,,Vito,,Vito
way,286642779,14.5394090,-61.0662120,,Vito,,Vito
way,286726079,44.1851695,0.6638429,,Avia,,Avia
way,286730662,44.1853179,0.6635889,,Avia,,Avia
way,286734010,44.1857728,0.6624355,,Total,,Total
way,286913069,48.4165047,2.7233295,77210001,Esso,,Esso
way,287024074,5.4970880,-54.0294899,,Total Access,,Station du Maroni
way,287149422,16.0499749,-61.5630039,,Vito,,Vito
way,287150188,16.0375447,-61.5670041,,Total,,Total
way,287153107,16.0407594,-61.5664441,,,,CAP
way,287184345,14.5455618,-60.9710692,,Vito,,Vito
way,287247779,14.7745121,-60.9869593,,Vito,,Vito
way,287249459,14.7842951,-60.9952251,,Esso,,Esso
way,287352400,16.3391188,-61.4564532,,Total,Total,Total
way,287361605,16.3112325,-61.4866472,,Total,,Total
way,287362201,16.3195427,-61.4280964,,Total,,Total
way,287362874,16.3226922,-61.4161135,,Total,,Total
way,287365345,16.3098596,-61.4882672,,Total,,Total
way,287481405,14.7318530,-60.9517600,,Esso,,Esso
way,287482400,14.7304014,-60.9500318,,Total,,Total
way,287483174,14.7475668,-60.9647918,,Total,,Total
way,287608918,48.6726230,6.1537485,54600005,TotalEnergies,,TotalEnergies Aiguillettes
way,287637628,42.8081550,0.5983960,31110002,Intermarché,,Intermarché
way,287726259,15.9774922,-61.6388960,,Esso,Esso,Esso
way,287756477,45.9638046,2.1926561,23200002,Intermarché,,Intermarché
way,287779804,14.4720851,-60.8791463,,Esso,,Esso
way,287913531,48.0615600,1.3350286,28200002,Total,,Total
way,287915806,48.0888909,1.3351538,28200005,Intermarché,Groupement des Mousquetaires,Intermarché
way,287940730,43.0887505,0.5629495,31210009,Carrefour Market,,Carrefour Market
way,288028209,44.7037039,-1.0380620,33138001,Intermarché,Intermarché,Intermarché
way,288225562,49.0241779,0.4188879,14290001,Carrefour,,Carrefour
way,288226570,49.0177707,0.4118257,,,,
way,288519706,46.0550374,5.3344255,1160005,Total Access,,Total Access
way,289155259,43.3136825,3.4176925,34450001,Total,,Total Contact
way,289357258,48.4079543,2.6877453,77300005,BP,,BP
way,289728401,48.6195718,2.4928155,91250001,Auchan,,
way,289734121,16.3030155,-61.0719151,,Total,,Total
way,290367347,44.6454390,1.2251020,,TotalEnergies,,Total
way,290745190,49.7757769,1.9789781,80290001,Carrefour,,Carrefour
way,290754836,46.1083666,2.1782388,23130002,8 à Huit,8 à Huit,
way,290789749,49.8078615,1.9691878,80290008,BP,,BP
way,290790327,49.8077780,1.9683243,80290003,BP,,BP
way,290819862,44.8261782,1.6917966,,Elan,,ELAN
way,291339898,50.0464635,2.1447800,80850001,Intermarché,,Intermarché
way,291766538,44.0648749,0.4287608,,,,
way,292079638,48.4242023,1.3610471,28190001,Intermarché,,Station Service Intermarché
way,292357280,46.1561124,4.1669500,42190004,TotalEnergies,,TotalEnergies
way,293168759,48.7639901,7.2553028,57370003,E.Leclerc,Phaldis,E. Leclerc Express
way,293272291,48.5337561,2.6158617,77350004,Intermarché,Intermarché,Intermarché
way,293393345,47.8339620,-0.2988893,72301001,TotalEnergies,,Total
way,293892318,44.9541095,1.7104090,46110003,Avia,,Avia
way,294053125,49.9896806,2.2601932,80260003,Netto,Les Mousquetaires,Netto
way,294136472,48.5230880,6.1580065,54134002,Total,,Total
way,294350912,49.4833217,0.8067089,76580002,Carrefour,,Carrefour
way,294397803,50.0095800,2.0033404,80510004,Carrefour,,Carrefour
way,294841952,41.4968602,9.0470332,20131001,Vito,,
way,295115176,48.4135266,1.6006107,28630004,CocciMarket,Coccimarket,CocciMarket
way,295164719,43.7726868,2.1837588,81120001,Total,,
way,295340328,46.5382719,-1.2304088,85320002,Intermarché,,
way,295383064,47.4391247,-1.4802750,44390001,Intermarché,Intermarché,Intermarché
way,295388977,43.6947630,5.4925702,84120001,U,Sytème U,Station U
way,295470316,42.7048398,9.4534140,20200008,Esso,Eni,Eni
way,296012911,47.8052919,-2.4032160,56140002,Système U,,Station U
way,296596777,5.1557205,-52.6691705,,Total,Total,Total
way,297111452,48.7283946,7.0281220,57400003,TotalEnergies,,TotalEnergies Access
way,297179429,44.7411261,2.0193885,,,,
way,297412253,47.1547549,-1.5372817,44400005,TotalEnergies,Total,Total Access
way,297412256,47.2112171,-1.6188228,44800008,Total Access,Total,Total Access
way,297412257,47.2143125,-1.6062814,44100006,TotalEnergies,Total,Total Access Relais Nantes Tertre
way,297412264,47.2652345,-1.4896309,44470006,Total Access,Total,Total Access
way,297421322,47.2296771,-2.1552938,,TotalEnergies,Total Energies Access,RELAIS SAINT BREVIN HAUTIERE
way,297421324,47.2928424,-2.2094292,44570006,Total Access,Total,Total Access
way,297421326,47.0720042,-0.8570118,49300016,TotalEnergies,,Total Access
way,297421327,46.3164972,-0.4731300,79000013,Total Access,Total,Total Access
way,297421329,46.3404467,-0.3949128,79180002,Total Access,Total,Total Access
way,297539486,47.1992726,-1.5185644,44230004,Intermarché,Les Mousquetaires,Intermarché
way,297539487,47.1927746,-1.4916314,44230003,Auchan,Auchan,Auchan
way,297543551,47.1798016,-1.5332872,44400006,Intermarché,Les Mousquetaires,Intermarché
way,297543553,47.1939353,-1.5715402,44406001,E.Leclerc,,Station Service E. Leclerc
way,297635727,47.2236822,-1.5298016,44100005,TotalEnergies,Total,Total
way,297635728,47.2352614,-1.5198300,44300013,Esso Express,Esso,Esso Express
way,297635729,47.2377391,-1.5329167,44000005,TotalEnergies,Total,TotalEnergies
way,297635733,47.2478916,-1.5123003,44300018,E.Leclerc,E.Leclerc,Station Service E. Leclerc
way,297635734,47.2568048,-1.5112070,44000001,Carrefour,Carrefour,Carrefour
way,297734299,44.7833835,1.9007845,,,,Station service 24/24
way,297745892,42.9607458,0.5688685,,,,
way,297766248,45.7097698,4.8838472,69200005,Esso Express,Esso,Esso Express
way,298996128,45.9804365,2.2889700,,,,
way,299008808,48.2740420,-2.1864615,22350006,Esso,,Esso
way,299487849,45.6359424,5.8833340,,,,
way,299924201,48.6578442,6.1122524,54600004,Intermarché,Intermarché,Intermarché
way,300161499,3.9009403,-51.8101967,,Total,Total,
way,300278593,15.9813026,-61.7157389,,Total,,Total
way,300278867,15.9948865,-61.7078811,,Total,,Total Gaelan Saint-Charles
way,300581256,46.6224206,5.2252081,71500004,E.Leclerc,E. Leclerc,Station Service E.Leclerc
way,300944983,48.9083137,-1.1043952,,,,
way,300945265,48.9080902,-1.1041314,,,,
way,301629444,45.4317582,4.0709081,42380001,Super U,,Super U
way,302149557,46.5991682,1.7766507,36230002,Système U,,U Express
way,302292347,43.4705092,-1.5362427,,Total,,Total
way,303300833,46.7163415,1.5951308,36350002,Total,Total,Relais Total Des Mille Étangs
way,303480004,45.1104885,3.4918290,43300004,Intermarché,,
way,303540452,49.5076337,0.1746299,76610002,Esso Express,esso,Esso Express
way,303838889,46.1767287,1.8979210,23000006,Intermarché,Groupement des Mousquetaires,Intermarché
way,304069706,48.0581735,-3.8284655,,Total,,Total
way,304946043,48.3212951,2.6860412,77880001,Total,Total,Total Contact
way,305085256,46.8881921,1.4341411,36500005,Carrefour,,Carrefour Market
way,305201447,44.7243175,3.8610345,48300003,Intermarché,,Station service Intermarché
way,306113765,43.2855029,0.6508948,31350004,Avia,,Avia Xpress
way,306285288,44.0545990,0.2657435,,,AVIA,
way,306474909,48.9818502,2.4310034,95400003,Esso,,Esso
way,306604899,46.9981020,3.1074755,58180001,Carrefour,Carrefour,Station service Carrefour
way,306824198,47.3922216,-2.4589654,44420003,Carrefour,,
way,307250900,48.8031155,7.8110976,67500003,Auchan,,Auchan
way,307568729,46.8325810,2.9372627,18600003,Intermarché,Groupement des Mousquetaires,Intermarché Super
way,307605918,47.2852660,1.5374718,41130003,Système U,,Station U
way,307687136,48.1985200,-2.9870930,22530001,Intermarché,,Intermarché
way,308046113,44.7460494,-0.7035692,33610008,Shell,Shell,Shell
way,308046299,44.7147057,-0.6927557,,,,
way,308195258,43.0206393,0.6091224,65370003,Carrefour Contact,,Carrefour Contact
way,308640937,43.4273572,6.7862670,83700008,Auchan,,
way,308771053,48.8467973,2.4162423,94160001,Avia,,Avia
way,308794511,45.7383147,4.0121635,42130005,,Netto,
way,308799248,48.5525337,2.6695895,77950001,Carrefour,,Station Service Carrefour Market
way,309008769,48.2417279,2.9012065,77710001,Intermarché,Groupement des Mousquetaires,Intermarché Contact
way,309075455,46.9079021,0.5226775,86100013,Esso,Esso,Esso
way,309458309,46.4582420,5.0689535,1560001,Intermarché,,Intermarché
way,309742137,48.9126350,1.2657295,27220001,Carrefour Market,,Carrefour Market
way,309826066,45.4195885,4.7383265,,TotalEnergies,,Total Contact Chavanay
way,309934811,43.2462860,5.4158149,13009011,Intermarché,,
way,310254650,47.8910892,0.0424054,72210001,Système U,,Station U
way,310294070,48.7222320,-0.0569160,61200008,Avia,,Avia
way,310761458,49.0723341,6.6986698,57730001,Super U,Super U,Super U
way,310807910,44.2615433,1.1445128,82110001,Intermarché,,Intermarché
way,310943770,16.2568087,-61.3089013,,Vito,,Vito
way,311247536,48.1778080,-2.7609315,,,,
way,311541029,48.6992640,5.3050755,55500003,Avia,,Avia - Relais de l'Ornain
way,311929994,46.8377358,4.9966645,71620002,Total,,Total
way,311943145,46.8131888,5.0636581,71620001,,,Maximarché
way,311945699,49.1668789,1.3371468,27940003,Intermarché,Intermarché,Intermarché
way,312146890,-17.5453526,-149.5774925,,E.Leclerc,,Station service
way,312146968,-17.5464189,-149.5794283,,TotalEnergies,,Total
way,312322627,45.4199376,4.6930410,42410006,Carrefour,Carrefour,Carrefour 24/24
way,313921382,47.4995280,4.1255120,21460002,Avia,,Avia
way,314764465,47.1954220,2.5666840,18220001,Carrefour,Carrefour Market,
way,314808259,49.0187676,1.1398545,27000008,TotalEnergies,,Total
way,314808746,49.0265145,1.1559630,27000003,Système U,,Système U
way,315083720,49.8049948,4.6201938,8090001,Esso Express,,Le Pont Leroy
way,315241801,43.8526480,4.6302585,,,,
way,315314784,47.2090505,-1.5108555,44230002,Super U,,
way,315456469,49.0116397,1.3725368,27120003,Système U,,Station U
way,315532199,45.9637100,5.8372305,74910003,,Carrefour,
way,315605515,46.7776040,4.8972680,71380003,Carrefour,,Carrefour Market
way,315863322,49.0118432,2.3513201,95350002,Carrefour,Carrefour,C. C. Carrefour
way,316084584,46.8269398,4.8264922,,,Edeis,
way,316652437,42.5201078,9.4397760,20290008,Vito,Vito,Vito
way,316734482,46.0265148,2.4959396,23700001,Intermarché,Groupe Les mousquetaires,Intermarché
way,316847639,49.1345407,4.3658997,51400004,Intermarché,Groupement des Mousquetaires,Intermarché
way,317219055,44.1141451,1.1125937,82200009,Intermarché,Intermarché,Intermarché
way,317246611,48.6234715,-2.4404900,22430001,Super U,,Super U
way,317411881,46.2273275,-0.8733150,17170003,Carrefour Market,,Station Carrefour
way,318569585,46.8655837,4.1903500,71190003,Carrefour,,
way,318878224,48.6257767,-1.9933078,35400006,Carrefour,,Carrefour
way,319355557,48.2686755,2.6759517,77140003,Carrefour,,Carrefour Market
way,319371372,45.2978354,5.4861545,38210004,Intermarché,,
way,319497884,45.8220785,3.7650930,42440004,Intermarché,Groupement des Mousquetaires,Intermarché Super
way,319587464,45.3920140,3.9412845,,Avia,,Avia
way,320031593,48.6424610,4.9026871,52100018,Shell,Shell,Shell
way,320031931,48.6420260,4.9014715,52100019,Shell,,Shell
way,320166656,44.6857050,2.8516668,12210001,Casino,,Casino Carburants
way,320197813,48.4107670,-0.8086755,53120004,TotalEnergies,Total,Total
way,320294055,49.1949595,4.1405635,51500003,Intermarché,,Intermarché Contact
way,320337775,48.7902627,2.6414142,77680004,Intermarché,,Intermarché
way,320348635,45.8139594,-0.7739152,17250003,Intermarché,,Intermarché
way,320579474,49.7045070,4.1115355,2360001,Intermarché,,Intermarché
way,320748054,48.4970736,2.8032629,77820003,E.Leclerc,,Station Service E.Leclerc
way,321298193,48.1135625,-1.0273375,53410004,Carrefour Express,,
way,321468121,42.5249403,9.4410131,20290002,Total,,Total
way,321468278,42.5429308,9.4422658,20290010,Esso,Esso,Esso
way,322289271,47.8033330,-0.1677333,72300004,Shell,Shell,Shell
way,322728093,47.6229585,4.3541285,21500005,Intermarché,Groupement des Mousquetaires,Intermarché
way,323081106,18.0730772,-63.0807827,,,,Artsen Service Center
way,323141243,45.8333045,4.0199095,42260001,Intermarché,,Intermarché
way,323527195,48.4756125,1.0250785,28240005,Intermarché,Groupement des Mousquetaires,Intermarché
way,323699782,45.6825575,4.1545931,42600011,Shell,,Shell
way,325013660,45.7491720,3.0628550,63122002,Intermarché,Intermarché,Station Service Intermarché
way,325158134,49.9828911,1.5623427,80190003,Intermarché,Groupement des Mousquetaires,Intermarché
way,326648787,48.2622154,4.0354003,10120004,Super U,,Super U
way,327094580,43.9893779,2.1391660,81130001,Intermarché,,Station Service Intermarché Cagnac les Mines
way,327488402,48.7604765,5.1831395,55000001,Auchan,Auchan,Auchan
way,327529028,45.6929135,4.8600526,69190012,TotalEnergies,Total Energies,Total Energies
way,327874499,48.6872200,-2.9305895,22580001,,Carrefour Market,
way,327991534,46.1685368,2.4825488,23110002,La Station U,Super U,La Station U
way,328144390,42.9598425,2.5290790,,dyneff,,Comptoir Rural de l'Aude
way,328420052,44.4615441,1.4508303,46000006,Intermarché,Groupement des Mousquetaires,
way,329080389,48.3716025,0.5831295,61130004,TotalEnergies,,TotalEnergies
way,329080551,48.3752345,0.5420015,61130001,Carrefour Market,,Carrefour Market
way,329201586,43.4015502,-1.6333045,64500005,E.Leclerc,E. Leclerc,E. Leclerc
way,329307360,48.1705606,0.4177387,72110001,Super U,,Super U
way,329308983,48.1777670,0.4371237,72110004,Esso,,Esso
way,329626570,44.0252950,1.3317005,82000007,Elan,Kaï,Elan
way,329666364,44.0255715,1.3320864,82000016,Total,Total,Total
way,329715077,49.7905313,2.4694342,80110002,Carrefour,,
way,329717275,49.7865594,2.4699416,80110001,Total,Total,
way,330128551,43.6496370,1.3375960,31700006,Intermarché,Groupement des Mousquetaires,Intermarché
way,330341288,43.7071013,4.2690167,30600003,Intermarché,,Intermarché
way,330410598,48.6038995,-1.9763321,35430001,,Cora,Station Service Cora
way,330812238,18.0943928,-63.0656817,,Gess,,Delta Petroleum
way,330972842,49.1713194,0.2166173,14100006,Système U,,Station U
way,331443934,48.6495996,-1.9914113,35400002,Total,,Total
way,331897616,48.0413671,3.0629632,45320005,Esso,,
way,331991450,47.1756914,-2.1464558,44730002,Système U,,Station U
way,332115914,47.4823969,-2.4705255,56760003,Carrefour Market,,
way,332247030,45.0889573,1.9417431,19400005,Total,,Total
way,332619514,42.2593507,9.5470539,20230011,Total,Total,Total
way,332905311,49.8422655,1.7781420,80430002,Carrefour,,
way,333033366,48.8734686,3.5417394,51210004,E.Leclerc,,Station Service E. Leclerc
way,333350258,46.1657547,1.6487605,23240002,Elan,Elan,Elan
way,333378794,48.4274785,0.7900660,61110002,Intermarché,,Intermarché Super
way,333548241,48.1977245,1.8901815,28310006,Intermarché,Groupement des Mousquetaires,Intermarché
way,333563949,43.6622023,7.0568082,6330003,Total,Total,Relais de Roquefort-les-Pins
way,334041013,48.7502215,-3.4578650,22300003,E.Leclerc,E. Leclerc,Station Service E. Leclerc
way,334274687,49.0018919,2.1794824,95220003,Esso Express,,Esso Express
way,334999194,44.4323680,2.1916974,12350001,,,Barrau Franck
way,335244778,45.6841642,5.4513882,38510003,Intermarché,,Intermarché
way,335678620,48.9879945,1.8201827,78440001,Carrefour,,Carrefour Market
way,335702648,49.4735570,-1.7870875,50340001,Avia,,Avia
way,335834823,49.8766178,1.2346193,76510001,Intermarché,Groupement des Mousquetaires,Intermarché Super
way,336033233,49.2046843,3.5081947,,Netto,Groupement des Mousquetaires,Netto
way,336034259,49.2029301,3.5159720,2130001,Super U,,station U
way,336090571,49.0604742,2.1694110,95540002,Intermarché,Intermarché,Intermarché
way,336121604,49.4711138,1.0436545,76250001,Carrefour,La Dévilloise,Carrefour Market
way,336129036,48.7528992,2.2723667,91370001,Esso Express,,Esso Express
way,336318745,47.2722660,6.1037065,25220003,Super U,Super U,La Station U
way,336403786,47.8950820,-2.8373536,56500003,Intermarché,Intermarché,Intermarché
way,336798058,46.3002540,2.7369510,3600003,,Groupement des Mousquetaires,
way,336857831,47.8999414,-2.8376971,56500005,E. Leclerc,,Station Service E. Leclerc
way,337397041,46.3106277,3.2837477,3500008,Carrefour,,Carrefour
way,337495383,48.7510278,2.3907426,,AS 24,AS 24,AS 24
way,337593712,46.1669711,5.6907301,1130002,Avia,,Avia
way,337646253,48.3045560,6.1324580,88500001,Carrefour,,Carrefour
way,337856689,48.7353120,7.0472448,57400005,Esso Express,Esso,Esso Express
way,338172797,44.0897086,6.2371447,4000004,E.Leclerc,Groupement des Mousquetaires,Station Service Intermarché
way,338184687,47.9098065,1.2305775,41160001,Carrefour,,Carrefour Contact
way,338333516,44.3500965,2.9722918,12150005,,A O ser.dis,Terre des Grands Causses
way,338595155,49.9391631,1.6243541,80220003,Intermarché,Groupement des Mousquetaires,Intermarché Super
way,338798304,48.4364430,1.5204625,28000009,Total,Total,Relais Rocade Chartres
way,338824000,43.3879650,3.4893444,34810001,Super U,,
way,339235559,47.1066615,4.6574490,21360001,Avia,,Avia XPress
way,339708885,48.6456879,7.4528521,67310003,E.Leclerc,E. Leclerc,E. Leclerc
way,339924206,49.0811279,3.6503688,51700007,Total Access,TOTAL,Total Access
way,339975957,47.6071310,1.1485130,41190002,Intermarché,Groupement des Mousquetaires,
way,340447647,47.5885530,1.3125575,41000023,Avia,,Avia
way,340644816,43.8670894,-0.4849073,40280006,E.Leclerc,,E. Leclerc
way,340665156,48.7161560,2.0849432,78470001,Carrefour,,Station service Carrefour Market
way,341548573,49.1779025,-0.6230135,14250002,Carrefour,,Carrefour
way,341766788,48.0840980,-1.6761765,35000021,Total Access,,Total Access
way,342011661,47.6472665,-3.1600040,56410001,Intermarché,,
way,342149169,43.2110984,1.0852607,31220002,Carrefour,Carrefour Market,Carrefour
way,342378539,44.0333750,1.2186214,82290001,Intermarché,Groupement des Mousquetaires,Intermarché
way,342552790,47.0560214,6.6089085,25500001,BP,Cyprien Rognon,BP
way,342552791,47.0558140,6.6089671,25500001,,Cyprien Rognon,
way,343997095,46.2455270,3.6115635,3120004,TotalEnergies,,
way,344229035,47.6176905,2.4933935,45720002,Intermarché,Groupement des Mousquetaires,Intermarché
way,344273890,43.5756726,1.4881728,31400002,Avia,Avia,Avia
way,344273891,43.5748240,1.4895126,31400006,Esso,Esso Express,Esso
way,344488493,47.9785929,1.8576004,,Total,Total,Total
way,344873048,48.6286474,-2.0053909,35400010,Total Access,,Total Access
way,345681817,46.3663758,2.5630561,3410008,E.Leclerc,,E. Leclerc
way,347721297,45.8193725,3.1493675,63360003,Intermarché,Groupement des Mousquetaires,Intermarché
way,348370586,48.9327338,6.6526513,57340003,Intermarché,,Intermarché
way,348709354,48.4095911,1.4654093,28600002,E.Leclerc,Sodichar,Station Service E.Leclerc
way,348740986,43.9193817,2.0285044,81150003,TotalEnergies,EURL MARSSAC MOTOCULTURE,Total
way,350359677,48.8848653,2.5067467,93250004,Esso,Esso,Esso du Chalet
way,351425127,49.1830702,-0.4029993,14000009,Super U,,Super U Caen Beaulieu
way,351804348,43.5662342,2.0049748,81700006,Carrefour,,Carrefour Contact
way,352299511,43.9695021,1.4227190,,Delmas Carburants,,Delmas Carburants
way,352534044,47.5858104,2.7590294,45360005,,,G20
way,353417531,48.1411980,-1.7660115,35743001,Cora,Cora,Cora
way,353503034,48.3427092,0.3701522,72600002,Intermarché,Groupement des Mousquetaires,Intermarché
way,353777458,47.5289570,3.0688445,58310002,Carrefour,,Carrefour
way,354628404,48.0648035,2.4208355,45340001,Système U,,Station U
way,356666203,43.6569014,6.1211235,83630003,Système U,Super U,La Station U
way,357197565,44.6318964,3.6761578,48170001,Total,,Total
way,357281389,43.3730832,6.2034141,83340008,Super U,,
way,358252367,47.8568080,-1.6904345,35470001,E.Leclerc,Dacar,E. Leclerc
way,358539261,48.9450235,2.1417525,78600002,BP,,BP
way,358682647,43.2517770,5.7847505,,,,Station Avitaillement TR0
way,358682874,43.2518927,5.7845318,,,,
way,359519625,49.0268313,1.1797014,27000004,Intermarché,,Intermarché
way,359759750,49.3973478,0.2109629,14600004,Intermarché,Intermarché,Intermarché
way,359908154,43.8678992,5.1469695,84660002,Super U,,Super U
way,360403372,47.8598905,-0.1037755,72430002,Carrefour,,Carrefour
way,360466582,49.5948416,2.8425204,60310001,E.Leclerc,,Station Service E. Leclerc
way,360782942,49.3355063,-1.6930018,50580002,Intermarché,Intermarché,Intermarché
way,361375301,-22.2667329,166.4674041,,,,Total Magenta Stade
way,361375302,-22.2668764,166.4674554,,,,
way,361469262,48.6147422,-2.0696646,35800002,Avia,Brétéché,
way,361557395,45.7544646,4.8528314,69003013,Avia,Avia,Avia
way,361894386,17.9037736,-62.8427585,,Vito,,Vito
way,361915030,44.4830428,4.2670463,7260002,Intermarché,Groupement des Mousquetaires,Intermarché
way,362976945,45.1271541,-0.6418432,33390003,E.Leclerc,,Station Service E.Leclerc
way,363342683,46.6818371,-1.4396680,85000009,Intermarché,,Intermarché
way,363435525,49.0969734,2.7493915,60330004,Total Access,,Total Access
way,363903383,45.7423280,4.2184372,42110010,Netto,Netto,Netto
way,363984849,45.7224190,4.2263790,42110001,,Carrefour,
way,364079553,45.7429945,4.2075540,42110006,Total Access,,Relais de Feurs
way,364175301,16.4687215,-61.5114581,,Vito,Vito,Vito
way,364198534,16.3910343,-61.4606763,,Total,,Total
way,364198599,16.3702788,-61.4514533,,Total,,Total
way,364205085,16.3805310,-61.4871705,,,,CAP
way,364209028,50.1336815,4.8537754,8600003,Intermarché,,
way,364247664,16.4164975,-61.5279145,,Vito,,Vito
way,364248080,16.4148874,-61.5219042,,Total,,Total
way,364327386,15.8884060,-61.3162188,,Vito,,Vito
way,364417800,50.0915049,4.7291617,8320003,,,Fioul Service
way,364702753,49.8787010,4.7417014,8800001,TotalEnergies,,Relais des Deux Vallées
way,364760654,49.8798869,4.7419262,8800004,Carrefour,,Carrefour
way,364783403,49.4206337,1.1066140,76300007,Avia,Albik SARL,Avia
way,364851450,49.8316637,4.6033668,8150002,Carrefour,,Carrefour
way,364910887,42.6728594,9.3019425,20217001,Vito,Vito,Domarchi
way,364911692,42.6886892,9.3148685,20217005,Vito,,Relais Dominique
way,365011800,49.1367903,6.8077663,57804001,E.Leclerc,E. Leclerc,Station Service E. Leclerc
way,365351666,44.9445049,2.3115454,15250006,Carrefour Contact,Carrefour,Carrefour Contact
way,365368076,46.3084425,3.4128960,3150008,,,Relais Paris Lyon
way,365379045,47.4956442,7.3132552,68480003,Total,TOTAL,Total
way,365636637,49.4628155,4.1102390,8190003,Carrefour,,Carrefour
way,365908410,48.2702423,1.8553596,28310004,Shell,,Shell
way,365970593,49.6090468,2.2052157,60120006,Total,Total,Total
way,366063668,18.0745610,-63.0815004,,BP,,BP
way,366094211,47.6481066,-1.6659385,44590002,Avia,Avia Brétéché,Avia Brétéché
way,366138959,47.5242001,1.3029051,41120002,Intermarché,,Intermarché
way,366448802,45.0179604,4.8749664,26600013,TotalEnergies,Total,Total - Relais Pont de l'Isère
way,366564820,46.1546217,3.3937544,3110001,Total,Total,Total
way,366941341,48.6897659,1.0792939,28270003,Carrefour,,Carrefour
way,367178324,47.7712530,-2.1302880,56200001,Total,,Total
way,367234938,45.7797818,3.1372068,63100007,E.Leclerc,E. Leclerc,Station service E. Leclerc
way,367656655,46.9915075,1.1672368,36700001,Total,,
way,368355203,46.7330283,-1.5933640,85190001,,Hyper U,La Station U
way,368814964,43.2461715,1.6721305,9270003,Carrefour,,Station Service Carrefour
way,369216391,43.7838728,1.4020332,31620009,Intermarché,Intermarché,
way,370205368,47.4365552,-1.5174275,44390003,,Système U,
way,370786775,45.8167884,3.1531107,63360001,Carrefour,Groupe Carrefour,
way,371468999,47.3040725,5.1142649,21800013,Intermarché,,Intermarché
way,371575108,44.4607691,1.4224691,46000007,Intermarché,,Intermarché
way,372049246,50.6296033,3.0356289,59000019,Total Access,Total,TotalEnergies
way,372118856,47.6894035,0.2730990,72550002,Total,,
way,372455793,48.7437180,1.9152920,78310007,TotalEnergies,Total,TotalEnergies Access - Relais Coignières
way,373912831,44.4074242,4.3890062,7150003,Intermarché,Intermarché,Intermarché
way,374602464,48.8723967,2.7969544,77700003,Esso,,Esso
way,374799179,47.3407174,5.0050047,21240004,Total,Total,Total
way,375131978,48.6391432,-2.0092670,35400009,TotalEnergies,Total,Station Total
way,375388213,44.9355480,1.0197266,24620001,Les Mousquetaires,Chrisfanie EURL,Les Mousquetaires
way,376736008,48.5352728,3.3609469,77171003,TotalEnergies,Total,TotalEnergies
way,377023754,48.4530558,-2.0570266,22100009,Total,,Total
way,379496591,-20.9415710,55.3095130,,Vito,Vito,Vito
way,379829869,43.9142804,1.3783987,82370001,Super U,Super U,Super U
way,379949703,45.2002324,0.6945159,24000007,E.Leclerc,,E. Leclerc
way,380734477,46.2780423,6.8218138,74360002,Intermarché,Intermarché,Intermarché
way,380942884,44.3090690,3.1739440,,,,Causse Service
way,382492144,43.7109406,-0.2498042,,,,Ravitaillement aéronef
way,382947679,48.3083645,5.9715232,88500003,,Total,
way,382992526,49.8749465,2.8159475,,Elan,,Elan
way,383584505,48.6395747,2.3340993,91700003,Carrefour,,Carrefour
way,386402990,49.0486319,4.1130414,51100033,Intermarché,,Intermarché
way,386708013,48.0924505,-1.6928020,35205001,La Station U,Lomajac,La Station U
way,386904605,47.3483772,6.3366877,25110004,Intermarché,Groupement des Mousquetaires,Intermarché
way,387246063,46.0793613,3.2011092,3800006,Intermarché,Groupement des Mousquetaires,Roady
way,387248948,46.0990307,3.2029365,3800003,Auchan,Auchan,Auchan
way,387312021,49.0093094,4.1860798,,,,
way,387988831,48.5469578,-1.5368355,35610001,Intermarché,Groupement des Mousquetaires,Intermarché Super
way,389017891,44.4595963,6.0348786,5130002,Intermarché,,Intermarché
way,389028719,48.9799656,4.0289116,51190001,Intermarché,,Intermarché Contact
way,389427973,47.3211346,6.1301954,25640008,Intermarché,Intermarché,Intermarché
way,389606959,48.7034122,6.2458403,54270001,,Cora,Cora
way,389798589,48.0681995,-2.9456135,56301001,E.Leclerc,,E.Leclerc
way,390013491,48.6937662,6.1335733,54520007,Total Access,Total,Total Access
way,390013492,48.6942116,6.1336156,54520006,Total Access,Total,Total Access
way,390572291,49.0710971,2.5508631,,Shell,,Shell Truck
way,390674599,48.9711111,2.1919317,95240003,TotalEnergies,,TotalEnergies Contact
way,391155408,45.1414892,-0.5067829,,Avia,,Avia
way,391300026,49.7452153,0.5121468,76540002,Carrefour,,Carrefour
way,391550862,47.3336055,2.8555490,18300007,DATS 24,,DATS 24
way,391652922,16.2744418,-61.5256321,,,,CAP Pôle Caraïbe
way,391930458,47.3871580,1.2514375,41400007,Carrefour Contact,carrefour contact,Carrefour Contact
way,392483590,16.4387180,-61.4747598,,,,Cap
way,392658001,16.3266076,-61.3298128,,TotalEnergies,,Total
way,392818134,16.2929184,-61.2902924,,Vito,,Vito
way,393040185,16.2602563,-61.2929015,,Vito,,Vito
way,393041775,16.2522547,-61.3516377,,Total,,Total
way,393280411,47.8101760,-3.2633724,56700008,Intermarché,,Intermarché
way,394726483,16.2183374,-61.5115852,,Total,,Total
way,394970350,48.9858255,2.4126781,95400004,Auchan,,Auchan
way,395282678,48.3637040,4.3281195,,Citroën,,Garage Godon
way,395483538,16.2484362,-61.5314307,,Total,,Total
way,395484607,16.2524959,-61.5244517,,Vito,,Vito
way,395867466,45.6362394,4.4613105,69590001,Carrefour,,Station Service Carrefour Market
way,395871417,16.2537069,-61.5238466,,Vito,Texaco,Vito
way,395925282,16.2493130,-61.5395156,,,,wip
way,395925283,16.2490004,-61.5386760,,Total,,Total
way,395929647,49.1463345,2.2816805,95340003,E. Leclerc,,E. Leclerc
way,396013317,46.0993923,3.2074822,3800004,TotalEnergies,,TotalEnergies
way,396013492,46.1098980,3.1984807,3800005,TotalEnergies,,Total
way,396087406,16.2552492,-61.5269787,,Esso,,Esso
way,396098477,16.2401179,-61.5854468,,,,CAP
way,396277140,16.2529356,-61.5873433,,Vito,,Vito
way,396293554,16.2836931,-61.6701295,,Vito,,Vito
way,396297945,16.2841049,-61.6706329,,Total,,Total
way,396324194,16.2393038,-61.7920979,,Vito,,Vito
way,396479736,16.1966396,-61.5961779,,Esso,,Esso
way,396579648,43.5596616,6.2501840,83690005,Independent,,Station de la Baume
way,396771470,47.1473605,6.3309294,25800003,Netto,Netto,Netto
way,396775419,16.0374659,-61.5673369,,Esso,,Esso
way,396826453,16.0090791,-61.7098484,,Vito,,Vito
way,396879173,47.0823295,2.7304480,18800001,Avia,,Avia XPress
way,396930174,16.0225435,-61.7462232,,Total,,Total
way,396932949,44.7443856,0.0792037,33790001,Intermarché,Groupement des Mousquetaires,Intermarché
way,396942252,16.1610858,-61.7741314,,Vito,,Vito
way,396945273,16.0597115,-61.7610296,,,,CAP
way,396945621,16.0798952,-61.7632728,,Vito,,Vito
way,397069415,44.6701000,2.1657370,46270001,Intermarché,,Intermarché Contact
way,397175277,14.5897105,-60.9825364,,Total,,Total
way,397175535,14.5788261,-60.9770357,,Total,,Total
way,397186387,14.5958923,-60.9898388,,Total,,Total
way,397773258,44.5865745,4.5343308,7580002,Avia,,Avia
way,397901484,-21.1240004,164.8987394,,Shell,,Shell
way,398038174,46.1943814,6.2550498,74100014,Intermarché,,Intermarché Hyper
way,398387121,14.6066580,-61.0424299,,Vito,,Vito
way,398406875,14.6078418,-61.0698721,,Esso,,Esso
way,398480837,46.4740735,2.8264585,3430001,Carrefour,Carrefour,Market
way,398540181,14.6221774,-60.9901382,,Esso,,Esso
way,398540183,14.6212456,-60.9910111,,Vito,,Vito
way,398549720,14.6220695,-60.9910428,,Total,,Total
way,398591210,14.6307244,-60.9777669,,Total,,Total
way,398618957,14.6310333,-60.9784176,,TotalEnergies,,Total
way,398710343,46.3569405,2.8036260,,Avia,,Station AVIA Allier Saulzet Restauration
way,398710534,46.3567014,2.8040309,3100006,Avia,,Avia
way,398748872,14.6174649,-61.0710938,,Texaco,,Texaco Pont de Chaines
way,398749720,14.7296248,-60.9500278,,Vito,,Vito
way,398750270,14.6178026,-61.0713798,,Total,,Total
way,398754692,14.6284065,-61.0722993,,Vito,,Vito
way,398758640,46.7265383,2.9455742,3320001,Avia,Avia,Avia
way,398806862,14.8278380,-61.0334754,,Vito,,Vito
way,399508030,14.6668277,-61.1570579,,Vito,,Vito
way,399508049,14.6357162,-61.1354219,,Esso,,Esso
way,399512528,14.7106631,-61.1828969,,CAP,,CAP
way,399548339,49.1465665,1.9747633,95640002,Carrefour,,Carrefour
way,399700069,48.6234937,6.3488364,54110002,Esso Express,,Esso Express
way,399954639,43.6493586,1.5075041,31240003,Intermarché,,
way,400248071,43.6062971,5.7521218,83560012,Carrefour,Carrefour,Carrefour
way,400879798,45.6854125,3.1953006,63730001,Auchan,,Auchan
way,401970533,49.0646120,1.9789488,95450006,TotalEnergies,Total,Station Total Access
way,401970685,49.0641735,1.9827048,95450007,TotalEnergies,Total,TotalEnergies
way,402935441,49.0701700,2.7157065,77230006,TotalEnergies,Total Access,TotalEnergies
way,403541085,43.2004139,2.7506839,11200008,Total Access,Total,Total Access
way,403912940,49.9003205,3.9131939,2580002,Gulf,CLID Express,Gulf
way,404141655,49.0420675,2.3391780,,E.Leclerc,E. Leclerc,Station Service E. Leclerc
way,404307616,48.7333955,-3.4369874,22300004,Intermarché,,Intermarché
way,404522266,49.0482320,2.2015385,,Total,,Total Energies
way,404727683,48.1217159,-0.7237000,53950002,Carrefour Contact,,Carrefour Contact
way,405374362,49.4781306,1.7400637,76220004,Super U,,Super U
way,405714263,48.0989016,-1.6540188,35000025,TotalEnergies,,Total
way,406060481,48.5554404,3.0048316,77370003,Intermarché,Groupement des Mousquetaires,Intermarché Super
way,406068669,49.1455865,1.8009728,95420005,TotalEnergies,,TotalEnergies Access
way,406661604,49.1466720,2.2837179,95340004,BP,,Esso
way,407451780,49.1580847,1.7839411,95420002,Carrefour Market,,Carrefour Market
way,409590909,49.2861987,1.0092122,76500005,Carrefour Market,,Carrefour Market
way,409616579,48.6739471,5.8856921,54200012,Total,,Total Porte de France
way,411308476,43.3089600,3.1682295,34440004,Super U,,Super U
way,412601314,44.4688382,1.4303306,46000008,Netto,Groupement des Mousquetaires,Netto
way,412839629,47.9175078,0.7456335,72120003,Total,,Total
way,412853220,42.3017615,9.1573379,20250001,Vito,,Vito
way,413859278,47.3890414,4.3078814,21390001,Avia,,Avia XPress
way,414154013,44.8373140,0.7456570,24150001,Intermarché,Groupement des Mousquetaires,Intermarché
way,414428001,50.1297464,2.1724515,80370002,,,Coccinelle
way,418796717,44.8645371,4.8360667,7800001,TotalEnergies,,TotalEnergies contact
way,419265509,47.8236196,-1.8371569,35480001,Système U,Guivadis,La Station U
way,419287675,47.8090982,3.5587528,89000012,Intermarché,,Intermarché
way,419916731,47.7925678,3.5748980,89000004,Total,Total,Station-service Total
way,420033033,50.3987219,3.0439176,59128002,Carrefour,Carrefour,Carrefour
way,421473764,47.2836681,-2.0165121,44560001,Système U,,Station U
way,421598158,45.6503726,4.9271870,69970001,E. Leclerc,E. Leclerc,Station service E. Leclerc
way,421598166,45.6500665,4.9256895,,E.Leclerc,E. Leclerc,Station service E. Leclerc
way,421802391,45.8768046,-0.3093574,17160002,Système U,,Station U
way,423149478,43.5947105,3.1281488,34600003,Intermarché,,Intermarché
way,423203681,-22.2428421,166.4691540,,,,Total du Marais 6ème km
way,423471346,45.7028325,3.8538881,,Dyneff,,Dyneff
way,424303132,48.7688349,4.8441006,51340003,Total,,Total
way,424906812,48.2291535,4.7177229,10200004,Esso,,Esso
way,424906909,48.2263677,4.7128109,10200006,Carrefour,,Carrefour
way,424994768,48.2377872,4.7015971,10200002,E.Leclerc,E. Leclerc,Station Service E. Leclerc
way,425417497,47.1040430,-1.8025748,44680001,,,La station U
way,426505103,-22.2662043,166.4409799,,Total,Total,Total Général Patch
way,426695294,-22.2478164,166.4669265,,,Shell,Station Capy
way,427179986,45.2979306,4.5735367,42220006,,Carrefour Contact,
way,428891125,47.8205161,1.3922757,41370004,,,Communauté de Communes Beauce Val de Loire
way,428974224,48.2684981,3.8057498,10190001,,,AVIA XPress
way,429083001,44.7284156,3.8566752,48300006,,,Access - TotalEnergies
way,429280690,43.6048968,1.4791166,31500012,Avia,Avia,Avia
way,430091359,48.0873881,-1.6215719,35135001,Intermarché,SA Dolem,Intermarché
way,430350859,44.0811768,6.0024483,4160006,Auchan,Auchan,Auchan
way,431546987,47.6974295,6.6428349,70250005,Carrefour,,Carrefour
way,432849877,48.8829330,2.2486410,92800007,Esso,Esso,Esso
way,432925607,48.2361081,4.4692552,10140001,Avia,Avia,Avia
way,434752457,47.9198775,-2.3638984,56800007,Eni,,Eni
way,434760734,44.7332986,4.9982455,26400005,,,Carburants services
way,435092982,48.6685111,2.6994143,77170012,Total,,Total
way,435306692,48.3988998,4.5180269,10500002,Intermarché,,Intermarché
way,435327989,43.7295108,1.0600651,31480004,U,Système U,U Express
way,435350460,46.9031457,4.7614863,71150002,Intermarché,,Intermarché
way,435613657,43.5011329,3.3200237,34320003,Super U,,Super U
way,435839006,43.5873678,1.5792306,31130007,U,,Station service Super U
way,435945276,49.5016344,-1.4541772,50700004,E.Leclerc,,Station Service E. Leclerc
way,437277567,5.0032594,-52.4603285,,Vito,Vito,Station Vito
way,437515265,48.3680812,-3.7485591,29690002,Intermarché,,Station Intermarché
way,437907497,-20.9620981,55.3262051,,TotalEnergies,Total,Moulin Joli
way,438196531,48.0891031,-1.6254869,,Elan,SA Curis Michel,Elan
way,438423289,44.3789507,5.4260127,26510002,Système U,,Système U
way,439413285,43.1754032,6.0472813,83210001,K9,,
way,440486806,49.9360843,2.2603096,,AS 24,AS 24,AS 24
way,441628511,44.5710189,4.5108761,7170001,TotalEnergies,,TotalEnergies
way,441698311,45.3254230,3.8396625,43500001,TotalEnergies,,Total
way,443798817,44.7574003,0.4110980,24240003,Carrefour Contact,Carrefour Contact,Carrefour Contact
way,443964353,50.4434243,2.8313020,62300013,Total Access,,Total Access
way,443998873,50.4045375,2.8721436,62680001,Intermarché,,Intermarché
way,444128736,50.6899935,2.9015974,59116001,Super U,Super U,Super U
way,444321788,43.6600602,1.4314303,31140012,Esso Express,,Esso Express
way,444441824,50.7539042,3.1351604,59223004,Total Access,,Total Access
way,444444330,50.7298770,3.1383838,59200009,Avia,,Avia
way,444445576,50.7365162,3.1691960,59200008,Total,,Total
way,444473976,4.9373601,-52.3179805,,TotalEnergies,,Total
way,444599006,5.1572190,-52.6435788,,Vito,,Vito
way,444622855,5.1646857,-52.6412059,,Vito,,Vito
way,444957872,49.0677644,2.0893267,95520004,E. Leclerc,E. Leclerc,Station Service E. Leclerc
way,445017981,44.7978265,3.9693965,7470001,,,Carburants Coucouron
way,445321230,45.5588434,0.1218816,,,,
way,445908581,46.5031747,-1.7988112,85100004,Système U,,Système U
way,447178583,46.9587025,2.9567523,18150001,bi1,,bi1
way,448736830,48.8683818,7.4696738,67340002,Super U,,Super U
way,449074482,45.8855511,6.3290797,74230007,Carrefour,,Station-Service de Carrefour
way,449095036,45.8900058,6.3110822,74230006,Avia,Aravis Garage,Station des Aravis
way,449867131,47.8943355,-1.9893685,35330002,Intermarché,,Station service Intermarché
way,450584040,43.7296075,5.8031087,83560007,Carrefour Market,Pas de Menc,Carrefour Market
way,450881029,44.4486037,0.0256861,,Elan,,Elan
way,451454731,45.5939969,5.7771221,73470001,Avia,,Avia
way,452261213,44.0883264,4.8790775,84350002,Système U,,Station U
way,453489071,46.9672100,-1.5766381,,Brétéché,,
way,453495644,42.6276467,9.4377006,20620004,Eni,,Eni
way,453725556,42.7116742,9.4542797,20200014,Vito,,Vito
way,454252206,49.7650367,2.9244897,80190001,Total,,Total
way,454363088,44.5515250,-0.1145127,,,,
way,454363265,44.5515527,-0.1146860,,,,
way,454944133,47.4832080,-0.5276538,49100003,Total Access,,Relais Total de la Pinterie
way,455349422,49.4174344,1.0458827,76120002,Super U,Soc Hypermarché Normandie Picardie,La Station U
way,455547251,47.0629513,6.6061802,25500002,Total,Total,Total
way,455707128,48.1246624,-1.7008260,35000019,Total,Total,
way,456817760,47.2105579,2.4253588,18110001,Carrefour,,Carrefour
way,457213045,46.5210053,5.6100455,39270001,Avia,Avia,Avia
way,457882899,42.9077689,1.9270159,9300008,Carrefour,,Carrefour
way,458292559,47.3380801,2.8376174,18300001,Carrefour,,Carrefour
way,459800507,49.4342923,1.0754436,76000014,Total,Shell,Total
way,459846664,42.7163370,2.8477908,66240001,Intermarché,,Intermarché
way,460094608,49.0051567,3.5568560,,,,
way,460970372,48.8536780,-0.6645544,14410004,Carrefour Contact,,Carrefour Contact
way,461155815,46.8686571,-1.7610691,,,,Brétéché
way,462602237,43.4749409,1.3325589,31600006,Intermarché,,Intermarché
way,463460684,45.7750718,-0.4221444,17770002,Carrefour,,Carrefour City
way,464561568,43.6877831,5.0384001,13430001,Intermarché,Groupement des Mousquetaires,
way,464650420,48.4484163,-4.2626603,29800003,Intermarché,,Intermarché
way,464804812,44.1906879,2.6618647,,,Commune d'Arvieu,Station service municipale
way,464919090,49.5481325,0.4943577,76210001,Carrefour,Carrefour,
way,465258872,44.7228046,5.0370117,26400004,Intermarché,,Intermarché
way,465992092,43.4120590,5.2103291,13700005,E. Leclerc,E. Leclerc,
way,466137138,48.1726782,3.2872988,89100013,Avia,,Avia XPress
way,467166878,45.5963802,5.0941046,38790003,Carrefour,,Carrefour Contact
way,467631304,47.0947392,-1.2916930,44190007,Intermarché,,Intermarché
way,468455955,44.7799504,3.6305333,48600003,,,Ets Pignol
way,470026521,44.5445858,-0.2575241,33210010,Intermarché,,Intermarché
way,470713729,44.9889288,4.9811545,,Air Liquide,Air Liquide,Air Liquide
way,471005125,46.2275176,-0.1277304,79500002,Système U,,Station U
way,472333310,46.8785295,-1.2895884,85260007,Dyneff,,Dyneff - Aire des Brouzils
way,472690778,49.6138493,0.5463902,76210006,Esso,Esso,Esso
way,472697768,49.6755991,1.3347830,76680004,Total Access,,Relais Du Bosc-mesnil
way,473327584,48.5848477,-1.3268750,,Total,Relais Total du Mont-Saint-Michel,Total
way,473409685,44.3591176,-0.8500085,,,,
way,473412865,44.3633019,-0.8517392,,,,
way,473604055,44.8258778,0.2204816,33220006,E.Leclerc,E. Leclerc,Station Service E. Leclerc
way,474073031,49.3248432,0.3288057,27210009,TotalEnergies,,TotalEnergies
way,474414219,50.2715294,3.9237212,,,,
way,474648370,45.2195977,5.4355789,38470003,Total,,Total
way,475155108,48.4575145,-1.4817732,35560003,Carrefour,,Carrefour
way,475158941,50.9445073,1.9411818,,,,
way,475291494,44.4627447,1.4199422,46090002,E.Leclerc,,E. Leclerc
way,475438134,49.5698290,0.4901484,76210005,Netto,Netto,
way,475732383,45.6137456,5.2135159,,,,
way,476867455,-17.5588174,-149.6067184,,TotalEnergies,,Total
way,476955362,44.8360585,-0.6966649,,,,
way,476955364,44.8366147,-0.6970557,,,Esso Exxon Mobile,
way,477157411,43.0975407,-0.4185941,64260005,Intermarché,,Intermarché
way,477261864,48.0679744,1.3038850,28200003,E. Leclerc,E. Leclerc,Station Service E. Leclerc
way,479270587,44.2904284,0.2818869,47160001,Elan,,
way,480038441,45.0198218,4.8763685,,Avia,,Avia
way,480039476,45.1724760,4.8128852,26240006,Intermarché,,
way,480482958,44.8674359,-0.4927984,33370015,TotalEnergies,Total,Total Access
way,480614354,46.8482922,5.6967321,39800004,Intermarché,Netto,Netto
way,480750303,43.9354527,-0.0619758,32150002,Intermarché,Groupement des Mousquetaires,Intermarché
way,480882089,47.7163269,-1.3914604,44110001,La Station U,Clema,La Station U
way,481022892,42.9628518,1.8631001,9600003,Intermarché,,Intermarché
way,481404046,45.0432265,0.9808323,24580001,Carrefour,Carrefour Contact,
way,481448827,48.9545670,4.3785071,51470001,Avia,Avia,Garage Pingy
way,481916883,47.6075450,7.5227840,,,EuroAirport Bâle Mulhouse,
way,482828843,46.1715332,6.3124573,74380001,Super U,,Super U
way,483037540,46.7928572,4.8540350,71100026,Total Access,Total,Total Access - Relais Chalon sur Saone Arnal
way,484305321,48.0112488,7.5358394,68600002,Intermarché,,Intermarché
way,484431128,15.9031589,-61.2525102,,Vito,,Vito
way,484998757,45.0553821,5.1925710,26730001,Total,Total,Total
way,485570257,44.6228682,5.4401307,26310000,,,Carburants Services
way,486776934,49.3391646,3.5268087,2220001,Carrefour,,
way,487778769,44.4892055,4.7198265,26780006,U,,U Express
way,488047886,45.1948358,4.9012358,,ELAN,,
way,488478860,44.8509006,-0.6679317,,Total Access,,Total Access
way,488478863,44.8508910,-0.6676297,33700023,Total Access,,Relais Aquitaine
way,488838376,49.1254912,3.5362453,,Avia,Avia,Avia
way,490407527,42.5000627,9.4660944,20215001,Vito,Automobiles Barthes,Vito
way,490870635,48.0146996,-1.6604594,35230004,Intermarché,,Intermarché
way,491158750,46.7133925,-1.4310604,85000012,Total Access,Total,Total Access
way,492091504,49.8773755,2.3129158,80090003,BP,,BP
way,492141026,48.4129379,-4.4893849,29200015,TotalEnergies,Relais Brest Europe,Total Access
way,493620189,48.1778566,4.1962111,10260003,Carrefour,Carrefour,Carrefour Contact
way,494263658,44.8711894,4.9424567,26760001,Super U,,Super U station service
way,495190487,44.1806676,0.6188673,47000003,Intermarché,Intermarché,Intermarché
way,495278203,49.1097018,6.0999287,57160006,Total Access,,Relais la Ramusse
way,496328468,49.2788791,1.8827880,60240001,,,Match
way,496374102,48.5349682,5.8962791,54170004,Intermarché,,Intermarché
way,498672992,48.4159661,-1.3860774,35460001,,Super U,
way,498684238,47.8835580,6.7584117,88160002,Total Access,,Total Access
way,498906817,43.8589293,4.9163340,13550001,Total,,Total
way,499307980,43.3090892,1.2212667,31390002,Carrefour,Carrefour market,Carrefour
way,499517252,47.3931769,5.3093502,21310004,,Intermarché,
way,499965742,49.0384014,-1.4461744,50200008,Total,,
way,499982293,48.9877175,4.5015252,51460003,Intermarché,,Intermarché
way,500356389,43.6335950,4.8002999,13310002,Intermarché,,Intermarché
way,500453875,43.7057958,4.6412638,13200006,E.Leclerc,,Station Service E. Leclerc
way,501441275,47.3459216,5.0480170,,,,
way,501666406,49.0243768,-1.2788807,,,,
way,502051024,49.0906072,-1.2479699,50570002,Carrefour,,Carrefour
way,502490365,45.1354822,0.7009256,24660004,Super U,Super U,Super U
way,503202354,45.1522835,1.1554587,,,,Valibhay Ets.
way,503533481,43.6513858,4.6701941,13200014,TotalEnergies,,TotalEnergies Cantarelles
way,504318542,47.8200611,1.6818130,45130005,U,Hyper U Baule,La Station U
way,504341905,43.8273437,-0.8344076,40400005,,,Tucat
way,504750489,49.4972122,-1.4668520,50700003,Intermarché,,Intermarché
way,505651136,46.7939557,3.1221876,58240001,Avia,,Avia Xpress
way,506176100,47.1820846,6.3961052,25530001,Carrefour,Carrefour Express,Carrefour Express
way,507103931,49.1129296,6.9301160,57980003,DATS 24,Codifrance,DATS 24
way,507803997,46.2838005,5.6627890,1100009,Intermarché,,Intermarché Hyper
way,508262948,-20.8835849,55.4476038,,Total,,Total
way,508268185,-20.8860928,55.4760863,,Vito,,Vito
way,508755435,47.1417171,-2.1888998,44770001,Intermarché,Groupement des Mousquetaires,Intermarché Super
way,508788877,-21.2716015,55.5246171,,Vito,,Vito
way,509185700,48.8339847,2.2724908,,,ADP,Dépot carburant Heliport
way,509268349,45.8572072,1.3095448,87410002,Super U,,
way,510675352,46.0385143,6.6123957,74300009,Système U;Super U,Super U,Station U
way,512164624,48.7007613,2.3191486,91380007,Carrefour Market,,Carrefour Market
way,512178495,46.1066268,4.7334337,69220005,Avia,,Avia
way,512835141,48.4011682,-4.4457362,29200014,Intermarché,,Intermarché
way,512836424,47.8333191,-4.1848471,29750001,Carrefour Market,,Carrefour Market
way,512839889,47.8239978,-3.7942171,29129001,Intermarché,,Intermarché
way,512845404,47.9658128,-2.5443907,56120004,Super U,,Super U
way,513304254,48.8276862,2.5127666,94500010,Total,Total,Total Fouchette
way,513826011,49.0966964,-1.5836072,50560002,Système U,,Station U
way,515347929,48.6153924,6.1841206,,AS 24,,AS24
way,516702370,44.9763898,-1.0678230,33680001,Total Access,,Total Access
way,517747997,48.0121498,6.7151446,88120001,U,Super U,La Station U 24/24
way,518045166,47.4452369,-2.2500085,44410007,Super U,Super U,Super U
way,518079197,47.7052184,-1.3892564,44110002,Total,,Total
way,518123763,48.6071262,0.1859391,61500003,Intermarché,Groupement des Mousquetaires,Intermarché
way,518126681,48.4440756,-0.4805431,53110001,Intermarché,Groupement des Mousquetaires,Intermarché
way,518440290,48.1392560,-0.5547434,53150001,Intermarché,,Intermarché
way,518443480,48.1528146,-0.4047538,53600003,Carrefour Market,,Carrefour Market
way,518446110,48.0391815,-0.4747979,53480002,Carrefour,,Carrefour Express
way,518449028,46.2201245,-0.1362394,79500004,TotalEnergies,Total,Total
way,518451960,45.3963375,1.2094784,24270004,Super U,,Super U
way,518784589,43.8404944,0.0930891,32800003,E.Leclerc,,E.Leclerc
way,518846028,44.2541053,4.2024253,30500003,Intermarché,Groupement des Mousquetaires,Intermarché
way,518846029,44.2502479,4.1993090,30500006,Carrefour Market,,Carrefour Market
way,518866955,43.5976776,2.2593230,81100003,OMI,,OMI
way,518868425,42.7321054,3.0249055,66470002,,,GKO
way,518868576,43.4204929,2.9498948,34360001,Total,,Total Contact
way,518946964,43.4525007,6.4906983,83460002,Station U,,Station U
way,518950972,43.4394287,6.7448898,83600029,Intermarché,Groupement des Mousquetaires,Intermarché
way,520002381,48.7295470,4.6028126,51303001,E.Leclerc,E. Leclerc,Station Service E. Leclerc
way,520398652,48.7100229,6.1747724,54320001,Super U,Maxedis,La Station U
way,520494785,46.5907133,3.3226052,3000006,E. Leclerc,,E. Leclerc
way,520703230,41.9311927,8.7350650,20090015,Esso,,Esso
way,520771275,41.9521711,8.7747160,20167011,Esso,,Relais Esso Acqualonga
way,520774052,42.3127464,9.1507815,20250002,TotalEnergies,,TotalEnergies
way,520780978,42.4617598,9.2065501,20218008,Vito,,Vito
way,520780979,42.4603709,9.2071683,20218009,Mariotti Energia,,Mariotti Energia
way,520780980,42.4669579,9.2089330,20218001,Vito,,Vito
way,520795721,42.5928392,9.4361525,20620002,Esso,Esso,Esso
way,520805729,42.6370082,9.4382508,20600003,TotalEnergies,,Total
way,520812256,42.6821831,9.4440014,20600009,Esso,Esso,Station Esso du Prado
way,521757634,44.0349530,5.0393422,84200006,,,Comtat carburants
way,522412162,43.4731124,6.1286403,83570002,Intermarché,,Intermarché
way,522825699,47.3096144,0.5099781,37190003,Avia,Avia,Avia
way,525218918,47.0575147,6.6172910,25500005,Intermarché,,Station Service Intermarché
way,526882894,47.8450896,-1.6875300,35470003,Intermarché,Bretarraine SAS,Intermarché
way,526889730,47.6479003,-2.7000934,56450006,E.Leclerc,,Station Service E. Leclerc
way,527320638,44.8413582,0.2284542,33220007,U,,Station service U
way,527326117,48.7820020,2.6571257,77680003,Super U,,Super U
way,528689168,47.5034639,-0.7930550,49370001,Super U,,Super U
way,529934956,44.3390738,1.2009602,46800003,TotalEnergies,,TotalEnergies
way,531699481,18.0927346,-63.0303866,,,,Cadisco
way,533138679,49.0743006,4.7914318,,Avia,,Avia
way,533138680,49.0740803,4.7915384,51800012,Avia,,Avia
way,533148595,47.4735145,-0.4925485,49124003,Système U,,Station U
way,533372326,43.5164044,5.4606028,,,,CNG
way,534087797,41.9507667,8.7801566,20167005,Vito,,Station Vito Martinetti La Rocade
way,534903680,44.5505108,6.4856524,5200001,Super U,,Super U
way,536071719,46.4591627,-1.1335732,85400005,E. Leclerc,,Station Service E. Leclerc
way,536403713,42.5228422,2.8140453,,,,International Diesel Service
way,537469430,46.9413098,-1.5013892,85620001,Intermarché,Groupement des Mousquetaires,Intermarché
way,539030529,47.4521222,-0.4685330,49800006,Système U,,Station U
way,540662983,48.5390357,7.6480024,67960001,Carrefour Contact,,Carrefour Contact
way,541311175,45.4072767,1.5720179,19140003,Intermarché,Groupement des Mousquetaires,Station service Intermarché
way,541390965,45.2142627,2.3461346,15200005,Carrefour,,Carrefour
way,541421853,46.4286458,0.1148245,86600001,Intermarché,,Intermarché
way,541963118,48.6096832,-2.0667731,35780001,Intermarché,,Intermarché
way,542049699,42.5071238,2.1234404,,,,
way,542049708,42.5069680,2.1231704,66210005,Dyneff,,Dyneff
way,542543500,46.8831006,-1.3142446,85260005,,Amiaud,R.services
way,542661376,48.5321915,-2.9710589,,AS24,,AS 24
way,543821153,-22.2956732,166.4449513,,,,Shell Anse Vata
way,544479741,48.8528450,2.4853549,,BP,,Esso
way,545676583,44.1813524,3.7403901,,,,
way,545749179,46.3876664,-0.4255363,79410001,Système U,,Station U
way,545880387,49.0443887,1.1609575,27930008,Total Access,Relais Gravigny,Total Access
way,546204911,46.8588539,-1.1728677,85250001,Système U,,Station U
way,548563727,49.1972385,3.5147297,2310002,Avia,,Avia
way,548588987,45.1323556,2.9735426,,,,Car Motors
way,549403439,49.1280974,2.4312156,95270006,TotalEnergies,Total,Relais Total Access de Chaumontel
way,550315921,48.2921190,4.0375518,10300005,Total Access,Total,Total Access
way,551336887,48.6913123,6.1932039,54000011,Total,,Total Tiercelins
way,551411797,45.3991276,4.2586641,42240001,Carrefour,,
way,551490722,41.6773574,8.9060485,,Total,Total,Total
way,552263897,-22.2906019,166.4359248,,,,
way,553341104,43.4161869,4.7309215,,,,
way,554543369,48.5687547,-4.5123044,29870001,E.Leclerc,,Station Service E. Leclerc
way,556105904,49.0476424,6.5979104,57380004,Aldi,,
way,559510928,48.0000992,-4.0897889,29000013,Total Access,Total,Total Access
way,559947965,46.1049708,5.9590270,74520004,Intermarché,Intermarché,Intermarché
way,561075735,45.8838748,-0.6645555,,,,
way,561344744,43.6441151,5.5774324,13860001,,,Lidl
way,561799428,44.0927019,5.0286744,84810002,Carrefour,,Carrefour Contact
way,562288971,48.7746706,2.4954019,,,Endesa,
way,563719438,48.3756857,-1.9748934,22630002,Carrefour Contact,,Carrefour Contact
way,566184583,46.1383350,6.0690655,74160001,,,Station Essence Intermarché
way,568594274,-17.4928781,-149.7643930,,Total,,Total
way,569406134,46.0676243,3.6633769,3250002,Intermarché,,Intermarché Super
way,571844783,49.2221658,6.6215208,,Opel,Garage Esch,
way,572421082,49.1985837,4.4179940,,,Acolyance,Station privative
way,573442152,43.9926497,7.3192803,6450002,,,Station Vésubienne
way,573521343,43.6566398,-0.0748796,32400006,Carrefour,,Carrefour
way,575307418,47.9665727,0.0927221,,,,
way,575358564,46.0963493,5.9641655,74520012,Avia,Avia,
way,576329382,48.8811786,2.0971237,78230002,Esso Express,Esso,Esso Express
way,578307327,-22.2765353,166.4431621,,Mobil,,Mobil
way,578939246,49.5484082,1.8426071,60380001,,Municipalité,Station Service Songeons
way,580812900,48.3958926,-0.6240881,53300003,Carrefour Contact,,
way,581696691,45.3489093,4.8041763,38150011,Esso Express,,Esso Express
way,582451110,42.6404579,2.7561149,66300014,Système U,,
way,583434562,47.2282512,6.1139357,25660004,Intermarché,,Intermarché
way,583473539,46.0639764,3.9239837,42370001,Avia,SARL GB Autos,Avia
way,583557084,48.8490360,0.3734981,61230006,Shell,Shell,Shell
way,583737028,45.7384116,4.4676229,69930001,Elan,SARL Michaud Garage,Garage Michaud
way,584322174,16.3925863,-61.4609793,,,,Wipco Dib
way,584746536,47.2122791,6.5334882,25510001,Avia,,Avia
way,585056544,45.7471404,6.4172360,73400003,Carrefour,,
way,585211184,49.2008633,-0.3980768,14280002,Les Mousquetaires,,Netto
way,585839621,47.0661505,-0.8337781,,AS 24,AS 24,AS 24
way,586645897,43.8556892,7.2271243,6670008,Avia,,Avia
way,586699660,43.7254527,7.0951898,6140005,Carrefour,,Carrefour Contact Vence
way,586915673,42.4634947,9.2048987,20218004,Vito,BP,Vito
way,587100417,43.6972285,6.8406787,6460002,Intermarché,,Intermarché Contact
way,587131072,44.9991393,-0.6190874,33460004,Intermarché,,Intermarché
way,587516708,43.5104474,6.1562390,83570005,Système U,,Station U
way,587622540,42.4005705,9.5307205,20230003,Vito,Vito,Vito
way,587801364,43.1450014,6.2385250,83250007,Intermarché,,Station Intermarché
way,587910274,45.6940965,5.8997866,73100012,Total Access,,Relais Total Lamartine
way,588479036,43.1475090,5.7642412,83150002,Super U,,Super U
way,589163900,43.2756330,5.7160711,13780009,Carrefour Contact,,Carrefour Contact
way,589191526,43.2886080,5.5465162,13400002,Total,,Parascandola
way,589339082,43.3380775,5.6009476,13360001,Intermarché,,
way,589376953,42.4454404,9.5078967,20213004,Vito,Vito,Vito
way,589376956,42.4462296,9.5076588,20213008,TotalEnergies,Total,Total
way,592315737,50.3921507,3.1081632,59119003,Total Access,,Total Access
way,596156417,48.5208499,-4.0700470,,,,Combustibles de l'Ouest
way,596485486,48.6409986,-2.2454819,,,,
way,597820841,49.1100997,6.8569971,57450003,Auchan,,Auchan Station Service
way,598238920,42.9609319,9.4549933,,Total,Total,Total
way,601309325,43.1714286,1.4104233,9140002,Total,,Total contact
way,602483572,43.6270842,4.8034230,13310002,V-Gas,Proviridis,Station GNV
way,605863214,44.7985018,-0.6634855,,Esso,,Esso
way,607133369,47.5200284,5.1788596,21120004,Avia,,Avia
way,608085046,48.2199476,-1.7860129,35850003,Carrefour Market,Carrefour Market,Carrefour
way,608159052,48.7102936,-3.4484895,22300006,Intermarché,Groupement des Mousquetaires,Station Intermarché Ploubezre
way,609100511,-17.5559905,-149.6033638,,TotalEnergies,,Total
way,610040794,46.2076988,6.4030497,74420001,Avia,Avia,Station de la Vallée Verte
way,613059401,41.8493958,9.3997093,20145004,TotalEnergies,,Relais de Bavella
way,614567091,49.1124214,-1.0511869,50000008,Esso,,Esso
way,615475538,45.2432207,5.8605454,38330006,Avia,,Avia
way,615481584,45.2473183,5.8676093,38190004,Esso,,
way,616400064,48.4851034,7.6741281,,TotalEnergies,,Total Access
way,616420459,47.5294232,5.1165025,21120005,Intermarché,Groupement des Mousquetaires,Station service
way,617383979,50.0321779,1.3994446,76260003,E. Leclerc,E. Leclerc,Station Service E. Leclerc
way,617884599,49.1669249,-0.2764115,14730001,Esso,,Esso
way,618816826,47.7192769,5.3005602,,,Elan,
way,620423739,44.6596677,-0.8283170,33380005,TotalEnergies,,Total Energies
way,620538903,48.2042313,-1.7287698,35520004,E.Leclerc,,Station Service E. Leclerc
way,621596262,45.8927327,4.8211092,69730002,E.Leclerc,,Station E. Leclerc
way,622805583,43.6130558,1.4877516,31130004,Intermarché,Groupement des Mousquetaires,Intermarché
way,622870499,43.4285514,1.4454063,31810002,Intermarché,Groupement des Mousquetaires,Intermarché Super
way,624866763,43.4545193,1.3950244,31860005,Intermarché,,Intermarché
way,625305321,49.1198656,6.2204918,57000002,TotalEnergies,Michel Jovanic,Total
way,625508122,46.6685661,5.5761332,39570010,TotalEnergies,Total,TotalEnergies
way,626158243,43.4871885,-1.3572750,64990002,Intermarché,,Intermarché Contact
way,626491338,45.9841523,3.0870933,63460003,Intermarché,Intermarché,Intermarché
way,626678306,46.9627353,-1.1158841,,,,
way,628125509,45.8999757,3.1173664,63200004,Esso Express,,Esso Express
way,628826885,45.8881769,3.1230149,63200006,Carrefour,,
way,629110214,48.0099756,5.4828316,52140003,Intermarché,,Intermarché
way,629481870,44.6182857,-0.9179643,33380004,E. Leclerc,,Station Service E. Leclerc
way,630987651,49.0752783,6.0750794,57130003,Esso,Esso,Esso
way,631158723,43.3631856,1.4578559,31190003,Carrefour Market,,Carrefour Market
way,631562155,48.1054797,-1.7430296,,Total Access,Relais Les Trois Marches,Total Access
way,632257399,50.7344006,2.2742088,62219001,Auchan,Auchan,Auchan
way,633010881,43.6893692,-1.3329837,40230004,E.Leclerc,,E. Leclerc
way,633253253,49.6610532,0.8801731,76760003,Super U,,La station U
way,633253969,49.6667495,0.8999911,76760002,Système U,,Système U
way,633461268,49.2664961,4.0386926,51100002,Carrefour Market,,Carrefour Market
way,633929839,48.1092617,-1.3891293,,Système U,,Station Super U
way,633993034,47.2659510,-0.0940912,49412001,GNV,Seve,Station-Service GNV
way,634382121,49.5640595,4.2970559,,,,
way,634384995,42.8874199,9.4729438,20228005,Vito,Vito,Vito
way,634602903,46.4727682,4.0036546,,Intermarché,Intermarché,Intermarché
way,636901998,45.8949059,6.1196978,74000007,Intermarché,,Intermarché
way,638165204,43.1237201,-0.7244395,64570002,Intermarché,,Intermarché
way,638897717,45.8550663,3.8120234,42440010,Eni,,Eni
way,638900189,45.8513971,4.2255821,42510007,Avia,,
way,638900190,45.8508514,4.2252923,42510007,Avia,,Avia
way,639060758,46.1347177,4.7672081,69220007,Shell,Shell,Station Shell de Taponas
way,639316568,46.4860513,6.0556359,39220006,Intermarché,,Intermarché
way,640521283,49.4505463,3.9245347,2190005,Shell,Shell,Aire du Mont de Nizy
way,640955055,48.3030620,4.0260644,10600002,Carrefour,,Carrefour
way,641993248,45.3107021,1.5625544,19270004,Total,,Total
way,642690128,45.5364176,1.7931603,,Total,,Total
way,642753755,46.8926659,6.3646612,25300009,Avia,Avia,Avia
way,643170464,45.0346469,5.0535261,26300015,Carrefour Market,Carrefour,Carrefour Market
way,643444124,43.3390989,6.0835922,83136012,TotalEnergies,Mme Geneviève Borel,Total
way,643554584,48.0937828,6.0433719,88260001,Intermarché,,Intermarché
way,650695819,43.5051676,-1.4441868,64103001,E.Leclerc,,E. Leclerc
way,653949375,43.5390115,6.7092281,83600023,Carrefour Contact,Groupe Carrefour,Carrefour Contact
way,655235988,46.8944805,-0.2396959,79330001,Intermarché,,Intermarché
way,657930787,43.8200389,5.7988100,4103001,Hyper U,Hyper U Manosque,Hyper U
way,658728697,49.3654130,1.3499439,27380003,Carrefour,,Carrefour
way,659062698,47.3376221,0.6568945,37300004,Intermarché,,Intermarché
way,659660493,49.2390215,4.0878590,51100051,Super U,Super U,Super U
way,660894500,48.2166291,-1.8856875,35850001,La Station U,,
way,660926679,46.3820640,4.8514050,71118001,Intermarché,Groupement des Mousquetaires,
way,665056487,44.1124153,0.5240369,47310005,Intermarché,,Intermarché
way,665667121,48.2869173,-2.8279143,22460005,Total,,Total
way,665905732,43.9547819,2.8907917,,Super U,,Super U
way,666283625,42.3163536,9.1587880,20250003,Vito,,Vito
way,666528363,46.2817361,6.7232486,74360004,Avia,,Avia
way,666636543,48.1655633,3.1717837,,,,
way,667569762,47.6878777,2.6206926,45500001,Auchan,,Auchan
way,668069701,47.5213918,-2.7641841,56370002,Système U,,Station U
way,668212182,47.0199944,4.8564678,21200006,Intermarché,,Intermarché
way,668562533,14.4692640,-60.8570936,,,,CAP
way,668629548,46.7510914,5.9118423,39300001,Super U,,Super U
way,669331972,-49.3470170,70.2186570,,,TAAF,
way,669341908,42.3341660,9.0088514,20224001,Total,Total,Total
way,669577792,45.5252213,5.9767972,73190002,Esso,Esso,Esso
way,669577799,45.5270501,5.9736657,73800001,Esso,Esso,Esso
way,670950119,43.5086281,5.4391317,,TotalEnergies,,Total Access - Relais Pont de l'Arc
way,672677732,43.7545521,4.4355290,,,Engie,
way,673101740,47.7592724,7.2784687,68460002,Carrefour,,Carrefour
way,673987692,14.6088516,-60.9973455,,Total,,Total
way,674112823,43.4132263,5.0172830,13500005,Esso Express,,Esso Express
way,674253281,46.8528206,6.1516140,25560001,Super U,Super U,La Station U
way,674799215,48.0636990,7.3406763,68000010,Système U,Super U,Les Erlen
way,676642659,44.9735813,1.8496751,19120001,Intermarché,,Intermarché
way,677002218,49.0798851,0.7673475,,,,
way,677685127,48.1249847,0.6221381,72400018,Eni,,Eni
way,678000280,44.7766154,6.0134877,,,Communauté de communes Champsaur-Valgaudemar,
way,678186195,50.4026015,3.6691276,59920001,Carrefour Market,,
way,678647007,48.6010090,2.3656331,,,,
way,678872018,49.0326642,2.2055562,95550002,Super U,,Super U
way,679437507,45.7542259,6.2781024,74210003,Intermarché,,Intermarché
way,679925324,47.8224539,3.5793907,,Gaz'up,Enerjump,Gaz'up
way,680364245,49.3356417,1.2681511,27610001,Intermarché,,
way,680691964,47.2811026,-2.2025869,,AS 24,AS 24,AS 24
way,680783778,43.7774089,7.3365238,6340002,Intermarché,,Intermarché
way,680948047,45.5417745,1.5089263,19510002,Total,Total,Total
way,682452020,45.7230115,4.9702642,,AS 24,,AS 24
way,683081643,49.4346375,1.1050343,76000006,Avia,Avia International,Avia
way,683434206,47.5987899,7.5372997,,,,
way,683965756,45.6466828,-1.0247746,17200003,Total,,Total
way,685142231,44.8478657,-0.6587026,33700010,Auchan,Auchan,Auchan
way,685481112,41.9170855,9.3893505,20240003,Total,Total,
way,686049260,50.6289233,3.0177531,59160006,TotalEnergies,,Total Energies
way,686146084,48.8786605,2.6107422,77500009,TotalEnergies,,TotalEnergies
way,687050061,44.1244468,0.6579618,47390003,Carrefour,,Carrefour
way,687683738,43.8216336,4.2617248,30820002,Intermarché,Groupement des Mousquetaires,Intermarché
way,687853269,48.5749576,-4.5112635,29870003,Total,,Total
way,691218519,48.5843180,3.5607165,10370001,Intermarché,Groupement des Mousquetaires,
way,691221107,47.2071956,4.2697522,21430003,Rousseau Carburant,Rousseau Carburant,Rousseau Carburant
way,691264423,47.4268654,0.7106799,37100011,TotalEnergies,Total,Access - Total Energies
way,691264424,47.3753281,0.7088351,37000011,Esso,,Esso
way,691281518,47.3486541,0.6605724,37300008,Total Access,,Total Access
way,691281519,47.3218950,0.6636992,37300009,E.Leclerc,,E.Leclerc
way,691360875,47.5731685,1.3698872,41350007,TotalEnergies,,Relais Vineuil Denis Papin 1
way,692638402,49.1970790,5.9942585,57255001,Carrefour,,Carrefour
way,692863070,46.1335714,-1.1184552,,Système U,Système U,La Station U
way,693102660,45.7620747,3.1514190,,,Engie,Station Engie Gaz Naturel Comprimé (GNC)
way,693645397,46.2128028,4.9945480,1540003,Intermarché,Intermarché,Intermarché
way,693645600,46.2169419,4.9925452,1540001,Carrefour,Carrefour Market,Carrefour
way,693660510,-17.5790842,-149.6137773,,Shell,,Shell Outumaoro
way,693814192,46.1320622,6.5285209,,Avia,,Avia
way,694817213,48.5538714,-1.5007409,50170006,Total,,Total
way,694817219,48.5587233,-1.5090267,50170005,Carrefour Market,,Carrefour Market
way,695716932,45.5571163,5.0766167,,,Avia,Garage Berthon
way,695796451,44.0872743,3.0564790,12100009,E.Leclerc,Groupement des Mousquetaires,Station Service E. Leclerc
way,695980852,46.2879227,4.8075174,71000020,Intermarché,Intermarché,Intermarché
way,695981319,44.0814875,3.9807920,,,,Station service de Générargues
way,696027695,44.1258387,1.2395715,,,,Garage Delsouc Michel
way,696109627,46.2621604,5.6481422,1100006,Intermarché,Groupement des Mousquetaires,Intermarché
way,696247590,48.9462776,4.8899450,51330002,Esso,,
way,697319600,44.5590350,4.6902777,7400002,Intermarché,,Intermarché
way,697852669,43.6501296,6.8106095,6530008,Carrefour,,Station service Carrefour Contact
way,697955064,46.0623316,5.8661977,74270005,Avia,,Station AKO Avia
way,698207153,43.8641995,5.2914359,84220003,,,Relais de la Pioche
way,698596311,45.7356657,4.0087119,42130004,Intermarché,Groupement des Mousquetaires,
way,698678588,48.1232833,-1.8010086,35590001,Super U,Super U L HERMITAGE,Station-service Super U
way,699282063,43.4439008,5.4370763,13320009,Avia,,Relais de Provence
way,699642855,41.9242334,8.7341903,20090004,Vito,,Vito
way,700105749,47.2257954,-1.6345398,44800004,E.Leclerc,,Station Service E. Leclerc
way,700763016,-21.2887321,165.6184443,,Shell,,Station SHELL Houailou
way,700875318,48.3085122,6.1366003,88500007,Intermarché,,Intermarché
way,701326673,43.5325773,5.4374382,13100015,Total Access,,Total Access - Relais des Thermes
way,702245838,49.0291618,7.9615925,67160002,Match,Match,Match
way,703504652,46.6832596,4.3733557,71304001,E.Leclerc,E. Leclerc,Station Service E. Leclerc
way,705398881,44.4742613,1.4287043,46100008,TotalEnergies,,Total
way,706228974,45.7555384,-1.1399693,17530001,Super U,,Super U
way,707945608,47.3938191,6.4975491,25340001,Avia,,Avia
way,708145332,16.2454704,-61.5712560,,Vito,,Vito
way,708145625,16.2392400,-61.5576435,,,,
way,708277239,49.6264114,3.2164757,2300006,Intermarché,Groupement des Mousquetaires,Intermarché
way,708309838,43.3026429,-0.3098395,64320004,Casino,,Casino
way,713169934,50.4532263,2.5361301,62150002,Carrefour Contact,Carrefour,Carrefour Contact
way,713190512,46.8358218,3.4745303,58300004,E.Leclerc,E.Leclerc,Station Service E.Leclerc
way,713292627,48.6928006,3.0819598,77141001,Total,,Total
way,713412521,46.6621653,5.7759840,39130009,Independent,Supermarché Saint-Pascal,
way,713588522,43.3264786,6.6180221,83120001,Carrefour,,Carrefour
way,713705063,49.4764150,-1.6199573,50260001,Super U,,La Station
way,715163294,43.0862937,5.8802689,83500007,Intermarché,,
way,718861647,46.1735619,-1.1669000,17140001,E.Leclerc,,station-service Leclerc
way,722567842,47.3132321,2.0394421,,Elan,,Elan
way,725633520,48.5252478,-2.2512070,22130002,E. Leclerc,,E. Leclerc
way,725908153,44.9154970,4.9655329,,Air BP,Air BP,AVT
way,728677008,43.9581349,1.3272077,82710003,Esso,,Esso
way,728937797,-17.5253632,-149.5288418,,Shell,,Shell
way,729203458,43.4203270,4.9788249,13110005,Total,,Total
way,729370576,49.3790970,1.1120808,,Total,AS24,AS24
way,729413553,49.3957205,1.1122040,76800002,Esso,Esso,Esso
way,729691526,49.4040337,1.1108228,76300009,Total Access,Total,Total Access
way,730144170,49.4324795,1.0396475,,AS 24,Total,AS24
way,730157468,49.1438334,0.2211220,14100004,Esso,Relais Auto Lexovien,Esso
way,730929311,-17.5266675,-149.5453410,,Mobil,,Mobil Maeva
way,730929380,-17.5270332,-149.5453000,,Total,,Total Pirae
way,732041195,-17.5018129,-149.8165103,,Mobil,Mobil,Mobil
way,732951069,46.7297289,0.3054993,86380002,Carrefour,,Carrefour Contact
way,733854308,48.2145409,-1.7442838,35520003,Intermarché,Groupement des Mousquetaires,Intermarché
way,733855191,48.2141353,-1.7033913,35520001,Système U,,La Station U
way,733999888,-17.5564720,-149.6036041,,Mobil,,Mobil
way,733999891,-17.5560642,-149.6035845,,TotalEnergies,,Station Total
way,734166722,48.8403203,1.9810969,,,,Station avitaillement avion
way,734654787,-17.5261469,-149.5725746,,Total,,Total
way,734655250,-17.5358588,-149.5654627,,Shell,,Shell Hinoi Api
way,734682762,-17.5262307,-149.5724216,,Total,,Total
way,734682997,-17.5257438,-149.5724816,,Total,,Total
way,734683813,-17.5321004,-149.5710608,,,,Station service
way,734684061,-17.5379308,-149.5632185,,,,Station service Total
way,734684631,-17.5260812,-149.5724600,,Total,,Total
way,734685525,-17.5237378,-149.5696652,,Shell,,Shell
way,734685897,-17.5526340,-149.5725949,,Mobil,,Mobil
way,734686159,-17.5319675,-149.5565288,,TotalEnergies,TOTAL,Total
way,734686372,-17.5356300,-149.5668218,,TotalEnergies,,Total
way,734686384,-17.5262423,-149.5731385,,,,Total/Mobil/Shell
way,734686739,-17.5258258,-149.5725346,,Total,,Total
way,734687248,-17.5228257,-149.5685310,,Shell,,Shell
way,736987836,47.4317007,6.0680457,70190004,Intermarché,,Intermarché
way,737450917,-23.3440979,-149.4740279,,,,station mila
way,737527405,48.6772452,2.2819953,91160009,TotalEnergies,Total,Total Access
way,737571498,46.1165584,-0.9354167,17290003,Intermarché,,Intermarché
way,738041673,43.9648275,6.7854665,4320002,Intermarché,,Intermarché
way,738571364,48.4679917,-2.7935688,22440004,Avia,Avia,Station des Châtelets
way,739186119,-20.9334391,55.3071386,,Vito,VITO,Total Energies
way,739731561,-17.5232407,-149.5691094,,Shell,,Shell
way,739731572,-17.5238175,-149.5695936,,Shell,,Shell
way,740091370,-17.5559985,-149.6033446,,TotalEnergies,,Station Total Heitiare
way,740092423,-17.5465406,-149.5904324,,Mobil,,Mobil
way,740450621,-17.5562413,-149.6039410,,,,Station Mobil
way,740555986,-17.6344159,-149.6080444,,,,Station service Total Punaruu
way,740559359,-17.5880582,-149.6139454,,,,Station Mobile Taina
way,740566301,-17.6246873,-149.6082209,,,,Pacific
way,740579523,-17.5065026,-149.4913871,,,,Station service Mobil
way,740593564,-17.5256679,-149.5315687,,Mobil,,Mobil
way,740982748,45.6085444,5.5366099,38630003,U,U Express,U La Station
way,743327756,49.0782409,4.8863169,,,,Le Relais de l'Argonne
way,743816396,-17.5476775,-149.5863172,,Shell,,Shell RDO
way,744722304,49.4450375,3.9284885,2190003,Avia,Avia,Avia
way,745047357,49.2263330,4.0270170,51100055,Esso,JLN Distribution,Esso Reims Murigny
way,745280311,43.6793686,5.4971881,84120007,Système U,,Système U
way,745840223,44.8638783,6.5975376,5120003,E.Leclerc,,Station Service E. Leclerc
way,745922805,-17.8027046,-149.2952561,,,,Station MOBIL Vairao
way,746655790,43.6807127,5.5006154,84120006,Carrefour Market,,Carrefour Market
way,747362605,48.2877271,6.9286555,88100007,TotalEnergies,,Relais du Haut Jacques
way,749107443,46.7288532,0.3037246,86380001,Total,,Total
way,749200636,43.5424303,-1.3870715,40390001,U,,Station Service Super U
way,749421696,49.4848547,4.5808072,8130004,TotalEnergies,,TotalEnergies
way,749650114,49.1787342,6.0533618,57855003,Total,,Total
way,753402562,-17.5328874,-149.5575146,,Mobil,MOBIL,Mobil Prince Hinoi
way,754460815,-17.7675207,-149.4863851,,,,Shell Papara
way,754461655,-17.6695151,-149.5920325,,KAE WAY,,Station Mobile Paea
way,754462371,-17.7614428,-149.5060183,,,,Mobil Papara
way,754462528,-17.7468283,-149.3459381,,,,Station service SHELL
way,754466362,-17.7766176,-149.4647339,,,,Ancienne station service
way,754467904,-17.7577461,-149.5171820,,Total,,Total Vaipahu
way,754519242,-17.8504020,-149.2625899,,,,Station service
way,754792436,-17.7279577,-149.3163550,,,,Station MOBIL
way,754792806,-17.7467925,-149.1592564,,,,Station service MOBIL Tautira
way,754794734,-17.7275320,-149.3166959,,,,Station service SHELL
way,754796128,-17.7265082,-149.3136420,,,,Station service TOTAL
way,754877219,49.5274529,4.5817577,,,,
way,755126081,-17.5271788,-149.7759673,,,,Station service
way,755129144,-17.5192594,-149.7799342,,Shell,,Shell
way,755129312,-17.4962669,-149.9120102,,TotalEnergies,,Total énergies
way,755341354,-17.5240531,-149.5696188,,Shell,,Shell
way,755341378,-17.5855155,-149.6165726,,,,Total Marina
way,757330065,43.4636866,-1.5388187,64200006,E.Leclerc,,E. Leclerc
way,758439203,49.4804707,0.8729345,76480001,Total,,Total
way,759548278,45.8713455,-0.6705357,17350005,Système U,,Station U
way,760723328,43.8824944,5.3808194,,,,
way,761020056,50.7308141,2.2966204,62510003,Intermarché,,Intermarché
way,762312953,47.1776537,-1.5594287,44400001,Super U,Système U,Super U
way,762540089,49.4997847,0.9292908,76480002,Intermarché,,Intermarché
way,764131432,47.5125415,5.1727990,21120002,Eni,,Eni
way,765210682,48.7428436,1.4243184,28500006,Intermarché,,Intermarché
way,767489654,43.6425851,3.6949449,34570002,Système U,,Super U
way,768498068,47.2551785,3.6841625,58800001,bi1,Atac,bi1
way,769946517,46.4641270,4.0864266,71600008,E.Leclerc,,Station Service E. Leclerc
way,770812858,48.0562198,0.2546357,72190004,TotalEnergies,,TotalEnergies
way,770812861,48.0563901,0.2538631,72190004,TotalEnergies,,TotalEnergies
way,771476403,47.0575043,6.6109909,25500007,Casino,,Casino
way,774058815,48.6615983,5.9089658,54200014,Fulli,Fulli,Fulli
way,774861327,46.7521960,2.4156175,18200011,Esso,Esso,Station Esso
way,775410911,43.3145113,-0.4278892,64233001,Carrefour,,Carrefour
way,776758693,49.4857408,0.5611697,,AdBlue 4you,,GreenChem
way,777165207,44.8609388,-0.2558337,33420003,U,,Système U
way,777696317,47.5536774,5.6834110,70180001,Intermarché,,Intermarché
way,778538589,44.8525975,-0.0463820,33350003,Intermarché,Groupement des Mousquetaires,Intermarché
way,779061295,42.6828833,2.9094215,66100002,TotalEnergies,,Total
way,779477594,49.7854716,3.3342376,2690002,TotalEnergies,Total,Relais Total d'Urvillers
way,779829067,49.1799625,6.1760625,,,,
way,782256567,48.2990045,-2.0011960,22830001,Diapar,Diapar,Diagonal
way,782646630,45.6826634,4.1542927,42600011,Shell,,Shell
way,783336931,49.4497121,1.0493777,76000015,Avia,,Avia
way,783373535,45.9624021,5.3590725,1500001,,Carrefour,
way,784814315,44.3704038,4.6435427,,Esso,,Buffel
way,784989911,47.6225550,7.2724242,68130001,TotalEnergies,,Total
way,785447857,44.8328981,-0.6440542,33700021,TotalEnergies,,Total Access
way,785625511,48.9486086,2.4669237,93150008,E. Leclerc,,
way,785852378,49.0068666,1.1627243,27000006,Intermarché,Intermarché,Intermarché
way,785938426,47.6959049,-0.0981139,72200003,Total Contact,Total,Total Contact
way,785969911,47.8199445,-1.3187484,,Intermarché,,intermarché
way,786999846,44.0313439,1.3712948,82017001,Auchan,Auchan,C. C. Auchan
way,786999848,47.9120949,1.0879395,,,,Garage Lelarge
way,786999849,48.0812433,1.8650106,45410001,Intermarché,Intermarché,Station Service Intermarché
way,786999850,45.8765521,6.1413755,74320006,Avia,,Avia
way,786999851,50.0767239,4.7240648,8320002,Intermarché,intermarché,Intermarché
way,786999853,43.3422217,6.6906919,83380002,TotalEnergies,Total,TotalEnergies
way,786999854,48.9513846,2.4894675,93600016,Total,,Total Les Merisiers
way,786999855,43.4110448,5.2177709,13700011,Total Access,,Total Access
way,786999857,51.0312881,2.3925854,59210005,Total Access,,Total Access
way,786999858,50.3637770,3.0736567,59500010,Avia,,Avia
way,787158893,48.4078915,-4.4675043,29200019,E.Leclerc,E.Leclerc,E.Leclerc Brest Phare de l'Europe
way,787158896,48.8135676,2.4659956,94340008,BP,,BP
way,787158901,47.1480427,6.3348127,25800002,E.Leclerc,E. Leclerc,Station Service E.Leclerc
way,787158902,45.4950225,4.5267665,42400006,TotalEnergies,,TotalEnergies
way,787158903,48.6823447,2.1737114,91940007,BP,BP,Esso
way,787158904,48.2890443,-0.9246353,53500001,Super U,Super U,Super U
way,787158906,46.0211613,0.1902940,16700003,E.Leclerc,E. Leclerc,
way,787158916,45.7548120,3.1294613,63170008,Total Access,,Total Access
way,787158918,50.6295621,3.1018705,59000020,Total,,Total
way,787158921,45.6551979,6.3636178,73200008,Intermarché,Intermarché,Intermarché
way,787158922,43.2228872,0.0579390,65000004,Esso,Esso,Esso
way,787158923,47.7421774,7.3375985,68100006,Avia,,Avia
way,787158924,45.2122926,5.8572881,38420004,Total,,Total
way,787470133,46.3216331,5.6562437,1590001,Avia,,Avia
way,788425814,45.1927419,6.2906494,,,,
way,788460350,45.8403697,1.2540181,87000003,Système U,,U Express
way,788460364,45.8403988,1.2536945,,,,
way,788524269,45.6255681,6.8555331,,Elan,,Elan
way,788672139,44.1461911,1.3534429,,Independent,,Jouany et Fils
way,788856119,42.6789582,2.8517131,66000016,TotalEnergies,,TotalEnergies Access
way,789215694,45.2271772,-0.5729206,33820001,Intermarché,,Intermarché
way,789700754,48.6636916,7.7648069,,AS 24,,AS 24
way,791288245,44.8500911,-0.6670019,33700022,Total Access,,Total Access
way,791288255,44.8503924,-0.6666190,33700022,Total Access,,Total Access
way,791374428,47.3018735,5.0240102,,TotalEnergies,,Total
way,793282901,45.9485742,-0.5006995,17400008,E.Leclerc,E. Leclerc,E.Leclerc
way,794859588,46.4270186,4.6614425,71250001,Avia,,Avia XPress
way,795894660,48.6977794,7.3762966,,E.Leclerc,,Leclerc
way,798022991,43.8582502,5.5973076,4280001,Station U,,Station U
way,801783231,43.1178178,0.7699765,31800008,E.Leclerc,,E. Leclerc
way,806804022,45.7346426,4.8181559,69002006,Esso,,Esso
way,807083456,49.5571838,0.9527604,76360004,TotalEnergies,,Total Contact
way,807846049,48.8288918,2.5688109,,TotalEnergies,,TotalEnergies
way,808790882,48.4959796,-2.7286237,22360001,Carrefour,Carrefour,Carrefour
way,813396537,46.3097080,6.3129884,74140002,,Carrefour Market,
way,813883022,48.0299244,-4.5594026,29770001,Total,,Total
way,818136387,45.2938583,-0.2391599,17210004,,,KM488
way,819495897,48.9977647,7.3793437,57620002,Intermarché,Intermarché Contact Lemberg,Station-service Intermarché
way,820396835,44.9933092,-0.6936916,33460003,Total Access,,
way,821404691,48.7064180,0.2226860,61240001,Total,,Total
way,821585167,44.5705071,6.1807730,5230004,Élan,,
way,822143403,46.0022720,6.1831475,74570004,Carrefour,Carrefour Market,Carrefour Market
way,822847739,45.9104135,6.1500176,74960001,Carrefour,,
way,823093307,46.2976327,6.3060721,74140005,Intermarché,,Intermarché
way,823115283,46.1139449,3.4152077,3700004,E. Leclerc,E. Leclerc,Station-service E. Leclerc
way,824824401,49.0148381,1.3846232,27120001,Carrefour,,Carrefour
way,825108350,48.5161584,-3.5836376,29650001,Super U,,
way,825151229,48.8371957,2.5455194,,TotalEnergies,,TotalEnergies
way,825284672,46.9942214,-0.9488025,85290006,Super U,,Super U Station
way,828506450,43.4960071,1.5200968,31450006,Intermarché,,Intermarché
way,829416998,49.3900464,0.6114748,27500003,Total,,Total
way,830280826,50.6859677,3.0820719,,,,
way,833158437,48.7223039,-1.1667028,50370002,Super U,Super U,Super U
way,833163272,48.7512980,-1.0674705,50670001,,,Station-service municipale
way,833523426,49.0270912,2.3392620,95330010,TotalEnergies,,Total
way,833600779,49.6409278,2.2780217,60120005,E.Leclerc,E. Leclerc,Station Service E. Leclerc
way,835788051,45.9784160,4.3202177,69550003,Intermarché,Groupement des Mousquetaires,Intermarché Super
way,835788716,45.7539526,4.7774658,69005005,Avia,Avia,Avia
way,835789047,46.2332392,4.7146700,,,Garage de Juliénas,Garage de Juliénas
way,837357798,45.3384353,2.7614854,15190001,Esso,,
way,837357996,45.3388307,2.7590277,15190004,Carrefour,,
way,838541209,49.3491322,4.2092847,,,,
way,838954972,47.9159169,7.2065336,68500003,U,Système U,Station U Express
way,839326852,48.4151603,2.7198543,77210002,Carrefour,,Carrefour
way,840982463,43.3038062,2.9023572,11120003,Intermarché,,Intermarché
way,841787391,47.7967374,3.5464421,89000011,Carrefour,Carrefour,Carrefour market
way,842164335,48.4168557,2.7076462,77300001,TotalEnergies,,Total Foch
way,842342793,45.6861485,-0.1690251,16200003,Intermarché,,
way,843327217,50.6812702,3.0624662,59520003,Intermarché,,Intermarché
way,845363486,44.1054443,-0.5472112,40420002,Intermarché,,Intermarché
way,847092816,43.3200854,-0.7569413,,,,Carrefour Express
way,847954172,43.5346377,1.4796106,31520003,Intermarché,,Intermarché
way,851013613,48.4902366,-2.7639233,22950003,Intermarché,Groupement des Mousquetaires,Intermarché
way,851784971,46.5782558,1.5315505,36200001,Carrefour,,Carrefour Market
way,852550057,47.1468419,-0.5219128,49310001,Super U,Super U,Super U Vihiers
way,854317123,44.6113859,-1.1473798,33260005,Intermarché,Groupement des Mousquetaires,Intermarché
way,858410437,45.7236297,5.2238128,38460004,,,Allarousse Combustibles
way,859174306,43.8229195,5.0145513,13750004,AS 24,,AS 24
way,860420530,47.2473747,6.8792973,25450001,Avia,,
way,860988145,48.8272056,7.7924530,67500013,Intermarché,Intermarché,Intermarché
way,862094950,49.6637124,5.0449414,,,,
way,862825041,47.3162756,0.7107986,37170006,Total Access,,Total Access
way,863057995,44.9245626,5.7825441,38350007,Carrefour Market,,Carrefour Market
way,863125570,44.0142506,4.8905009,,Avia,,
way,863244007,45.5583162,-0.1845086,,,,
way,865053946,48.4613983,-2.5139637,22400004,E.Leclerc,E. Leclerc,Station Service E. Leclerc
way,865294841,43.7606781,3.8656331,34270001,Intermarché,Groupement des Mousquetaires,Intermarché
way,865679696,48.1203680,-1.5312126,35530001,E.Leclerc,,Station Service E. Leclerc
way,866399023,45.8009246,4.7864849,69410007,TotalEnergies,,Total Access
way,868466153,45.3413032,5.1973818,38260008,Elan,,
way,872946211,-16.7293766,-151.4433979,,Shell,,Station service Shell Tapioi
way,872946212,-16.7293200,-151.4433399,,,,Station service Shell Tapioi
way,873155240,42.7791611,2.9000813,,,,
way,873155241,42.7790165,2.9002955,,,,
way,873199325,-16.7249926,-151.4489666,,,,Station service Total
way,873199326,-16.7249099,-151.4489376,,Total,,Station service Total
way,873199386,-16.7234705,-151.4525462,,Mobil,,Mobil
way,875110709,43.6091889,3.4625139,34800005,E.Leclerc,E.Leclerc,Station Service E.Leclerc
way,875295650,45.5024631,4.8505181,38200019,,Monoprix,Monoprix
way,876110402,46.0414285,4.0814956,42300010,Dyneff,,Dyneff
way,879896220,45.3584492,-1.0550225,33930002,Carrefour,,Carrefour Contact
way,880586094,49.8427685,3.2401636,,,GazUP,Station GNV
way,880597742,45.7128294,4.9618307,,Engie,,
way,880675506,46.7817005,-1.1803509,,,Vendée énergie,
way,880707174,47.2573239,0.6789937,,Engie,,Engie
way,880746800,48.6157434,6.2104183,,Air Liquide,Air Liquide,L/CNG station
way,880748462,50.5819017,3.1078220,,Air Liquide,Air Liquide,L/CNG station
way,880750309,48.7057828,2.5933286,,Air Liquide,Air Liquide,L-Cng station
way,880755033,50.4537389,2.8207622,,Air Liquide,Air Liquide,CNG station
way,880756752,44.7137709,-0.7291549,,Air Liquide,Air Liquide,
way,880760515,45.8416290,5.2633204,,Air Liquide,Air Liquide,
way,880899433,43.4901704,5.3679250,,Engie,Engie,Station ENGIE Gaz Naturel Véhicule
way,880964344,44.9141232,-0.4874344,33560002,AS24,AS24,AS24
way,880975081,47.6127792,1.3319557,,AS 24,AS24,AS 24
way,881020446,48.0992332,-1.6254777,,AS24,AS24,
way,881041283,48.1264163,-2.2299472,,Air Liquide,Air Liquide,
way,881044683,46.5367650,3.3627130,,GN Drive,,
way,881060616,45.5448669,4.3065944,,Air Liquide,Air Liquide,
way,881227492,43.8971399,1.1352784,82600004,Aire C,SARL Val Fleuri,Aire C
way,881867870,47.1542764,-1.5465628,,AS 24,,AS 24
way,881874756,49.9346154,2.2570384,,Air Liquide,Air Liquide,
way,881900073,47.8519798,3.5503232,,Air Liquide,Air Liquide,
way,881906434,47.0447877,2.3508988,,Engie,Engie Solutions,
way,881921708,49.8188447,3.3014048,,Air Liquide,Air Liquide,Station GNV Air Liquide
way,881929264,50.6617600,2.3959524,,Air Liquide,Air Liquide,
way,881933556,48.0616980,3.0959620,,Air Liquide,Air Liquide,
way,881988092,46.6108161,0.3161105,,Naturgy,Gas Natural Europe,
way,882468778,45.2902783,-0.4095428,17130004,Intermarché,,
way,883726232,49.0180766,2.2201500,,Esso,ESSO,Esso
way,884147563,43.3212508,-0.3180179,,,GNVert,Hydrogène
way,884318321,49.2324571,-0.2932558,14550001,Système U,,Hyper U
way,886800499,47.7609720,5.3077986,,,Intermarché,Intermarché Longeau
way,888606371,48.7846621,0.2958472,61230007,Intermarché,,Intermarché
way,888981389,46.8074392,5.5810104,,,,
way,888981390,46.8072115,5.5813483,,,,
way,892081775,47.8244848,6.7002958,,,,
way,893421536,48.7999215,2.1325684,78000008,TotalEnergies,,TotalEnergies
way,895833944,44.8838575,-0.5631462,33080001,Auchan,,Auchan
way,897735588,47.0893523,3.1948354,58130001,,Groupement des Mousquetaires,
way,899890256,47.5590126,-2.5118516,56190001,Super U,,
way,899902805,43.5502055,3.7152252,34660001,Intermarché,,
way,900805886,47.9796066,3.3813751,89300002,Intermarché,Groupement des Mousquetaires,Intermarché
way,900914327,45.1181091,4.9704165,26260001,Super U,,Super U
way,902351739,48.5431231,-2.2064367,,Elan,,
way,903477997,45.9663528,1.4881046,,Avia,ESAT,Avia
way,904178453,47.5730708,1.3691723,,,,
way,904345359,43.3059290,-0.4029020,64140005,Total,,Relais Mohédan
way,906990165,47.1500423,6.3365624,,Super U,Super U,Super U
way,907090487,47.4537712,-0.5539614,49000012,TotalEnergies,,TotalEnergies
way,907479170,49.2431077,6.2097852,,,,
way,909072578,48.5403688,7.7841514,,AS 24,,AS 24
way,909333161,43.2953257,-0.3235102,64320003,Super U,,
way,909746477,49.1258755,3.5365344,2130005,Avia,Avia,Aviaxpress
way,910091652,46.2068924,4.3133603,71170003,Intermarché,Groupement des Mousquetaires,Intermarché
way,911725201,44.3936870,0.6917123,47300008,Système U,,Système U
way,911869133,48.4172850,-1.7492389,35270003,Intermarché,,Intermarché
way,917399709,43.3916720,1.2668544,31410004,Intermarché,,Intermarché
way,917800592,43.1273613,5.9896126,,,Mairie de La Valette du Var,lot 1454
way,918394048,46.8207847,3.4512351,58300005,Intermarché,Groupement des Mousquetaires,Intermarché
way,919597490,45.8427892,1.2523260,87100006,Super U,Super U,Super U
way,919829401,48.2868639,-0.6253275,,Super U,La Motte,La Station U
way,921845768,44.5395894,-0.2672190,,,Gaz'up,Gaz'up
way,926010394,48.7205240,7.6959246,67170009,BP,,BP
way,926260443,16.1876359,-61.6070001,,TotalEnergies,,Total
way,926260451,16.1872952,-61.6076987,,TotalEnergies,,Total
way,926303907,49.0488744,7.4289016,57230001,Supermarchés Match,Supermarchés Match,Station-service Match
way,930378676,46.0589714,3.1106616,,Total,,Relais Les Volcans d'Auvergne Ouest PL
way,930378744,46.0578472,3.1167099,63440003,TotalEnergies,TotalEnergies,Relais Les Volcans d'Auvergne Est VL
way,935264148,47.8065354,3.5881969,,,Hynamics,Station AuxHYGen
way,935470215,44.8945782,2.4016785,15000017,Carrefour,,Carrefour
way,936831217,43.4542728,1.5867178,31450003,Intermarché,,
way,938169219,46.1336872,3.4527439,3300002,TotalEnergies,TotalEnergies,TotalEnergies
way,938446850,47.6532565,-2.7140330,,endesa,endesa,station GNV
way,942213953,46.7351656,-1.5956714,85190002,Total,,Total
way,943509759,49.5977259,-1.2997574,,TotalEnergies,Garage Renault Olivier Osmont,TotalEnergies
way,943509777,49.5989304,-1.2993046,50630001,Intermarché,Groupement des Mousquetaires,Intermarché
way,944000436,50.4237682,2.8199395,62300014,Total Access,,Total Access
way,945477912,46.0093914,0.0803858,,,,
way,946576448,47.4476243,6.5802823,25250002,Intermarché,Groupement des Mousquetaires,Intermarché
way,946609446,47.1539194,1.1975288,,,,
way,948636340,48.7687286,0.8111046,,,,
way,949288710,43.9302728,3.7059532,34190001,Système U,Super U,Super U
way,953305638,44.3757521,2.5459500,,,,
way,956403658,49.5618381,1.9106004,,,,
way,957597719,45.6093714,5.8859687,,,,
way,959680986,48.1999929,-4.0880752,29150003,E.Leclerc,E. Leclerc,Station Service E. Leclerc
way,962165950,45.4019935,3.1297707,,,,
way,962298095,48.4265585,-4.5721280,29820001,E. Leclerc,E. Leclerc,Station Service E. Leclerc
way,966542827,48.5202597,-0.8029525,,,,
way,971163622,45.8856237,4.8939759,1390011,Shell,,Shell
way,971327154,48.9570356,2.2803826,95100030,TotalEnergies,,Relais TotalEnergies de Jolival
way,971362277,48.7781743,2.4578546,,Carrefour,,Carrefour
way,972053481,45.3258772,4.8075143,38150010,TotalEnergies,,TotalEnergies
way,972593541,48.7042809,2.2537883,91140002,TotalEnergies,,Total Access
way,974331860,44.8362559,4.9688502,26000018,,Gamm Vert,
way,976097333,50.3457853,3.4772260,59174003,Intermarché,Intermarché,Intermarché
way,976468724,50.1431106,3.2643148,,,,
way,979503133,46.3965027,6.5718673,74500011,Avia,Thevenin & Ducrot,Avia Express
way,980529942,48.6862380,2.2204928,91140003,Costco,Costco,Costco
way,981220192,44.8607995,-0.6121090,,TotalEnergies,,Total
way,983561509,45.6279457,6.3292546,,,,
way,983624208,42.6353618,2.9865351,,,Éléphant Bleu,
way,986033418,47.9742557,3.1993371,,TotalEnergies,,TotalEnergies
way,986033419,47.9744524,3.1991729,89116003,TotalEnergies,Total,Relais Total De La Couline
way,986646048,48.0025058,0.1850414,72000003,Système U,,Station U
way,987110934,45.3308089,1.0444995,24160001,Super U,Super U,Super U
way,987206344,46.8416682,6.3948870,25300012,Guinchard Jacquin,Sarl Guinchard Jacquin,
way,988358811,48.7962593,2.4930172,94100005,Carrefour Market,,Carrefour Market
way,991984643,48.4337957,-4.4349629,,,Énergie en Finistère,
way,993079279,48.8437665,7.0205244,57930002,Total,,Total
way,993350401,44.0388133,1.3816264,82000010,E.Leclerc,E. Leclerc,E. Leclerc Station Service
way,994994321,44.0625988,1.0972698,82100004,E.Leclerc,E. Leclerc,Station Service E. Leclerc
way,995486770,45.6209575,-0.2241659,16130002,,,Ets Denis
way,997767687,49.6655673,-1.2702986,50760001,Carrefour Contact,,Carrefour Contact
way,997795061,49.6531211,-1.5483909,50110006,Carrefour Contact,Carrefour,Carrefour Contact
way,998582675,-22.2921430,166.4475964,,Mobil,,Mobil Michel Ange
way,1000631763,47.0577576,6.6701372,25130001,Avia,,Avia XPress
way,1001387246,45.2418490,-0.2693148,,,,Station de la Petite Gare
way,1001435809,43.7079532,7.2516437,6000028,Total,Total,Total
way,1005903821,42.6629068,2.8452700,66680001,Intermarché,,Intermarché
way,1006425664,48.7429664,1.3901145,28100006,Total Access,Total,Total Access
way,1006529909,48.7493385,0.9307294,,Carrefour,,Carrefour
way,1006554864,48.9348174,2.8829190,77100015,Carrefour Market,,Carrefour Market
way,1006619857,43.7076785,7.2556661,6000032,Esso,BP,Esso
way,1007775601,45.4422973,4.4194036,42100022,Auchan,,Auchan
way,1008681463,47.3953733,4.5482333,21350001,Avia,,Avia Xpress
way,1008971284,42.7790840,2.9000887,,Total Access,,Total Access
way,1009178585,45.7522218,5.1455169,38230005,E.Leclerc,,E. Leclerc
way,1010342018,49.6869026,1.0462396,76890001,Intermarché,,Intermarché
way,1013121157,43.3265627,3.0515511,34310002,Intermarché,,Intermarché
way,1013135018,43.6891911,3.3537931,34700005,E.Leclerc,,E.Leclerc
way,1013532194,44.7579195,0.4231086,,,,
way,1014462413,48.4686016,1.5800644,,Shell,,Shell
way,1014635194,47.0994365,-1.2818702,44190008,E.Leclerc,E. Leclerc,E. Leclerc
way,1016400378,44.8991211,2.4182796,,,,Station JET et 100LL
way,1017227914,46.1159293,3.4378387,3200002,TotalEnergies,TotalEnergies,TotalEnergies - Vernet
way,1018534217,46.0309905,-0.3479151,17470001,Intermarché,Intermarché,Station-Service
way,1018547445,44.1056828,4.6616961,30290001,Système U,,Station U
way,1018574506,48.5872926,-3.8137256,29600002,E.Leclerc,,Station Service E.Leclerc
way,1018748786,43.3390864,-0.3790512,64000007,Esso Express,Certas Energy France,Esso Express Hippodrome Pau
way,1018755471,47.3952932,-2.3038302,44410006,Intermarché,,Intermarché
way,1018760929,44.8169018,-0.5481623,,Esso Express,,Esso Express
way,1019384754,44.7133503,-0.3943492,33550002,Intermarché,,Intermarché
way,1020317575,47.5179056,-2.2956520,56130002,Carrefour,,Carrefour
way,1020511180,47.3795224,0.6693743,37000007,Carrefour Market,,Carrefour Market
way,1022510786,43.1871649,2.7509761,11200006,Intermarché,Groupement des Mousquetaires,Intermarché
way,1023312976,43.2521168,1.5649116,9700001,Intermarché,,Intermarché
way,1023342490,49.1498947,-0.3516642,14123005,Système U,,Station U
way,1023430990,45.4216326,5.8615922,38380004,,,Station Communale des Entremonts en Chartreuse
way,1023726653,43.0976817,-1.4266987,,,,Garatea
way,1024235325,41.6047154,9.2770526,,Vito,,Vito
way,1024235332,41.6042793,9.2773064,20538001,Vito,,Vito
way,1026445973,44.8739906,-0.4291865,33450008,,,Station Service Intermarché
way,1028599109,48.8521490,3.2326502,,,,
way,1030406709,45.9317708,4.9584497,,,,
way,1033768135,49.3722472,0.6275065,27350003,Total,,Total
way,1033848759,49.4490627,1.0277541,76380003,Intermarché,,Intermarché
way,1034135348,50.5410782,2.7964596,62138005,E.Leclerc,,E. Leclerc
way,1035105023,47.0480469,6.4857986,25650003,Garage Pourchet,Garage Pourchet,Renault Pourchet
way,1037087297,43.6738407,5.8476719,83560008,Intermarché,,Intermarché
way,1037153463,44.8069988,-0.5734023,,,,
way,1037401441,43.4484685,6.6987940,,V-GAS,Proviridis,V-GAS
way,1038320555,45.5633139,5.9652942,,,,
way,1041423731,43.4852508,2.7530461,,Dyneff,,Dyneff
way,1042252359,46.0693630,6.3079322,,TotalEnergies,,TotalEnergies
way,1043622928,-22.0177015,166.2273804,,,,
way,1043622952,-22.0151108,166.2252262,,,,
way,1043740868,47.7341261,-3.4276921,56270003,Carrefour,,
way,1043744499,47.7276320,-3.3824509,56260001,E.Leclerc,E. Leclerc,Station Service E. Leclerc - Larmor
way,1043753000,47.7023095,-3.4351222,56270006,Intermarché,Intermarché,Intermarché
way,1044433858,43.7093135,4.6364826,13200006,V-Gas,OG Clean Fuels,Station GNV
way,1046800925,43.6509577,3.9480221,,Primagaz-Avia,Primagaz,Primagaz Avia Salaison
way,1048567059,50.4525353,2.9769882,,,,
way,1051793466,47.6437466,-2.7433037,56000003,Carrefour,,Carrefour
way,1054681682,48.9447232,2.2070230,95100032,Total Access,,Total Access
way,1057857337,49.0411778,2.3429579,95570007,Esso Express,,Esso Express
way,1059309286,48.7757377,-3.2470321,22220003,Intermarché,,Intermarché
way,1060480690,45.2337932,5.6681828,,,Gaz et Électricité de Grenoble,GEG
way,1062292630,45.7884527,4.9093904,,,Atsa&Co,Atsa&Co
way,1070679531,48.9169538,6.0644852,54700009,,,Match
way,1071066450,44.8779916,-0.6233994,,Esso Express,,Esso Express
way,1074460728,48.2983756,-0.6338103,53102002,,,E.Leclerc
way,1075009533,50.4182002,2.9472169,62110003,Total,,Total
way,1075563135,45.5419371,3.7288728,63600001,Carrefour Market,Carrefour,Station-service Carrefour Market
way,1075954180,43.2981895,1.9571938,11400005,Intermarché,Intermarché,Intermarché
way,1077531597,43.8714333,-1.1327187,,AS 24,,AS 24
way,1079418781,48.7313626,4.2056353,51320003,Total Access,,Total Access
way,1080489769,48.0112401,0.1770576,,,,
way,1082143885,48.6354554,-1.8993721,35350003,Intermarché,Groupement des Mousquetaires,Intermarché
way,1083485516,48.7695833,-3.5707864,22560001,Intermarché,Groupement des Mousquetaires,Intermarché
way,1084390878,49.3615332,0.8646573,27310009,TotalEnergies,,Total
way,1087046648,48.2797872,7.3898583,67730001,E.Leclerc,,Station Service Total - Garage Walter
way,1089063942,43.5434739,1.4003840,,Avia,AVIA,Avia
way,1089655396,44.3861532,5.0075273,84601001,E.Leclerc,E. Leclerc,Station Service E. Leclerc
way,1091933069,45.5773023,5.0401815,38780003,Système U,,Système U
way,1092206126,48.5387669,7.5815106,67120006,E.Leclerc,,E. Leclerc
way,1092238453,-20.9360574,165.3433817,,Mobil,,Station Mobil
way,1093558762,45.8229960,4.9975938,1700004,E.Leclerc,,Station Service E. Leclerc
way,1097460583,45.6462530,3.2272549,63270002,Super U,,Super U
way,1101562151,49.1406346,4.2283190,,,,
way,1102559214,48.0520744,0.1836786,,AS 24,,AS 24
way,1102596641,48.5780928,2.2579291,91290005,Netto,Netto,Netto
way,1103763956,45.8529210,5.0596884,,Super U,,Super U Drive
way,1104741066,14.5461386,-60.8434269,,Esso,,Esso
way,1105840385,45.2888969,5.6402889,38340015,La Station U,Super U Voreppe,La Station U
way,1106022642,46.3494248,5.1238632,1340003,Intermarché,,Intermarché
way,1107092105,48.2717255,6.9695490,88100006,Carrefour,Carrefour,Carrefour
way,1108962646,48.9398944,7.0854704,67260011,Carrefour,,Carrefour
way,1110509854,14.7118785,-61.0036969,,Total,,Total
way,1111561962,45.6449408,5.1326015,,Intermarché,Intermarché,Intermarché
way,1112046210,46.2890706,-0.5108566,79000014,E.Leclerc,,Station Service E. Leclerc
way,1113574356,49.3476158,6.0380718,,Super U,Super U,La Station U
way,1117445683,43.8383262,4.3720716,30000006,Esso Express,,Esso express
way,1118901916,45.8084518,5.8529209,,TotalEnergies,,TotalEnergies
way,1120167787,47.9657111,-2.5442039,,U,,U Ėnergie
way,1120309898,45.5303549,2.1420713,19250006,Netto,,Netto
way,1120868897,45.0648290,5.2673581,38680001,Comptoir Énergie,Comptoir Plus,Comptoir Énergie
way,1121209444,50.2009424,3.2041613,,,,Gaz'up
way,1122253164,43.4482641,6.4734964,83460004,Super U,,Super U
way,1124995596,47.7014642,-0.0919588,,Carrefour,Carrefour,Carrefour
way,1125735135,4.5657222,-52.4667932,,Vito,Vito,Vito
way,1132167284,48.7437376,1.9153413,,,,
way,1133155964,48.3153141,-3.0539613,,,,
way,1134268514,44.3115184,4.6857507,84840003,U,,Station Service Utile Lapalud
way,1143839083,49.4022924,2.7355262,60680003,AS 24,,AS 24
way,1150160972,49.6198205,1.5375740,76440003,Système U,,Système U
way,1151264220,45.2332748,5.6686543,,,,Station Hydrogène
way,1154072665,45.8923670,-0.6037934,17350001,Shell,,Shell
way,1154110653,45.8923519,-0.6042806,,,,
way,1159666067,49.2307065,4.0649202,,,,
way,1160164464,46.7357827,2.4911090,18200005,Intermarché,Groupement des Mousquetaires,Intermarché
way,1160659257,46.0311037,-0.3481893,17470001,Intermarché,,Guichet de paiement Station-Service
way,1160691613,46.2459401,-0.4740945,,,,Station BioGNV
way,1164436804,48.5509708,-4.6972438,,Total,,Total Énergie
way,1164819758,45.7452935,5.1826284,38230003,E.Leclerc,E. Leclerc,Station service E. Leclerc
way,1169027002,49.1361265,2.8011497,60440001,Intermarché,,Intermarché
way,1174276799,44.8485887,-0.4978827,33370006,Intermarché,,Intermarché
way,1176913896,43.4320808,5.2491829,,AS 24,,AS 24
way,1177805568,43.7159567,4.1329311,34400016,Esso,,Esso
way,1178552440,48.6699526,2.2772616,91620001,Carrefour,Carrefour,C. C. Carrefour
way,1179753490,48.7805963,2.1731977,,Total Access,,Total Access
way,1180171108,48.7452040,1.9630483,78320001,TotalEnergies,,Total Access
way,1182172249,47.4345663,3.5878536,58530001,Esso,,Esso
way,1184887534,-20.5805506,164.3034386,,Total,,Total
way,1188706228,43.8010660,5.8180387,,,,V-Gas Manosque
way,1192586090,48.3008568,-0.5863485,,,,
way,1196532780,46.4223863,0.2513463,,Elan,,TotalEnergie
way,1197028704,48.7464209,-2.9822955,,Intermarché,,Station Service Intermarché
way,1198089997,45.6588616,3.6607405,63480001,,,Station-service intercommunale de Marat 24/24
way,1198933125,49.3622277,3.4035846,2200012,Carrefour,,Carrefour
way,1200838015,43.0843787,1.8767987,9500003,Système U,,Système U
way,1202565851,45.0557475,4.3141169,43400001,Intermarché,Groupement des Mousquetaires,Intermarché
way,1204356371,49.2382065,2.4704184,,Carrefour,,Carrefour
way,1207185397,49.2885923,1.8062640,,E.Leclerc,,Station Service PL E. Leclerc
way,1208015074,47.3003148,-2.1761769,,V-Gas,Proviridis,
way,1208082715,47.8150044,-0.7058205,53200006,Intermarché,,Intermarché
way,1212446718,45.9441372,6.6367634,74700006,Avia,Avia,Avia
way,1212630879,44.6708009,1.7881931,46320002,TotalEnergies,,TotalEnergies
way,1215110614,49.4764662,1.1065789,76230009,Carrefour Market,Carrefour,Carrefour Market
way,1217610835,45.9091798,3.1320485,,,,Station GNC Riom
way,1218979248,50.4986114,2.9448939,62220002,E. Leclerc,E. Leclerc,Station Service E. Leclerc
way,1219721588,44.5513391,6.2558097,5230007,Total Access,,Total Access
way,1220472281,49.2403904,-0.3272905,14112001,Carrefour,,
way,1221954124,48.4446756,-2.0688155,22104001,E.Leclerc,E. Leclerc,Station Service E. Leclerc
way,1222278635,48.1893790,2.2471070,45300003,E.Leclerc,,Station Service E.Leclerc
way,1223617764,45.7481846,4.9311488,,,,
way,1224887010,43.9414631,4.8350428,84000011,,SDIS84,
way,1226060808,-21.5960770,167.9079575,,,,Station Beaurivage
way,1227068814,47.9751987,4.4942351,10250002,Carrefour,,Carrefour
way,1227940495,47.7940251,7.1702775,,E.Leclerc,,Station Service E.Leclerc
way,1228948229,46.4959022,3.3613922,,Fulli,Fulli,Fulli - Aire du Bourbonnais (poids lourds)
way,1228948232,46.4975267,3.3621446,3400006,Fulli,Fulli,Aire du Bourbonnais
way,1231633706,-21.3545133,55.5649366,,Vito,,Vito
way,1232430907,49.0146381,0.1528296,14140001,,Groupement des Mousquetaires,
way,1234008379,-21.3726562,55.6033207,,TotalEnergies,,TotalEnergies
way,1234276356,-21.3595465,55.5946894,,Vito,,Vito
way,1234628599,48.0837825,7.3110936,68124002,E.Leclerc,,Station Service E.Leclerc
way,1235260639,49.4414048,1.1854784,76160003,Super U,,Super U
way,1235824030,49.5166631,0.1565712,76610004,TotalEnergies,,Total Relais Rouelles
way,1237123132,47.8763340,4.5685968,21400009,Avia,,Avia
way,1239939368,45.5098210,2.9354622,63610001,Auchan,Auchan,Auchan Supermarché
way,1244862453,44.4413726,-1.2415057,40600005,TotalEnergies,,TotalEnergies
way,1246939217,47.3913046,6.8475514,25310001,Carrefour Contact,,Carrefour Contact
way,1247349239,44.4595080,4.2153015,7230001,Netto,,Netto
way,1247740255,48.3815592,-4.3770865,29470004,La Station U,,Super U
way,1247740331,48.5090657,-4.0778614,29400001,Super U,,Super U
way,1250809193,42.6761600,2.6351094,,,Super U,
way,1254619369,48.5149296,-4.0537617,29400003,Esso Express,,Esso Express
way,1254736301,48.5181125,-4.0448519,,Energies en Finistère,Syndicat Départemental d’Énergie et d’Équipement du Finistère,Station Biogaz pour Véhicules
way,1255800760,47.9456072,0.1559049,,Engie,,
way,1256079192,48.5144787,-4.0576724,,AS 24,,AS24
way,1258592874,48.7641313,0.6189848,61300002,Intermarché,,Intermarché
way,1263202133,49.4314916,2.8370616,60280003,Intermarché,,Intermarché
way,1263712040,45.5774540,5.6310265,38480005,Avia,,Avia Romagnieu
way,1266796452,47.1147088,-1.9527976,44320002,Super U,Super U,Super U
way,1267235530,48.4639972,-4.2627419,29419001,E.Leclerc,,Station Service E. Leclerc
way,1267718184,48.3835408,-4.3483270,29470003,E.Leclerc,E.Leclerc,Station Service E.Leclerc
way,1267729648,48.3737051,2.9420396,77130005,E.Leclerc,,Station Service E.Leclerc
way,1268095603,44.0968537,5.1402177,84330004,Système U,,
way,1268482801,48.6520260,0.7610999,61190003,,,Station-service Charencey
way,1272814176,46.1995720,1.7597491,23320001,,,Carburant Service
way,1273584677,45.6667314,-0.9463295,17600003,Intermarché,Groupement des Mousquetaires,Intermarché
way,1274356217,45.8431153,3.5181607,63300005,Intermarché,Groupement des Mousquetaires,Intermarché
way,1282238795,43.5988583,4.9360735,13118001,Super U,Super U,Super U
way,1289090283,43.9548998,2.8907611,,Super U,,Super U
way,1289329147,48.1892631,7.3714474,,,,
way,1289441038,46.1426611,3.4129682,3200005,Carrefour,Carrefour,Carrefour
way,1290402928,47.4740561,3.5187242,,E.Leclerc,,Station Service E.Leclerc
way,1295005685,45.3245797,5.5681541,38430001,Carrefour Market,,
way,1296287305,48.7597755,0.6569212,,,,
way,1297482149,47.9111370,1.9707955,45800003,Carrefour Market,,Carrefour Market
way,1300284288,43.3074158,-0.3761177,64000017,Avia,Ducs 64,Avia
way,1300869306,50.3889348,3.1738991,59167003,Carrefour Contact,,Carrefour Contact
way,1300901176,43.5015941,1.3921704,,,,
way,1304422831,44.0364864,5.6284605,,TotalEnergies,,TotalEnergies
way,1304457895,47.8577067,6.8224422,88560003,Carrefour Contact,,Carrefour Contact
way,1305080955,48.4122761,-1.7456848,35270001,U,,U
way,1305727357,44.8767671,2.0238864,,TotalEnergies,,Total
way,1307817246,48.5757711,-4.3178723,29260007,Intermarché,,Intermarché
way,1307981854,48.5635584,-4.3392666,29260004,E.Leclerc,E. Leclerc,Station Service E. Leclerc
way,1309051289,48.0607043,-1.6119326,,Avia,,AVIA Gaz Naturel
way,1311234169,49.5891374,-1.2800655,50550003,Netto,,Netto
way,1311757319,48.6812060,6.1788533,54000009,Esso,Esso,Esso Express Jean Jaurès
way,1312238716,45.8842634,4.7060509,69380012,Intermarché,,Intermarché
way,1312329991,43.3219902,-0.3675250,64000015,Total Access,Cardy,Relais de Barincou
way,1312433810,44.8851356,4.8868143,,AS 24,,AS 24
way,1312434211,43.3186415,-0.3782033,64000016,Total Access,,Relais de Pau Mermoz
way,1312602079,43.3047599,-0.3297573,64000001,Auchan,Auchan carburant,Auchan
way,1312603784,43.3174981,-0.3564888,64000009,E.Leclerc,Pétrolec-sud,Station Service E.Leclerc
way,1312835594,47.7062798,1.9450253,45240003,Super U,,Super U
way,1312905939,46.2390893,1.4791991,,,,
way,1313811730,47.8556529,6.8113166,88560004,Avia XPress,,
way,1313822875,44.2058999,0.6355787,47000010,Avia,Avia,Avia
way,1315106843,47.8819289,4.5632188,21400001,Avia,Avia,Avia XPress
way,1315282621,46.1732407,1.8849334,,Avia,,AVIA
way,1315952317,48.8050409,-3.4597793,22700004,Intermarché,,Intermarché
way,1316227779,48.4361274,0.8875460,,,,
way,1316590309,47.9472672,0.1951725,,,ACO,Station Hydrogène
way,1317513132,44.5518762,6.2555363,5230008,Total Access,,Total Access
way,1318997506,47.1831342,3.0286179,58400002,,Groupement des Mousquetaires,carburants
way,1319689161,44.6536463,-0.3361439,33410003,Intermarché,,Pompe poids lourds
way,1320438771,48.6965974,1.4379989,,,,
way,1321652332,48.6378148,-1.9762768,,,,
way,1321850499,43.5859696,1.5018300,,,,
way,1324644994,43.6096175,5.0056710,13140005,,,Gas
way,1325006887,48.8808739,2.8055993,77700006,Super U,,Super U
way,1327198898,45.1975800,5.7804597,38240006,TotalEnergies,Total,TotalEnergies
way,1327208540,45.1149525,5.7057609,,,Gaz et Électricité de Grenoble,GEG
way,1330031403,47.2041492,5.8859094,25000021,Total,,Total
way,1330133197,45.6233318,6.7810195,,U,Super U,U Énergie
way,1330139961,45.6237388,6.7804966,,Intermarché,Intermarché,Gaz Intermarché
way,1332063740,45.7114033,4.6975942,,,ACOL,
way,1332428234,45.8690594,-0.3043942,17160001,Intermarché,,Intermarché
way,1333242138,46.1103298,5.9766677,,TotalEnergies,,Carburant TotalEnergies
way,1334351221,46.1279232,5.1626168,1960005,Intermarché,,Intermarché
way,1337500414,48.9223681,1.5944103,78980002,Total,,Total
way,1338126747,45.5941793,5.7805311,,,,
way,1340257365,45.3856073,1.1346489,24270005,Carrefour,,Carrefour
way,1340634917,48.3714050,5.7104726,88307001,E.Leclerc,,Station Service E.Leclerc
way,1341538161,45.5095387,6.6803777,,Total,,
way,1347102112,45.2549841,1.7586201,19000002,E.Leclerc,E. Leclerc,Station Service E.Leclerc
way,1347791673,44.8142373,-0.5244055,33270001,Auchan,Auchan,C. C. Auchan
way,1348087662,48.8394386,2.6590302,,,,Station Hydrogene Hysetco
way,1348383414,46.6809627,0.8513307,,Total,,Total
way,1349739269,45.0522493,1.4962140,,,,
way,1350370909,45.5434994,0.8137968,,,,
way,1352299849,44.9748017,-0.4324210,,,,
way,1352499797,47.6206482,5.5098834,70600003,Carrefour Contact,Ladatis,Carrefour Contact
way,1359861753,48.0049244,-1.8510639,,,,
way,1361137611,43.4414612,5.4338869,13320013,Esso,,Relais de la Salle
way,1361683982,43.3522592,5.4368646,13013002,Esso,,Esso
way,1362846100,49.3228652,0.3071270,14130010,Avia,,Avia
way,1363168238,45.2010703,6.2743473,,Elan,,Elan
way,1364123114,44.7431532,-0.7081355,,,,
way,1366174509,45.5308816,3.7272253,63600002,Intermarché,Groupement des Mousquetaires,Intermarché
way,1366637820,49.0200066,2.1421042,,AS 24,,AS 24
way,1369117998,-20.9094122,167.2551549,,,,
way,1369523102,46.7880368,-1.7064448,85190003,Avia,,Avia
way,1373301909,43.3560639,1.2365726,31410009,Carrefour Contact,,Carrefour Contact
way,1378887707,42.7748865,2.7107776,66310002,Carrefour,,Carrefour
way,1380425140,46.2389960,1.4948556,23300012,TotalEnergies,,TotalEnergies
way,1380464682,44.7864291,-0.5945950,33170010,Eni,,Eni
way,1380916910,43.9389865,-1.0906492,40260008,Avia,,Avia
way,1380916911,43.9367200,-1.0909818,40260011,Avia,,Avia
way,1380918167,49.2812709,4.0029911,51370002,E.Leclerc,E. Leclerc,E. Leclerc
way,1380918646,50.2821536,3.9699610,59600006,Total,Total,TotalEnergies
way,1380992178,50.5400795,3.0740146,59710007,TotalEnergies,,Total Access
way,1380994079,47.8203774,7.0827740,68620001,Super U,,Super U
way,1384371482,44.5973051,-1.1144263,,,,
way,1389889800,46.0268521,2.4960827,,Intermarché,,Intermarché
way,1390463149,45.8878879,6.1158125,,V-GAS,OG Clean Fuels,V-GAS
way,1390953942,50.2272188,3.0653489,62860006,Shell,,Shell
way,1390978298,50.2255295,3.0686513,62860007,BP,,BP
way,1393082401,44.8270260,-0.4471090,33370007,Système U,,Station U
way,1411831109,43.9123284,5.9157316,4700006,Carrefour Contact,,Carrefour contact
way,1413802387,44.0051761,4.9321821,84320001,Carrefour Market,,Carrefour Market
way,1414212793,48.6352063,-1.9924816,35400008,Intermarché,Groupement des Mousquetaires,Intermarché Super
way,1415601731,48.8841413,2.3639123,75010002,Avia,,Avia
way,1415657475,50.6047797,2.9532800,59320007,E.Leclerc,E. Leclerc,Station Service E.Leclerc
way,1416062989,50.5678188,1.9112784,62650002,Carrefour,,Carrefour
way,1416074362,43.4931160,-1.5182818,64604001,,E.Leclerc,E.Leclerc
way,1416308531,44.8675790,1.8757771,46400002,E.Leclerc,E. Leclerc,Station Service E. Leclerc
way,1416465191,48.1252083,5.1526711,52000006,E.Leclerc,Chaumondis,E. Leclerc
way,1418062635,48.5889108,-0.6437777,61700003,Carrefour,,Station-Service Carrefour Market Domfront
way,1418603619,49.7491258,0.8812968,,Caux Distribution,Caux Distribution,Caux Distribution
way,1418613125,49.3016087,1.1654101,27340001,Station U,,Station U
way,1418888896,48.8142371,-1.5445551,50380003,Intermarché,,Intermarché
way,1418929640,48.7160554,6.1755629,54220002,Match,,Match
way,1419700604,45.7529794,3.1517348,,,,
way,1420693755,49.1458280,0.2399775,14100008,Avia,,Avia
way,1420702818,48.8405228,-1.0433898,14380003,Avia,,Antar
way,1421535179,48.4716763,-4.3219185,29800004,E.Leclerc,,E. Leclerc
way,1421720596,48.6946620,2.5044870,91800009,BP,,BP
way,1422291660,48.9177284,2.4195667,,HysetCo,HysetCo,HysetCo
way,1423553321,49.6458011,-1.5982459,,,SPIE,Station hydrogène port de Cherbourg
way,1424073258,50.0684956,1.4274916,,,,Avitaillement avion
way,1424790514,45.4127654,0.9127866,24800003,,,Station Maguer
way,1425095508,45.8231407,-1.1023269,17320002,E. Leclerc,,
way,1427150637,48.1876177,3.3039707,,Carrefour,,Carrefour
way,1427305955,46.8558422,-1.8975369,85300002,E.Leclerc,,E.Leclerc Station Service
way,1427693912,46.4912463,1.9981551,,TotalEnergies,,TotalEnergies
way,1429910922,47.1137529,-1.9532696,,Super U,,Super U
way,1432515429,49.1278443,4.5355369,51600004,Carrefour Market,,Carrefour Market
way,1433998727,45.8018423,3.1324618,,,,
way,1435663414,48.4822794,-2.6452849,22120003,,,Remy Guguen
way,1443362435,46.9786990,-1.7989686,,,,
way,1444591766,48.7753355,2.6061626,,,,Station Hydrogene Hysetco
way,1444593093,48.7943811,2.4196124,,,,Station Hydrogene Hysetco
way,1449339794,43.2503508,5.5473734,13470001,Intermarché,,Intermarché
way,1449660245,48.9438049,2.4329693,,,,Station Hydrogene Hysetco
way,1450226286,48.8999664,2.3444709,,TotalEnergies,,TotalEnergies - Porte de Clignancourt
way,1451714529,44.1120696,0.8814469,82400003,Intermarché,,Intermarché carburants
way,1451974475,45.8209313,4.7602124,69570002,Esso Express,Esso,Esso Express Dardilly
way,1452591045,43.4983976,4.9793570,13800011,Auchan,,Auchan
way,1452619036,4.9365020,-52.3147575,,Vito,Vito,Vito
way,1453708079,4.9456287,-52.4979048,,Alldis,,
way,1454981182,47.9085228,-3.8382287,29140010,Carrefour Contact,,Carrefour Contact
way,1455506060,44.4225228,4.7119303,26290009,Total Petrol Access,,
way,1457439432,49.2100851,-0.3667679,14053001,Carrefour,,Carrefour
way,1457741420,48.3674695,2.8408766,,,Altens,Station GNV Altens MORET-LOING-ET-ORVANNE
way,1459583660,48.8691544,2.6785847,,,,
way,1459956703,4.8880853,-52.2848140,,Total,Total,Total
way,1464221920,45.8887216,6.1194058,,,HYmpulsion,HYmpulsion
way,1465226759,-22.4550754,-151.3415559,,,,Station service
way,1465557143,45.6854963,5.2858205,,,,
way,1467088142,45.5029932,6.5001516,73260001,Super U,,Super U
way,1470075910,45.3319823,3.8418390,,Super U,,Super U
way,1471482415,48.0336011,5.9747052,88410001,Carrefour,,Carrefour Express
way,1472450504,49.1422213,5.4084714,55100001,Carrefour,,Station-service Carrefour
way,1472887277,48.7783545,2.4378760,,,,H2 Créteil
way,1473316765,45.8694412,1.2687321,87280003,E.Leclerc,E. Leclerc,
way,1473440938,46.9983839,-1.8168212,44270001,Système U,,Station Super U
way,1481198899,49.6500254,-1.6494625,50120004,Système U,,Système U
way,1482807929,50.5062066,2.4787070,62260004,Super U,Super U,Super U
way,1483913390,43.4658939,5.6052142,13710001,Engie,Engie,Engie
way,1487361131,47.1229857,-2.1184747,44210003,Super U,Super U,Super U
way,1489535695,45.5948256,0.0693086,,Total,AS24,
way,1489811460,48.2549789,0.6948452,61260002,,Communal,
way,1490244026,48.7876086,2.1499473,78000005,Esso Express,Esso Express,Esso Express
way,1492921563,-16.7292606,-151.4434001,,,,Station service Shell Tapioi
way,1493223079,48.8013667,2.4935723,94100013,Avia,,Avia
way,1493330118,47.3503792,0.8311044,37270005,,,
way,1493628637,46.7724974,4.8599808,,Carrefour,,Station service Poids Lourds
way,1497621783,48.2334215,3.6260730,10160002,TotalEnergies,,ETS ETCHETO
way,1499402068,45.3874432,5.3674629,,TotalEnergies,,TotalEnergies
way,1501498421,45.9500069,-0.9265104,17430007,TotalEnergies,,Total Access
way,1505156973,44.5273628,0.1025428,47180002,Station U,,Station U
way,1512204588,4.8922490,-52.2898464,,Vito,Vito,Vito
way,1512217280,4.9360785,-52.3133792,,Sol,Sol,Sol
way,1512520023,46.4635668,5.9351898,,Avia,,Avia
way,1512704097,4.9439830,-52.3092432,,Vito,Vito,Vito
way,1512704631,4.9224685,-52.2820567,,Vito,Vito,Vito
way,1518465525,44.4301727,0.1298257,47250001,TotalEnergies,,Total
way,1518533102,47.0002895,3.1553379,,Avia,,Avia
way,1518808924,45.4607825,3.5368502,,TotalEnergies,De Cecco,TotalEnergies
way,1524035761,45.9337347,2.8357447,,,,Les Mousquetaires
way,1529737869,47.1114802,-2.0702532,44210002,Intermarché,Groupement des Mousquetaires,Intermarché
way,1533518314,44.0307621,1.0373341,,Avia,,Avia
way,1540856640,49.1046566,6.1792966,57000001,Match,Supermarchés Match,
way,1541261951,4.9250894,-52.3245970,,Vito,Vito,Vito
way,1545076940,46.7477975,4.4940950,71210009,TotalEnergies,,Total
way,1545950045,45.6424509,3.1840359,,,,
way,1546417398,44.1795855,6.6249618,,,,Haut-Verdon
way,1546570516,45.8112612,6.5066156,,,,Station-service du Val d’Arly
way,1547623519,45.8200232,0.0631181,,Avia,,SARL Laforesterie
way,1547647143,48.7003045,-0.3712607,,Elan,,Elan
way,1547936311,4.9308938,-52.3265136,,Sol,Groupe Sol,Sol
way,1548932530,45.4101685,3.7245875,,,,
way,1550382136,46.1323131,1.3712791,,Intermarché,,Intermarché
way,1551105728,49.2431010,0.3798284,27260002,Carrefour,,Carrefour
way,1551106503,49.3703264,0.2050086,14130008,TotalEnergies,,Total
way,1551276322,48.3288911,-1.8411085,35190003,Système U,,Station U
way,1551459526,48.8156566,-1.2899993,50800004,E.Leclerc,,Station service communale
way,1551461102,48.9195392,2.3939163,,,,
way,1551461103,48.9195308,2.3940123,,,,
way,1551751979,5.6582192,-53.7799470,,,,Tout pour l'auto
way,1552073478,50.5222557,2.6613114,62660004,TotalEnergies,,TotalEnergies
way,1552084271,50.4273072,2.8195646,62300005,Esso Express,,Esso Express
way,1552342743,49.4065645,1.1490346,76240006,Total Access,,Total Access
way,1558269915,50.1338865,4.8157941,8600002,,,Station L'Escale
way,1559286486,44.5835556,-0.0677049,33190004,Intermarché,Groupement des Mousquetaires,Intermarché
way,1559289244,46.1675221,1.8879951,,Carrefour,Carrefour,Carrefour
way,1559870891,43.9128541,1.9022159,81600003,Intermarché,Groupement des Mousquetaires,Intermarché
way,1560135996,48.0845843,-0.8154671,,,Endesa,Endesa
way,1561948743,48.0933184,-1.7938792,35650002,Super U,,Super U
way,1561953746,47.8724728,-1.8771447,35550006,TotalEnergies,,TotalEnergies
way,1562934273,48.1082660,-1.5149435,,TotalEnergies,,TotalEnergies
way,1563254635,44.5887604,4.1231463,,,,
way,1566287783,48.2321648,-2.7290489,,,Garage des Bruyères,
way,1566439771,47.2466668,6.8098596,25120004,E.Leclerc,Intermarché,Station Service Intermarché
relation,6329129,-22.2514718,166.4533288,,,,Pétrocal
relation,10242328,-17.5671798,-149.6136681,,Total,Total,Total
relation,10902818,47.4222605,5.1705434,21490003,Total,Total,Total
relation,12556223,14.7475296,-61.1779784,,Total,Total,Total
relation,16119122,49.4886853,0.5661583,76330003,Esso,Esso,Esso
relation,16142812,47.8726419,-3.0209005,56150005,Total,,Total
relation,17806521,44.6576238,1.5685788,46240003,Avia,Avia,Avia
relation,17806522,44.6582678,1.5680757,46240003,Avia,Avia,Avia
relation,19392052,49.0720056,4.7880740,51800015,Eni,,Eni
relation,19394301,49.1326660,6.6607565,57740008,Esso,,Esso
relation,19395202,49.1341120,6.6582789,57740010,Eni,Shell,Eni
relation,19436911,50.4045512,2.7449215,62143003,Esso,Esso,Esso
relation,20404206,-16.7326432,-151.4396637,,,,Station service Pacific
